position_id,x,y,z,hour,utci,mrt,air_temp,wind_speed,relative_humidity,comfort_category,datetime
position_0,-2470.81,-619.8652,1.5,13,37.4,56.632342828824015,34.4,5.1,41,hot,2017-08-15 13:00:00
position_1,-2470.81,-609.8652,1.5,13,37.4,56.322034673125664,34.4,5.1,41,hot,2017-08-15 13:00:00
position_2,-2470.81,-599.8652,1.5,13,37.4,56.632342828824015,34.4,5.1,41,hot,2017-08-15 13:00:00
position_3,-2470.81,-589.8652,1.5,13,37.3,56.011726517427306,34.4,5.1,41,hot,2017-08-15 13:00:00
position_4,-2470.81,-579.8652,1.5,13,37.3,56.01850749523485,34.4,5.1,41,hot,2017-08-15 13:00:00
position_5,-2470.81,-569.8652,1.5,13,36.9,53.96675784838742,34.4,5.1,41,hot,2017-08-15 13:00:00
position_6,-2470.81,-559.8652,1.5,13,35.1,45.700658211435815,34.4,5.1,41,hot,2017-08-15 13:00:00
position_7,-2470.81,-549.8652,1.5,13,35.8,49.243007609083165,34.4,5.1,41,hot,2017-08-15 13:00:00
position_8,-2470.81,-539.8652,1.5,13,36.2,50.934937837849986,34.4,5.1,41,hot,2017-08-15 13:00:00
position_9,-2470.81,-529.8652,1.5,13,36.5,52.194574503031596,34.4,5.1,41,hot,2017-08-15 13:00:00
position_10,-2470.81,-519.8652,1.5,13,36.3,51.19649209213768,34.4,5.1,41,hot,2017-08-15 13:00:00
position_11,-2470.81,-509.86519999999996,1.5,13,36.8,53.666468299492976,34.4,5.1,41,hot,2017-08-15 13:00:00
position_12,-2470.81,-499.86519999999996,1.5,13,36.7,53.266037472266504,34.4,5.1,41,hot,2017-08-15 13:00:00
position_13,-2470.81,-489.86519999999996,1.5,13,36.6,52.941830662644904,34.4,5.1,41,hot,2017-08-15 13:00:00
position_14,-2470.81,-479.86519999999996,1.5,13,36.1,50.30367599059494,34.4,5.1,41,hot,2017-08-15 13:00:00
position_15,-2470.81,-469.86519999999996,1.5,13,35.1,45.80122776851648,34.4,5.1,41,hot,2017-08-15 13:00:00
position_16,-2470.81,-459.86519999999996,1.5,13,35.1,45.654363060961316,34.4,5.1,41,hot,2017-08-15 13:00:00
position_17,-2470.81,-449.86519999999996,1.5,13,35.9,49.69715698307095,34.4,5.1,41,hot,2017-08-15 13:00:00
position_18,-2470.81,-439.86519999999996,1.5,13,36.2,50.94179558401483,34.4,5.1,41,hot,2017-08-15 13:00:00
position_19,-2470.81,-429.86519999999996,1.5,13,35.1,45.686927906666654,34.4,5.1,41,hot,2017-08-15 13:00:00
position_20,-2470.81,-419.86519999999996,1.5,13,35.9,49.465348434320056,34.4,5.1,41,hot,2017-08-15 13:00:00
position_21,-2470.81,-409.86519999999996,1.5,13,36.4,52.00424777667613,34.4,5.1,41,hot,2017-08-15 13:00:00
position_22,-2470.81,-399.86519999999996,1.5,13,36.9,54.32537459450898,34.4,5.1,41,hot,2017-08-15 13:00:00
position_23,-2470.81,-389.86519999999996,1.5,13,37.0,54.77049389463387,34.4,5.1,41,hot,2017-08-15 13:00:00
position_24,-2470.81,-379.86519999999996,1.5,13,36.9,54.170220516659796,34.4,5.1,41,hot,2017-08-15 13:00:00
position_25,-2470.81,-369.86519999999996,1.5,13,36.9,54.31164428973981,34.4,5.1,41,hot,2017-08-15 13:00:00
position_26,-2470.81,-359.86519999999996,1.5,13,36.9,54.13926234853053,34.4,5.1,41,hot,2017-08-15 13:00:00
position_27,-2470.81,-349.86519999999996,1.5,13,36.7,53.23205581451519,34.4,5.1,41,hot,2017-08-15 13:00:00
position_28,-2470.81,-339.86519999999996,1.5,13,35.3,46.597677789493176,34.4,5.1,41,hot,2017-08-15 13:00:00
position_29,-2470.81,-329.86519999999996,1.5,13,35.3,46.7460508895348,34.4,5.1,41,hot,2017-08-15 13:00:00
position_30,-2470.81,-319.86519999999996,1.5,13,35.3,46.7460508895348,34.4,5.1,41,hot,2017-08-15 13:00:00
position_31,-2470.81,-309.86519999999996,1.5,13,36.6,52.91948755854276,34.4,5.1,41,hot,2017-08-15 13:00:00
position_32,-2470.81,-299.86519999999996,1.5,13,37.1,54.92547962332898,34.4,5.1,41,hot,2017-08-15 13:00:00
position_33,-2470.81,-289.86519999999996,1.5,13,37.1,55.08080205033223,34.4,5.1,41,hot,2017-08-15 13:00:00
position_34,-2470.81,-279.86519999999996,1.5,13,36.9,53.9669261975415,34.4,5.1,41,hot,2017-08-15 13:00:00
position_35,-2470.81,-269.86519999999996,1.5,13,36.6,52.61130213245776,34.4,5.1,41,hot,2017-08-15 13:00:00
position_36,-2470.81,-259.86519999999996,1.5,13,36.3,51.42236295166541,34.4,5.1,41,hot,2017-08-15 13:00:00
position_37,-2470.81,-249.86519999999996,1.5,13,36.3,51.228461898005406,34.4,5.1,41,hot,2017-08-15 13:00:00
position_38,-2470.81,-239.86519999999996,1.5,13,36.6,52.68241240652714,34.4,5.1,41,hot,2017-08-15 13:00:00
position_39,-2470.81,-229.86519999999996,1.5,13,36.7,53.11109753379165,34.4,5.1,41,hot,2017-08-15 13:00:00
position_40,-2470.81,-219.86519999999996,1.5,13,35.2,46.39266972293348,34.4,5.1,41,hot,2017-08-15 13:00:00
position_41,-2470.81,-209.86519999999996,1.5,13,35.2,46.2684170184183,34.4,5.1,41,hot,2017-08-15 13:00:00
position_42,-2470.81,-199.86519999999996,1.5,13,36.2,50.7992104439899,34.4,5.1,41,hot,2017-08-15 13:00:00
position_43,-2470.81,-189.86519999999996,1.5,13,40.3,69.4455183579483,34.4,5.1,41,very_hot,2017-08-15 13:00:00
position_44,-2460.81,-619.8652,1.5,13,37.4,56.47718875097484,34.4,5.1,41,hot,2017-08-15 13:00:00
position_45,-2460.81,-609.8652,1.5,13,37.4,56.322034673125664,34.4,5.1,41,hot,2017-08-15 13:00:00
position_46,-2460.81,-599.8652,1.5,13,37.4,56.47718875097484,34.4,5.1,41,hot,2017-08-15 13:00:00
position_47,-2460.81,-589.8652,1.5,13,37.3,56.166880595276496,34.4,5.1,41,hot,2017-08-15 13:00:00
position_48,-2460.81,-579.8652,1.5,13,37.1,55.26308003941159,34.4,5.1,41,hot,2017-08-15 13:00:00
position_49,-2460.81,-569.8652,1.5,13,36.1,50.58337748855535,34.4,5.1,41,hot,2017-08-15 13:00:00
position_50,-2460.81,-559.8652,1.5,13,34.7,43.623095072524244,34.4,5.1,41,hot,2017-08-15 13:00:00
position_51,-2460.81,-549.8652,1.5,13,36.6,52.88712358294255,34.4,5.1,41,hot,2017-08-15 13:00:00
position_52,-2460.81,-539.8652,1.5,13,36.6,52.921441939002044,34.4,5.1,41,hot,2017-08-15 13:00:00
position_53,-2460.81,-529.8652,1.5,13,35.3,46.69626035430496,34.4,5.1,41,hot,2017-08-15 13:00:00
position_54,-2460.81,-519.8652,1.5,13,35.3,46.66678408501859,34.4,5.1,41,hot,2017-08-15 13:00:00
position_55,-2460.81,-509.86519999999996,1.5,13,35.7,48.61973770502157,34.4,5.1,41,hot,2017-08-15 13:00:00
position_56,-2460.81,-499.86519999999996,1.5,13,34.7,43.92930995173978,34.4,5.1,41,hot,2017-08-15 13:00:00
position_57,-2460.81,-489.86519999999996,1.5,13,34.7,43.818630207414714,34.4,5.1,41,hot,2017-08-15 13:00:00
position_58,-2460.81,-479.86519999999996,1.5,13,34.1,40.76266398504893,34.4,5.1,41,hot,2017-08-15 13:00:00
position_59,-2460.81,-469.86519999999996,1.5,13,33.1,36.10707734486935,34.4,5.1,41,hot,2017-08-15 13:00:00
position_60,-2460.81,-459.86519999999996,1.5,13,34.5,42.85297908014248,34.4,5.1,41,hot,2017-08-15 13:00:00
position_61,-2460.81,-449.86519999999996,1.5,13,35.1,45.63926241135175,34.4,5.1,41,hot,2017-08-15 13:00:00
position_62,-2460.81,-439.86519999999996,1.5,13,34.7,43.84068688899136,34.4,5.1,41,hot,2017-08-15 13:00:00
position_63,-2460.81,-429.86519999999996,1.5,13,34.7,43.96094441398268,34.4,5.1,41,hot,2017-08-15 13:00:00
position_64,-2460.81,-419.86519999999996,1.5,13,35.2,46.03177956201754,34.4,5.1,41,hot,2017-08-15 13:00:00
position_65,-2460.81,-409.86519999999996,1.5,13,36.2,50.89391527269657,34.4,5.1,41,hot,2017-08-15 13:00:00
position_66,-2460.81,-399.86519999999996,1.5,13,36.6,52.96967376071163,34.4,5.1,41,hot,2017-08-15 13:00:00
position_67,-2460.81,-389.86519999999996,1.5,13,36.6,52.659365605013285,34.4,5.1,41,hot,2017-08-15 13:00:00
position_68,-2460.81,-379.86519999999996,1.5,13,36.6,52.659365605013285,34.4,5.1,41,hot,2017-08-15 13:00:00
position_69,-2460.81,-369.86519999999996,1.5,13,36.4,52.00774533526707,34.4,5.1,41,hot,2017-08-15 13:00:00
position_70,-2460.81,-359.86519999999996,1.5,13,36.0,50.15823638708737,34.4,5.1,41,hot,2017-08-15 13:00:00
position_71,-2460.81,-349.86519999999996,1.5,13,36.0,50.02443307289115,34.4,5.1,41,hot,2017-08-15 13:00:00
position_72,-2460.81,-339.86519999999996,1.5,13,35.8,49.06242787873298,34.4,5.1,41,hot,2017-08-15 13:00:00
position_73,-2460.81,-329.86519999999996,1.5,13,35.5,47.831213862743475,34.4,5.1,41,hot,2017-08-15 13:00:00
position_74,-2460.81,-319.86519999999996,1.5,13,35.7,48.448852474738366,34.4,5.1,41,hot,2017-08-15 13:00:00
position_75,-2460.81,-309.86519999999996,1.5,13,36.4,51.714450903554486,34.4,5.1,41,hot,2017-08-15 13:00:00
position_76,-2460.81,-299.86519999999996,1.5,13,36.8,53.70458993395818,34.4,5.1,41,hot,2017-08-15 13:00:00
position_77,-2460.81,-289.86519999999996,1.5,13,36.8,53.738663172149984,34.4,5.1,41,hot,2017-08-15 13:00:00
position_78,-2460.81,-279.86519999999996,1.5,13,36.1,50.44352787174407,34.4,5.1,41,hot,2017-08-15 13:00:00
position_79,-2460.81,-269.86519999999996,1.5,13,34.5,42.79617793866224,34.4,5.1,41,hot,2017-08-15 13:00:00
position_80,-2460.81,-259.86519999999996,1.5,13,35.5,47.71937057656898,34.4,5.1,41,hot,2017-08-15 13:00:00
position_81,-2460.81,-249.86519999999996,1.5,13,35.9,49.64683273325602,34.4,5.1,41,hot,2017-08-15 13:00:00
position_82,-2460.81,-239.86519999999996,1.5,13,36.3,51.203338157454745,34.4,5.1,41,hot,2017-08-15 13:00:00
position_83,-2460.81,-229.86519999999996,1.5,13,36.5,52.52455446058673,34.4,5.1,41,hot,2017-08-15 13:00:00
position_84,-2460.81,-219.86519999999996,1.5,13,35.2,46.438186672333124,34.4,5.1,41,hot,2017-08-15 13:00:00
position_85,-2460.81,-209.86519999999996,1.5,13,32.9,35.31058153367243,34.4,5.1,41,hot,2017-08-15 13:00:00
position_86,-2460.81,-199.86519999999996,1.5,13,33.9,39.78902091458324,34.4,5.1,41,hot,2017-08-15 13:00:00
position_87,-2460.81,-189.86519999999996,1.5,13,39.9,67.7556230862188,34.4,5.1,41,very_hot,2017-08-15 13:00:00
position_88,-2450.81,-619.8652,1.5,13,37.4,56.48396972878238,34.4,5.1,41,hot,2017-08-15 13:00:00
position_89,-2450.81,-609.8652,1.5,13,37.4,56.47718875097484,34.4,5.1,41,hot,2017-08-15 13:00:00
position_90,-2450.81,-599.8652,1.5,13,37.3,56.18044255089156,34.4,5.1,41,hot,2017-08-15 13:00:00
position_91,-2450.81,-589.8652,1.5,13,37.2,55.418234117260766,34.4,5.1,41,hot,2017-08-15 13:00:00
position_92,-2450.81,-579.8652,1.5,13,37.1,55.26308003941159,34.4,5.1,41,hot,2017-08-15 13:00:00
position_93,-2450.81,-569.8652,1.5,13,36.9,54.13231302156891,34.4,5.1,41,hot,2017-08-15 13:00:00
position_94,-2450.81,-559.8652,1.5,13,36.8,53.680489512350064,34.4,5.1,41,hot,2017-08-15 13:00:00
position_95,-2450.81,-549.8652,1.5,13,37.2,55.5666072173024,34.4,5.1,41,hot,2017-08-15 13:00:00
position_96,-2450.81,-539.8652,1.5,13,37.1,55.10114498375487,34.4,5.1,41,hot,2017-08-15 13:00:00
position_97,-2450.81,-529.8652,1.5,13,36.5,52.42861067635665,34.4,5.1,41,hot,2017-08-15 13:00:00
position_98,-2450.81,-519.8652,1.5,13,35.6,48.03203326487173,34.4,5.1,41,hot,2017-08-15 13:00:00
position_99,-2450.81,-509.86519999999996,1.5,13,35.7,48.63345252072221,34.4,5.1,41,hot,2017-08-15 13:00:00
position_100,-2450.81,-499.86519999999996,1.5,13,35.7,48.3318007337088,34.4,5.1,41,hot,2017-08-15 13:00:00
position_101,-2450.81,-489.86519999999996,1.5,13,35.8,48.90273743392549,34.4,5.1,41,hot,2017-08-15 13:00:00
position_102,-2450.81,-479.86519999999996,1.5,13,34.7,43.661219837155926,34.4,5.1,41,hot,2017-08-15 13:00:00
position_103,-2450.81,-469.86519999999996,1.5,13,32.9,35.00705435578162,34.4,5.1,41,hot,2017-08-15 13:00:00
position_104,-2450.81,-459.86519999999996,1.5,13,35.0,45.392946854319696,34.4,5.1,41,hot,2017-08-15 13:00:00
position_105,-2450.81,-449.86519999999996,1.5,13,35.2,46.154097859635485,34.4,5.1,41,hot,2017-08-15 13:00:00
position_106,-2450.81,-439.86519999999996,1.5,13,32.8,34.71030815569835,34.4,5.1,41,hot,2017-08-15 13:00:00
position_107,-2450.81,-429.86519999999996,1.5,13,34.9,44.73680638366904,34.4,5.1,41,hot,2017-08-15 13:00:00
position_108,-2450.81,-419.86519999999996,1.5,13,34.9,44.7614856801298,34.4,5.1,41,hot,2017-08-15 13:00:00
position_109,-2450.81,-409.86519999999996,1.5,13,34.8,44.28467647765005,34.4,5.1,41,hot,2017-08-15 13:00:00
position_110,-2450.81,-399.86519999999996,1.5,13,35.3,46.61293646031082,34.4,5.1,41,hot,2017-08-15 13:00:00
position_111,-2450.81,-389.86519999999996,1.5,13,35.5,47.84857909676428,34.4,5.1,41,hot,2017-08-15 13:00:00
position_112,-2450.81,-379.86519999999996,1.5,13,35.9,49.67297979310554,34.4,5.1,41,hot,2017-08-15 13:00:00
position_113,-2450.81,-369.86519999999996,1.5,13,35.9,49.41751608777024,34.4,5.1,41,hot,2017-08-15 13:00:00
position_114,-2450.81,-359.86519999999996,1.5,13,32.7,34.4,34.4,5.1,41,hot,2017-08-15 13:00:00
position_115,-2450.81,-349.86519999999996,1.5,13,35.4,46.96432778382231,34.4,5.1,41,hot,2017-08-15 13:00:00
position_116,-2450.81,-339.86519999999996,1.5,13,35.7,48.46565205934982,34.4,5.1,41,hot,2017-08-15 13:00:00
position_117,-2450.81,-329.86519999999996,1.5,13,32.7,34.4,34.4,5.1,41,hot,2017-08-15 13:00:00
position_118,-2450.81,-319.86519999999996,1.5,13,35.7,48.751280241958376,34.4,5.1,41,hot,2017-08-15 13:00:00
position_119,-2450.81,-309.86519999999996,1.5,13,36.6,52.618174690705786,34.4,5.1,41,hot,2017-08-15 13:00:00
position_120,-2450.81,-299.86519999999996,1.5,13,36.7,53.42157403864408,34.4,5.1,41,hot,2017-08-15 13:00:00
position_121,-2450.81,-289.86519999999996,1.5,13,36.7,53.124827838560805,34.4,5.1,41,hot,2017-08-15 13:00:00
position_122,-2450.81,-279.86519999999996,1.5,13,35.6,48.28695872445209,34.4,5.1,41,hot,2017-08-15 13:00:00
position_123,-2450.81,-269.86519999999996,1.5,13,33.3,37.1575735825063,34.4,5.1,41,hot,2017-08-15 13:00:00
position_124,-2450.81,-259.86519999999996,1.5,13,32.7,34.4,34.4,5.1,41,hot,2017-08-15 13:00:00
position_125,-2450.81,-249.86519999999996,1.5,13,32.7,34.4,34.4,5.1,41,hot,2017-08-15 13:00:00
position_126,-2450.81,-239.86519999999996,1.5,13,32.7,34.4,34.4,5.1,41,hot,2017-08-15 13:00:00
position_127,-2450.81,-229.86519999999996,1.5,13,36.2,50.76277003601503,34.4,5.1,41,hot,2017-08-15 13:00:00
position_128,-2450.81,-219.86519999999996,1.5,13,35.4,47.08662678486358,34.4,5.1,41,hot,2017-08-15 13:00:00
position_129,-2450.81,-209.86519999999996,1.5,13,32.8,34.70352717789081,34.4,5.1,41,hot,2017-08-15 13:00:00
position_130,-2450.81,-199.86519999999996,1.5,13,35.9,49.364993016970004,34.4,5.1,41,hot,2017-08-15 13:00:00
position_131,-2450.81,-189.86519999999996,1.5,13,40.1,68.52137486866077,34.4,5.1,41,very_hot,2017-08-15 13:00:00
position_132,-2440.81,-619.8652,1.5,13,37.1,55.215062357076306,34.4,5.1,41,hot,2017-08-15 13:00:00
position_133,-2440.81,-609.8652,1.5,13,37.3,55.87691537300075,34.4,5.1,41,hot,2017-08-15 13:00:00
position_134,-2440.81,-599.8652,1.5,13,37.1,55.10438261275124,34.4,5.1,41,hot,2017-08-15 13:00:00
position_135,-2440.81,-589.8652,1.5,13,36.9,54.19390814858781,34.4,5.1,41,hot,2017-08-15 13:00:00
position_136,-2440.81,-579.8652,1.5,13,36.9,54.352758435333705,34.4,5.1,41,hot,2017-08-15 13:00:00
position_137,-2440.81,-569.8652,1.5,13,37.0,54.44611873585819,34.4,5.1,41,hot,2017-08-15 13:00:00
position_138,-2440.81,-559.8652,1.5,13,37.0,54.59432348674575,34.4,5.1,41,hot,2017-08-15 13:00:00
position_139,-2440.81,-549.8652,1.5,13,36.9,54.31147594058573,34.4,5.1,41,hot,2017-08-15 13:00:00
position_140,-2440.81,-539.8652,1.5,13,36.9,54.33215557231652,34.4,5.1,41,hot,2017-08-15 13:00:00
position_141,-2440.81,-529.8652,1.5,13,36.9,53.980656502310666,34.4,5.1,41,hot,2017-08-15 13:00:00
position_142,-2440.81,-519.8652,1.5,13,36.0,50.01678231285566,34.4,5.1,41,hot,2017-08-15 13:00:00
position_143,-2440.81,-509.86519999999996,1.5,13,36.2,50.7353094264767,34.4,5.1,41,hot,2017-08-15 13:00:00
position_144,-2440.81,-499.86519999999996,1.5,13,35.9,49.54626317617534,34.4,5.1,41,hot,2017-08-15 13:00:00
position_145,-2440.81,-489.86519999999996,1.5,13,35.8,49.217459397648305,34.4,5.1,41,hot,2017-08-15 13:00:00
position_146,-2440.81,-479.86519999999996,1.5,13,35.2,46.16987480264605,34.4,5.1,41,hot,2017-08-15 13:00:00
position_147,-2440.81,-469.86519999999996,1.5,13,35.1,45.62301366442277,34.4,5.1,41,hot,2017-08-15 13:00:00
position_148,-2440.81,-459.86519999999996,1.5,13,34.9,44.93675151907585,34.4,5.1,41,hot,2017-08-15 13:00:00
position_149,-2440.81,-449.86519999999996,1.5,13,36.3,51.36287506483503,34.4,5.1,41,hot,2017-08-15 13:00:00
position_150,-2440.81,-439.86519999999996,1.5,13,32.8,34.555154077849174,34.4,5.1,41,hot,2017-08-15 13:00:00
position_151,-2440.81,-429.86519999999996,1.5,13,35.4,47.2992221576218,34.4,5.1,41,hot,2017-08-15 13:00:00
position_152,-2440.81,-419.86519999999996,1.5,13,35.5,47.41022596236375,34.4,5.1,41,hot,2017-08-15 13:00:00
position_153,-2440.81,-409.86519999999996,1.5,13,32.7,34.4,34.4,5.1,41,hot,2017-08-15 13:00:00
position_154,-2440.81,-399.86519999999996,1.5,13,32.7,34.4,34.4,5.1,41,hot,2017-08-15 13:00:00
position_155,-2440.81,-389.86519999999996,1.5,13,32.7,34.4,34.4,5.1,41,hot,2017-08-15 13:00:00
position_156,-2440.81,-379.86519999999996,1.5,13,32.7,34.4,34.4,5.1,41,hot,2017-08-15 13:00:00
position_157,-2440.81,-369.86519999999996,1.5,13,35.0,45.19329914601342,34.4,5.1,41,hot,2017-08-15 13:00:00
position_158,-2440.81,-359.86519999999996,1.5,13,32.7,34.4,34.4,5.1,41,hot,2017-08-15 13:00:00
position_159,-2440.81,-349.86519999999996,1.5,13,35.4,46.949452278518415,34.4,5.1,41,hot,2017-08-15 13:00:00
position_160,-2440.81,-339.86519999999996,1.5,13,35.5,47.565425830789465,34.4,5.1,41,hot,2017-08-15 13:00:00
position_161,-2440.81,-329.86519999999996,1.5,13,32.7,34.4,34.4,5.1,41,hot,2017-08-15 13:00:00
position_162,-2440.81,-319.86519999999996,1.5,13,35.5,47.69011129819047,34.4,5.1,41,hot,2017-08-15 13:00:00
position_163,-2440.81,-309.86519999999996,1.5,13,36.2,50.8974128312875,34.4,5.1,41,hot,2017-08-15 13:00:00
position_164,-2440.81,-299.86519999999996,1.5,13,36.1,50.49501213453322,34.4,5.1,41,hot,2017-08-15 13:00:00
position_165,-2440.81,-289.86519999999996,1.5,13,36.5,52.32845458629773,34.4,5.1,41,hot,2017-08-15 13:00:00
position_166,-2440.81,-279.86519999999996,1.5,13,36.3,51.23875592382871,34.4,5.1,41,hot,2017-08-15 13:00:00
position_167,-2440.81,-269.86519999999996,1.5,13,34.9,44.79168113554012,34.4,5.1,41,hot,2017-08-15 13:00:00
position_168,-2440.81,-259.86519999999996,1.5,13,34.9,44.586478226539086,34.4,5.1,41,hot,2017-08-15 13:00:00
position_169,-2440.81,-249.86519999999996,1.5,13,34.8,44.44022853309615,34.4,5.1,41,hot,2017-08-15 13:00:00
position_170,-2440.81,-239.86519999999996,1.5,13,35.6,48.175855186228176,34.4,5.1,41,hot,2017-08-15 13:00:00
position_171,-2440.81,-229.86519999999996,1.5,13,36.0,50.15912165838386,34.4,5.1,41,hot,2017-08-15 13:00:00
position_172,-2440.81,-219.86519999999996,1.5,13,35.7,48.73267687263535,34.4,5.1,41,hot,2017-08-15 13:00:00
position_173,-2440.81,-209.86519999999996,1.5,13,36.2,51.06612886475177,34.4,5.1,41,hot,2017-08-15 13:00:00
position_174,-2440.81,-199.86519999999996,1.5,13,36.7,53.11109753379165,34.4,5.1,41,hot,2017-08-15 13:00:00
position_175,-2440.81,-189.86519999999996,1.5,13,40.2,69.15588983398074,34.4,5.1,41,very_hot,2017-08-15 13:00:00
position_176,-2430.81,-619.8652,1.5,13,37.0,54.45757345128476,34.4,5.1,41,hot,2017-08-15 13:00:00
position_177,-2430.81,-609.8652,1.5,13,37.1,55.20815882033492,34.4,5.1,41,hot,2017-08-15 13:00:00
position_178,-2430.81,-599.8652,1.5,13,37.0,54.41528312666277,34.4,5.1,41,hot,2017-08-15 13:00:00
position_179,-2430.81,-589.8652,1.5,13,36.7,53.18307609252612,34.4,5.1,41,hot,2017-08-15 13:00:00
position_180,-2430.81,-579.8652,1.5,13,36.8,53.666468299492976,34.4,5.1,41,hot,2017-08-15 13:00:00
position_181,-2430.81,-569.8652,1.5,13,36.6,52.655699697268275,34.4,5.1,41,hot,2017-08-15 13:00:00
position_182,-2430.81,-559.8652,1.5,13,35.9,49.45391070552486,34.4,5.1,41,hot,2017-08-15 13:00:00
position_183,-2430.81,-549.8652,1.5,13,36.1,50.26745121884462,34.4,5.1,41,hot,2017-08-15 13:00:00
position_184,-2430.81,-539.8652,1.5,13,36.1,50.472850603959536,34.4,5.1,41,hot,2017-08-15 13:00:00
position_185,-2430.81,-529.8652,1.5,13,36.3,51.51124816487667,34.4,5.1,41,hot,2017-08-15 13:00:00
position_186,-2430.81,-519.8652,1.5,13,32.7,34.4,34.4,5.1,41,hot,2017-08-15 13:00:00
position_187,-2430.81,-509.86519999999996,1.5,13,32.7,34.4,34.4,5.1,41,hot,2017-08-15 13:00:00
position_188,-2430.81,-499.86519999999996,1.5,13,32.7,34.4,34.4,5.1,41,hot,2017-08-15 13:00:00
position_189,-2430.81,-489.86519999999996,1.5,13,32.7,34.4,34.4,5.1,41,hot,2017-08-15 13:00:00
position_190,-2430.81,-479.86519999999996,1.5,13,36.1,50.43178224858588,34.4,5.1,41,hot,2017-08-15 13:00:00
position_191,-2430.81,-469.86519999999996,1.5,13,36.5,52.15949343496579,34.4,5.1,41,hot,2017-08-15 13:00:00
position_192,-2430.81,-459.86519999999996,1.5,13,36.6,52.8876286304048,34.4,5.1,41,hot,2017-08-15 13:00:00
position_193,-2430.81,-449.86519999999996,1.5,13,36.7,53.43513599425917,34.4,5.1,41,hot,2017-08-15 13:00:00
position_194,-2430.81,-439.86519999999996,1.5,13,35.8,49.04927938942704,34.4,5.1,41,hot,2017-08-15 13:00:00
position_195,-2430.81,-429.86519999999996,1.5,13,35.8,49.09804429505643,34.4,5.1,41,hot,2017-08-15 13:00:00
position_196,-2430.81,-419.86519999999996,1.5,13,35.9,49.39156835521185,34.4,5.1,41,hot,2017-08-15 13:00:00
position_197,-2430.81,-409.86519999999996,1.5,13,35.7,48.59132986791263,34.4,5.1,41,hot,2017-08-15 13:00:00
position_198,-2430.81,-399.86519999999996,1.5,13,35.4,47.00296619291758,34.4,5.1,41,hot,2017-08-15 13:00:00
position_199,-2430.81,-389.86519999999996,1.5,13,34.4,42.178190947511425,34.4,5.1,41,hot,2017-08-15 13:00:00
position_200,-2430.81,-379.86519999999996,1.5,13,35.2,46.28613217547795,34.4,5.1,41,hot,2017-08-15 13:00:00
position_201,-2430.81,-369.86519999999996,1.5,13,34.8,44.27442824204697,34.4,5.1,41,hot,2017-08-15 13:00:00
position_202,-2430.81,-359.86519999999996,1.5,13,32.7,34.4,34.4,5.1,41,hot,2017-08-15 13:00:00
position_203,-2430.81,-349.86519999999996,1.5,13,35.3,46.610201614438836,34.4,5.1,41,hot,2017-08-15 13:00:00
position_204,-2430.81,-339.86519999999996,1.5,13,34.9,44.96158816011566,34.4,5.1,41,hot,2017-08-15 13:00:00
position_205,-2430.81,-329.86519999999996,1.5,13,32.7,34.4,34.4,5.1,41,hot,2017-08-15 13:00:00
position_206,-2430.81,-319.86519999999996,1.5,13,35.7,48.756839250873895,34.4,5.1,41,hot,2017-08-15 13:00:00
position_207,-2430.81,-309.86519999999996,1.5,13,36.3,51.52164926020898,34.4,5.1,41,hot,2017-08-15 13:00:00
position_208,-2430.81,-299.86519999999996,1.5,13,36.1,50.31044374367178,34.4,5.1,41,hot,2017-08-15 13:00:00
position_209,-2430.81,-289.86519999999996,1.5,13,36.7,53.06346233998476,34.4,5.1,41,hot,2017-08-15 13:00:00
position_210,-2430.81,-279.86519999999996,1.5,13,36.5,52.328546166738214,34.4,5.1,41,hot,2017-08-15 13:00:00
position_211,-2430.81,-269.86519999999996,1.5,13,35.7,48.47255559609122,34.4,5.1,41,hot,2017-08-15 13:00:00
position_212,-2430.81,-259.86519999999996,1.5,13,34.6,43.33684535607821,34.4,5.1,41,hot,2017-08-15 13:00:00
position_213,-2430.81,-249.86519999999996,1.5,13,33.8,39.33747214704212,34.4,5.1,41,hot,2017-08-15 13:00:00
position_214,-2430.81,-239.86519999999996,1.5,13,34.5,42.80299302548595,34.4,5.1,41,hot,2017-08-15 13:00:00
position_215,-2430.81,-229.86519999999996,1.5,13,33.4,37.484117937744614,34.4,5.1,41,hot,2017-08-15 13:00:00
position_216,-2430.81,-219.86519999999996,1.5,13,33.9,40.11213212139848,34.4,5.1,41,hot,2017-08-15 13:00:00
position_217,-2430.81,-209.86519999999996,1.5,13,32.7,34.4,34.4,5.1,41,hot,2017-08-15 13:00:00
position_218,-2430.81,-199.86519999999996,1.5,13,36.4,52.0179780814453,34.4,5.1,41,hot,2017-08-15 13:00:00
position_219,-2430.81,-189.86519999999996,1.5,13,40.3,69.60779011191318,34.4,5.1,41,very_hot,2017-08-15 13:00:00
position_220,-2420.81,-619.8652,1.5,13,36.8,53.78817756505503,34.4,5.1,41,hot,2017-08-15 13:00:00
position_221,-2420.81,-609.8652,1.5,13,36.8,53.5629210430105,34.4,5.1,41,hot,2017-08-15 13:00:00
position_222,-2420.81,-599.8652,1.5,13,36.9,54.259960699659516,34.4,5.1,41,hot,2017-08-15 13:00:00
position_223,-2420.81,-589.8652,1.5,13,36.7,53.270940160986726,34.4,5.1,41,hot,2017-08-15 13:00:00
position_224,-2420.81,-579.8652,1.5,13,36.2,50.97613975601991,34.4,5.1,41,hot,2017-08-15 13:00:00
position_225,-2420.81,-569.8652,1.5,13,36.2,50.78522020962617,34.4,5.1,41,hot,2017-08-15 13:00:00
position_226,-2420.81,-559.8652,1.5,13,35.7,48.519561639975414,34.4,5.1,41,hot,2017-08-15 13:00:00
position_227,-2420.81,-549.8652,1.5,13,35.7,48.567454589541256,34.4,5.1,41,hot,2017-08-15 13:00:00
position_228,-2420.81,-539.8652,1.5,13,35.5,47.62811438606651,34.4,5.1,41,hot,2017-08-15 13:00:00
position_229,-2420.81,-529.8652,1.5,13,36.0,49.79034893479767,34.4,5.1,41,hot,2017-08-15 13:00:00
position_230,-2420.81,-519.8652,1.5,13,32.7,34.4,34.4,5.1,41,hot,2017-08-15 13:00:00
position_231,-2420.81,-509.86519999999996,1.5,13,32.7,34.4,34.4,5.1,41,hot,2017-08-15 13:00:00
position_232,-2420.81,-499.86519999999996,1.5,13,32.7,34.4,34.4,5.1,41,hot,2017-08-15 13:00:00
position_233,-2420.81,-489.86519999999996,1.5,13,32.7,34.4,34.4,5.1,41,hot,2017-08-15 13:00:00
position_234,-2420.81,-479.86519999999996,1.5,13,35.8,49.086696649495174,34.4,5.1,41,hot,2017-08-15 13:00:00
position_235,-2420.81,-469.86519999999996,1.5,13,36.8,53.71832023872735,34.4,5.1,41,hot,2017-08-15 13:00:00
position_236,-2420.81,-459.86519999999996,1.5,13,36.8,53.86669333876899,34.4,5.1,41,hot,2017-08-15 13:00:00
position_237,-2420.81,-449.86519999999996,1.5,13,36.8,53.738663172149984,34.4,5.1,41,hot,2017-08-15 13:00:00
position_238,-2420.81,-439.86519999999996,1.5,13,35.9,49.6766302114257,34.4,5.1,41,hot,2017-08-15 13:00:00
position_239,-2420.81,-429.86519999999996,1.5,13,36.5,52.25306787486459,34.4,5.1,41,hot,2017-08-15 13:00:00
position_240,-2420.81,-419.86519999999996,1.5,13,35.7,48.59402992813941,34.4,5.1,41,hot,2017-08-15 13:00:00
position_241,-2420.81,-409.86519999999996,1.5,13,36.1,50.294146942184724,34.4,5.1,41,hot,2017-08-15 13:00:00
position_242,-2420.81,-399.86519999999996,1.5,13,35.1,45.74687056588924,34.4,5.1,41,hot,2017-08-15 13:00:00
position_243,-2420.81,-389.86519999999996,1.5,13,34.7,44.046624473541165,34.4,5.1,41,hot,2017-08-15 13:00:00
position_244,-2420.81,-379.86519999999996,1.5,13,34.7,43.723497100672034,34.4,5.1,41,hot,2017-08-15 13:00:00
position_245,-2420.81,-369.86519999999996,1.5,13,33.6,38.610558920495144,34.4,5.1,41,hot,2017-08-15 13:00:00
position_246,-2420.81,-359.86519999999996,1.5,13,32.7,34.4,34.4,5.1,41,hot,2017-08-15 13:00:00
position_247,-2420.81,-349.86519999999996,1.5,13,34.8,44.112584767187045,34.4,5.1,41,hot,2017-08-15 13:00:00
position_248,-2420.81,-339.86519999999996,1.5,13,34.5,43.08015968149457,34.4,5.1,41,hot,2017-08-15 13:00:00
position_249,-2420.81,-329.86519999999996,1.5,13,32.7,34.4,34.4,5.1,41,hot,2017-08-15 13:00:00
position_250,-2420.81,-319.86519999999996,1.5,13,35.7,48.60632793215037,34.4,5.1,41,hot,2017-08-15 13:00:00
position_251,-2420.81,-309.86519999999996,1.5,13,36.5,52.483531895433316,34.4,5.1,41,hot,2017-08-15 13:00:00
position_252,-2420.81,-299.86519999999996,1.5,13,36.7,53.06346233998476,34.4,5.1,41,hot,2017-08-15 13:00:00
position_253,-2420.81,-289.86519999999996,1.5,13,36.7,53.401231105221456,34.4,5.1,41,hot,2017-08-15 13:00:00
position_254,-2420.81,-279.86519999999996,1.5,13,36.5,52.287523601584795,34.4,5.1,41,hot,2017-08-15 13:00:00
position_255,-2420.81,-269.86519999999996,1.5,13,32.7,34.4,34.4,5.1,41,hot,2017-08-15 13:00:00
position_256,-2420.81,-259.86519999999996,1.5,13,32.7,34.4,34.4,5.1,41,hot,2017-08-15 13:00:00
position_257,-2420.81,-249.86519999999996,1.5,13,32.7,34.4,34.4,5.1,41,hot,2017-08-15 13:00:00
position_258,-2420.81,-239.86519999999996,1.5,13,32.7,34.4,34.4,5.1,41,hot,2017-08-15 13:00:00
position_259,-2420.81,-229.86519999999996,1.5,13,34.2,41.50179844689326,34.4,5.1,41,hot,2017-08-15 13:00:00
position_260,-2420.81,-219.86519999999996,1.5,13,34.7,43.76003425127883,34.4,5.1,41,hot,2017-08-15 13:00:00
position_261,-2420.81,-209.86519999999996,1.5,13,34.8,44.37899809452292,34.4,5.1,41,hot,2017-08-15 13:00:00
position_262,-2420.81,-199.86519999999996,1.5,13,36.3,51.38001134775465,34.4,5.1,41,hot,2017-08-15 13:00:00
position_263,-2420.81,-189.86519999999996,1.5,13,40.3,69.31782488963745,34.4,5.1,41,very_hot,2017-08-15 13:00:00
position_264,-2410.81,-619.8652,1.5,13,37.0,54.63084066343422,34.4,5.1,41,hot,2017-08-15 13:00:00
position_265,-2410.81,-609.8652,1.5,13,36.6,52.74559206301188,34.4,5.1,41,hot,2017-08-15 13:00:00
position_266,-2410.81,-599.8652,1.5,13,36.3,51.19160353815898,34.4,5.1,41,hot,2017-08-15 13:00:00
position_267,-2410.81,-589.8652,1.5,13,36.5,52.13524015291582,34.4,5.1,41,hot,2017-08-15 13:00:00
position_268,-2410.81,-579.8652,1.5,13,36.4,52.03812168722048,34.4,5.1,41,hot,2017-08-15 13:00:00
position_269,-2410.81,-569.8652,1.5,13,36.3,51.25743311982954,34.4,5.1,41,hot,2017-08-15 13:00:00
position_270,-2410.81,-559.8652,1.5,13,35.9,49.45146295916375,34.4,5.1,41,hot,2017-08-15 13:00:00
position_271,-2410.81,-549.8652,1.5,13,35.1,45.93707255911897,34.4,5.1,41,hot,2017-08-15 13:00:00
position_272,-2410.81,-539.8652,1.5,13,35.8,48.875472344170156,34.4,5.1,41,hot,2017-08-15 13:00:00
position_273,-2410.81,-529.8652,1.5,13,36.5,52.4559029367409,34.4,5.1,41,hot,2017-08-15 13:00:00
position_274,-2410.81,-519.8652,1.5,13,34.9,44.71498087441816,34.4,5.1,41,hot,2017-08-15 13:00:00
position_275,-2410.81,-509.86519999999996,1.5,13,32.7,34.4,34.4,5.1,41,hot,2017-08-15 13:00:00
position_276,-2410.81,-499.86519999999996,1.5,13,32.7,34.4,34.4,5.1,41,hot,2017-08-15 13:00:00
position_277,-2410.81,-489.86519999999996,1.5,13,32.7,34.4,34.4,5.1,41,hot,2017-08-15 13:00:00
position_278,-2410.81,-479.86519999999996,1.5,13,36.5,52.50404317801002,34.4,5.1,41,hot,2017-08-15 13:00:00
position_279,-2410.81,-469.86519999999996,1.5,13,36.5,52.26227730174398,34.4,5.1,41,hot,2017-08-15 13:00:00
position_280,-2410.81,-459.86519999999996,1.5,13,36.5,52.477865817008784,34.4,5.1,41,hot,2017-08-15 13:00:00
position_281,-2410.81,-449.86519999999996,1.5,13,36.5,52.1148529268358,34.4,5.1,41,hot,2017-08-15 13:00:00
position_282,-2410.81,-439.86519999999996,1.5,13,35.8,49.070797824892416,34.4,5.1,41,hot,2017-08-15 13:00:00
position_283,-2410.81,-429.86519999999996,1.5,13,36.2,51.03208660505333,34.4,5.1,41,hot,2017-08-15 13:00:00
position_284,-2410.81,-419.86519999999996,1.5,13,36.5,52.15833274500622,34.4,5.1,41,hot,2017-08-15 13:00:00
position_285,-2410.81,-409.86519999999996,1.5,13,36.6,52.97645473851917,34.4,5.1,41,hot,2017-08-15 13:00:00
position_286,-2410.81,-399.86519999999996,1.5,13,36.5,52.2140779557343,34.4,5.1,41,hot,2017-08-15 13:00:00
position_287,-2410.81,-389.86519999999996,1.5,13,36.0,49.84157326763596,34.4,5.1,41,hot,2017-08-15 13:00:00
position_288,-2410.81,-379.86519999999996,1.5,13,34.5,43.011779091462024,34.4,5.1,41,hot,2017-08-15 13:00:00
position_289,-2410.81,-369.86519999999996,1.5,13,32.7,34.4,34.4,5.1,41,hot,2017-08-15 13:00:00
position_290,-2410.81,-359.86519999999996,1.5,13,33.6,38.40663993701658,34.4,5.1,41,hot,2017-08-15 13:00:00
position_291,-2410.81,-349.86519999999996,1.5,13,34.1,40.8605902766981,34.4,5.1,41,hot,2017-08-15 13:00:00
position_292,-2410.81,-339.86519999999996,1.5,13,34.2,41.50544954219879,34.4,5.1,41,hot,2017-08-15 13:00:00
position_293,-2410.81,-329.86519999999996,1.5,13,32.7,34.4,34.4,5.1,41,hot,2017-08-15 13:00:00
position_294,-2410.81,-319.86519999999996,1.5,13,35.8,49.053402289719905,34.4,5.1,41,hot,2017-08-15 13:00:00
position_295,-2410.81,-309.86519999999996,1.5,13,36.6,52.96967376071163,34.4,5.1,41,hot,2017-08-15 13:00:00
position_296,-2410.81,-299.86519999999996,1.5,13,36.9,54.008285461003084,34.4,5.1,41,hot,2017-08-15 13:00:00
position_297,-2410.81,-289.86519999999996,1.5,13,36.8,53.853131383153894,34.4,5.1,41,hot,2017-08-15 13:00:00
position_298,-2410.81,-279.86519999999996,1.5,13,36.6,52.78722742247821,34.4,5.1,41,hot,2017-08-15 13:00:00
position_299,-2410.81,-269.86519999999996,1.5,13,36.0,49.99023727576551,34.4,5.1,41,hot,2017-08-15 13:00:00
position_300,-2410.81,-259.86519999999996,1.5,13,35.4,46.997116276270454,34.4,5.1,41,hot,2017-08-15 13:00:00
position_301,-2410.81,-249.86519999999996,1.5,13,34.7,44.01116091730326,34.4,5.1,41,hot,2017-08-15 13:00:00
position_302,-2410.81,-239.86519999999996,1.5,13,35.0,45.29681990920865,34.4,5.1,41,hot,2017-08-15 13:00:00
position_303,-2410.81,-229.86519999999996,1.5,13,34.6,43.39162471928806,34.4,5.1,41,hot,2017-08-15 13:00:00
position_304,-2410.81,-219.86519999999996,1.5,13,35.3,46.5587779539531,34.4,5.1,41,hot,2017-08-15 13:00:00
position_305,-2410.81,-209.86519999999996,1.5,13,35.6,48.255699321357824,34.4,5.1,41,hot,2017-08-15 13:00:00
position_306,-2410.81,-199.86519999999996,1.5,13,36.1,50.63148742867278,34.4,5.1,41,hot,2017-08-15 13:00:00
position_307,-2410.81,-189.86519999999996,1.5,13,40.1,68.35594225441312,34.4,5.1,41,very_hot,2017-08-15 13:00:00
position_308,-2400.81,-619.8652,1.5,13,36.9,54.34342644916418,34.4,5.1,41,hot,2017-08-15 13:00:00
position_309,-2400.81,-609.8652,1.5,13,36.8,53.50693139175639,34.4,5.1,41,hot,2017-08-15 13:00:00
position_310,-2400.81,-599.8652,1.5,13,36.9,54.07523877172718,34.4,5.1,41,hot,2017-08-15 13:00:00
position_311,-2400.81,-589.8652,1.5,13,36.2,50.89050548632535,34.4,5.1,41,hot,2017-08-15 13:00:00
position_312,-2400.81,-579.8652,1.5,13,36.5,52.52645639142776,34.4,5.1,41,hot,2017-08-15 13:00:00
position_313,-2400.81,-569.8652,1.5,13,36.4,51.83077675167313,34.4,5.1,41,hot,2017-08-15 13:00:00
position_314,-2400.81,-559.8652,1.5,13,36.5,52.08037953614256,34.4,5.1,41,hot,2017-08-15 13:00:00
position_315,-2400.81,-549.8652,1.5,13,35.7,48.65731665448946,34.4,5.1,41,hot,2017-08-15 13:00:00
position_316,-2400.81,-539.8652,1.5,13,35.9,49.33513425915523,34.4,5.1,41,hot,2017-08-15 13:00:00
position_317,-2400.81,-529.8652,1.5,13,37.0,54.50087160578079,34.4,5.1,41,hot,2017-08-15 13:00:00
position_318,-2400.81,-519.8652,1.5,13,36.3,51.60285490943958,34.4,5.1,41,hot,2017-08-15 13:00:00
position_319,-2400.81,-509.86519999999996,1.5,13,34.2,41.63425791024896,34.4,5.1,41,hot,2017-08-15 13:00:00
position_320,-2400.81,-499.86519999999996,1.5,13,32.7,34.4,34.4,5.1,41,hot,2017-08-15 13:00:00
position_321,-2400.81,-489.86519999999996,1.5,13,36.1,50.206223090929285,34.4,5.1,41,hot,2017-08-15 13:00:00
position_322,-2400.81,-479.86519999999996,1.5,13,36.7,53.19793678610315,34.4,5.1,41,hot,2017-08-15 13:00:00
position_323,-2400.81,-469.86519999999996,1.5,13,35.6,47.967426329078556,34.4,5.1,41,hot,2017-08-15 13:00:00
position_324,-2400.81,-459.86519999999996,1.5,13,36.1,50.41360783464053,34.4,5.1,41,hot,2017-08-15 13:00:00
position_325,-2400.81,-449.86519999999996,1.5,13,36.1,50.274337769310925,34.4,5.1,41,hot,2017-08-15 13:00:00
position_326,-2400.81,-439.86519999999996,1.5,13,35.5,47.54857597075166,34.4,5.1,41,hot,2017-08-15 13:00:00
position_327,-2400.81,-429.86519999999996,1.5,13,36.0,50.193225875069025,34.4,5.1,41,hot,2017-08-15 13:00:00
position_328,-2400.81,-419.86519999999996,1.5,13,36.4,51.68725022361071,34.4,5.1,41,hot,2017-08-15 13:00:00
position_329,-2400.81,-409.86519999999996,1.5,13,36.5,52.45746160429739,34.4,5.1,41,hot,2017-08-15 13:00:00
position_330,-2400.81,-399.86519999999996,1.5,13,36.7,53.13532051433361,34.4,5.1,41,hot,2017-08-15 13:00:00
position_331,-2400.81,-389.86519999999996,1.5,13,35.4,47.22064645894608,34.4,5.1,41,hot,2017-08-15 13:00:00
position_332,-2400.81,-379.86519999999996,1.5,13,33.9,40.208207294232935,34.4,5.1,41,hot,2017-08-15 13:00:00
position_333,-2400.81,-369.86519999999996,1.5,13,32.7,34.4,34.4,5.1,41,hot,2017-08-15 13:00:00
position_334,-2400.81,-359.86519999999996,1.5,13,34.8,44.47440884079696,34.4,5.1,41,hot,2017-08-15 13:00:00
position_335,-2400.81,-349.86519999999996,1.5,13,35.4,47.29364833697941,34.4,5.1,41,hot,2017-08-15 13:00:00
position_336,-2400.81,-339.86519999999996,1.5,13,34.5,42.86970189639665,34.4,5.1,41,hot,2017-08-15 13:00:00
position_337,-2400.81,-329.86519999999996,1.5,13,32.7,34.4,34.4,5.1,41,hot,2017-08-15 13:00:00
position_338,-2400.81,-319.86519999999996,1.5,13,35.8,49.11757872589619,34.4,5.1,41,hot,2017-08-15 13:00:00
position_339,-2400.81,-309.86519999999996,1.5,13,36.8,53.57672811649326,34.4,5.1,41,hot,2017-08-15 13:00:00
position_340,-2400.81,-299.86519999999996,1.5,13,37.0,54.615339816784704,34.4,5.1,41,hot,2017-08-15 13:00:00
position_341,-2400.81,-289.86519999999996,1.5,13,36.9,54.16343953885225,34.4,5.1,41,hot,2017-08-15 13:00:00
position_342,-2400.81,-279.86519999999996,1.5,13,36.6,52.90131314495372,34.4,5.1,41,hot,2017-08-15 13:00:00
position_343,-2400.81,-269.86519999999996,1.5,13,35.8,49.00795192503634,34.4,5.1,41,hot,2017-08-15 13:00:00
position_344,-2400.81,-259.86519999999996,1.5,13,32.7,34.4,34.4,5.1,41,hot,2017-08-15 13:00:00
position_345,-2400.81,-249.86519999999996,1.5,13,32.7,34.4,34.4,5.1,41,hot,2017-08-15 13:00:00
position_346,-2400.81,-239.86519999999996,1.5,13,32.7,34.4,34.4,5.1,41,hot,2017-08-15 13:00:00
position_347,-2400.81,-229.86519999999996,1.5,13,32.7,34.4,34.4,5.1,41,hot,2017-08-15 13:00:00
position_348,-2400.81,-219.86519999999996,1.5,13,32.7,34.4,34.4,5.1,41,hot,2017-08-15 13:00:00
position_349,-2400.81,-209.86519999999996,1.5,13,32.7,34.4,34.4,5.1,41,hot,2017-08-15 13:00:00
position_350,-2400.81,-199.86519999999996,1.5,13,32.7,34.4,34.4,5.1,41,hot,2017-08-15 13:00:00
position_351,-2400.81,-189.86519999999996,1.5,13,39.7,66.68324386755035,34.4,5.1,41,very_hot,2017-08-15 13:00:00
position_352,-2390.81,-619.8652,1.5,13,37.3,56.173661573084026,34.4,5.1,41,hot,2017-08-15 13:00:00
position_353,-2390.81,-609.8652,1.5,13,37.3,56.03206945084993,34.4,5.1,41,hot,2017-08-15 13:00:00
position_354,-2390.81,-599.8652,1.5,13,37.2,55.728542272959125,34.4,5.1,41,hot,2017-08-15 13:00:00
position_355,-2390.81,-589.8652,1.5,13,37.1,55.23561942987325,34.4,5.1,41,hot,2017-08-15 13:00:00
position_356,-2390.81,-579.8652,1.5,13,37.1,55.23561942987325,34.4,5.1,41,hot,2017-08-15 13:00:00
position_357,-2390.81,-569.8652,1.5,13,37.2,55.370262225145716,34.4,5.1,41,hot,2017-08-15 13:00:00
position_358,-2390.81,-559.8652,1.5,13,37.0,54.614834769322464,34.4,5.1,41,hot,2017-08-15 13:00:00
position_359,-2390.81,-549.8652,1.5,13,37.1,54.91148938896525,34.4,5.1,41,hot,2017-08-15 13:00:00
position_360,-2390.81,-539.8652,1.5,13,36.8,53.715922090450924,34.4,5.1,41,hot,2017-08-15 13:00:00
position_361,-2390.81,-529.8652,1.5,13,37.1,54.94599090590569,34.4,5.1,41,hot,2017-08-15 13:00:00
position_362,-2390.81,-519.8652,1.5,13,37.2,55.37737990126142,34.4,5.1,41,hot,2017-08-15 13:00:00
position_363,-2390.81,-509.86519999999996,1.5,13,36.7,53.378244905654704,34.4,5.1,41,hot,2017-08-15 13:00:00
position_364,-2390.81,-499.86519999999996,1.5,13,36.6,52.5667052399998,34.4,5.1,41,hot,2017-08-15 13:00:00
position_365,-2390.81,-489.86519999999996,1.5,13,36.9,54.30810094092864,34.4,5.1,41,hot,2017-08-15 13:00:00
position_366,-2390.81,-479.86519999999996,1.5,13,35.1,45.500907241484995,34.4,5.1,41,hot,2017-08-15 13:00:00
position_367,-2390.81,-469.86519999999996,1.5,13,36.9,53.99079766804843,34.4,5.1,41,hot,2017-08-15 13:00:00
position_368,-2390.81,-459.86519999999996,1.5,13,36.9,54.172113617474,34.4,5.1,41,hot,2017-08-15 13:00:00
position_369,-2390.81,-449.86519999999996,1.5,13,36.7,53.2297802251726,34.4,5.1,41,hot,2017-08-15 13:00:00
position_370,-2390.81,-439.86519999999996,1.5,13,36.5,52.467694350119324,34.4,5.1,41,hot,2017-08-15 13:00:00
position_371,-2390.81,-429.86519999999996,1.5,13,36.4,51.652779007465675,34.4,5.1,41,hot,2017-08-15 13:00:00
position_372,-2390.81,-419.86519999999996,1.5,13,36.1,50.449464883981875,34.4,5.1,41,hot,2017-08-15 13:00:00
position_373,-2390.81,-409.86519999999996,1.5,13,36.5,52.43033769271091,34.4,5.1,41,hot,2017-08-15 13:00:00
position_374,-2390.81,-399.86519999999996,1.5,13,36.4,52.01597791040948,34.4,5.1,41,hot,2017-08-15 13:00:00
position_375,-2390.81,-389.86519999999996,1.5,13,36.2,50.77091103071697,34.4,5.1,41,hot,2017-08-15 13:00:00
position_376,-2390.81,-379.86519999999996,1.5,13,35.5,47.786815620235,34.4,5.1,41,hot,2017-08-15 13:00:00
position_377,-2390.81,-369.86519999999996,1.5,13,35.5,47.852179916999766,34.4,5.1,41,hot,2017-08-15 13:00:00
position_378,-2390.81,-359.86519999999996,1.5,13,36.4,51.71415999546657,34.4,5.1,41,hot,2017-08-15 13:00:00
position_379,-2390.81,-349.86519999999996,1.5,13,36.3,51.55567670818054,34.4,5.1,41,hot,2017-08-15 13:00:00
position_380,-2390.81,-339.86519999999996,1.5,13,35.4,47.24013442258024,34.4,5.1,41,hot,2017-08-15 13:00:00
position_381,-2390.81,-329.86519999999996,1.5,13,36.1,50.30526495894682,34.4,5.1,41,hot,2017-08-15 13:00:00
position_382,-2390.81,-319.86519999999996,1.5,13,36.7,53.33919221002908,34.4,5.1,41,hot,2017-08-15 13:00:00
position_383,-2390.81,-309.86519999999996,1.5,13,37.0,54.48730965016569,34.4,5.1,41,hot,2017-08-15 13:00:00
position_384,-2390.81,-299.86519999999996,1.5,13,37.0,54.77049389463387,34.4,5.1,41,hot,2017-08-15 13:00:00
position_385,-2390.81,-289.86519999999996,1.5,13,36.9,54.318593616701435,34.4,5.1,41,hot,2017-08-15 13:00:00
position_386,-2390.81,-279.86519999999996,1.5,13,36.7,53.346309886144795,34.4,5.1,41,hot,2017-08-15 13:00:00
position_387,-2390.81,-269.86519999999996,1.5,13,35.7,48.32899360432932,34.4,5.1,41,hot,2017-08-15 13:00:00
position_388,-2390.81,-259.86519999999996,1.5,13,32.7,34.4,34.4,5.1,41,hot,2017-08-15 13:00:00
position_389,-2390.81,-249.86519999999996,1.5,13,32.7,34.4,34.4,5.1,41,hot,2017-08-15 13:00:00
position_390,-2390.81,-239.86519999999996,1.5,13,33.8,39.32479546201091,34.4,5.1,41,hot,2017-08-15 13:00:00
position_391,-2390.81,-229.86519999999996,1.5,13,34.4,42.401857003641204,34.4,5.1,41,hot,2017-08-15 13:00:00
position_392,-2390.81,-219.86519999999996,1.5,13,34.8,44.344194665275836,34.4,5.1,41,hot,2017-08-15 13:00:00
position_393,-2390.81,-209.86519999999996,1.5,13,35.1,45.85248307984815,34.4,5.1,41,hot,2017-08-15 13:00:00
position_394,-2390.81,-199.86519999999996,1.5,13,35.0,45.334237845905825,34.4,5.1,41,hot,2017-08-15 13:00:00
position_395,-2390.81,-189.86519999999996,1.5,13,40.1,68.37755294730432,34.4,5.1,41,very_hot,2017-08-15 13:00:00
position_396,-2380.81,-619.8652,1.5,13,37.4,56.47718875097484,34.4,5.1,41,hot,2017-08-15 13:00:00
position_397,-2380.81,-609.8652,1.5,13,37.4,56.322034673125664,34.4,5.1,41,hot,2017-08-15 13:00:00
position_398,-2380.81,-599.8652,1.5,13,37.3,55.85657243957812,34.4,5.1,41,hot,2017-08-15 13:00:00
position_399,-2380.81,-589.8652,1.5,13,37.3,56.166880595276496,34.4,5.1,41,hot,2017-08-15 13:00:00
position_400,-2380.81,-579.8652,1.5,13,37.4,56.322034673125664,34.4,5.1,41,hot,2017-08-15 13:00:00
position_401,-2380.81,-569.8652,1.5,13,37.4,56.47718875097484,34.4,5.1,41,hot,2017-08-15 13:00:00
position_402,-2380.81,-559.8652,1.5,13,37.4,56.47718875097484,34.4,5.1,41,hot,2017-08-15 13:00:00
position_403,-2380.81,-549.8652,1.5,13,37.4,56.32881565093321,34.4,5.1,41,hot,2017-08-15 13:00:00
position_404,-2380.81,-539.8652,1.5,13,37.4,56.48396972878238,34.4,5.1,41,hot,2017-08-15 13:00:00
position_405,-2380.81,-529.8652,1.5,13,37.2,55.70141836172894,34.4,5.1,41,hot,2017-08-15 13:00:00
position_406,-2380.81,-519.8652,1.5,13,37.2,55.54626428387977,34.4,5.1,41,hot,2017-08-15 13:00:00
position_407,-2380.81,-509.86519999999996,1.5,13,37.1,55.08080205033223,34.4,5.1,41,hot,2017-08-15 13:00:00
position_408,-2380.81,-499.86519999999996,1.5,13,37.2,55.55304526168731,34.4,5.1,41,hot,2017-08-15 13:00:00
position_409,-2380.81,-489.86519999999996,1.5,13,37.2,55.40467216164567,34.4,5.1,41,hot,2017-08-15 13:00:00
position_410,-2380.81,-479.86519999999996,1.5,13,37.3,55.85657243957812,34.4,5.1,41,hot,2017-08-15 13:00:00
position_411,-2380.81,-469.86519999999996,1.5,13,37.3,55.87013439519321,34.4,5.1,41,hot,2017-08-15 13:00:00
position_412,-2380.81,-459.86519999999996,1.5,13,37.3,56.18044255089156,34.4,5.1,41,hot,2017-08-15 13:00:00
position_413,-2380.81,-449.86519999999996,1.5,13,37.3,55.87013439519321,34.4,5.1,41,hot,2017-08-15 13:00:00
position_414,-2380.81,-439.86519999999996,1.5,13,37.2,55.37721155210734,34.4,5.1,41,hot,2017-08-15 13:00:00
position_415,-2380.81,-429.86519999999996,1.5,13,36.9,54.16305705032386,34.4,5.1,41,hot,2017-08-15 13:00:00
position_416,-2380.81,-419.86519999999996,1.5,13,36.9,54.33893655012406,34.4,5.1,41,hot,2017-08-15 13:00:00
position_417,-2380.81,-409.86519999999996,1.5,13,36.9,54.18378247227488,34.4,5.1,41,hot,2017-08-15 13:00:00
position_418,-2380.81,-399.86519999999996,1.5,13,37.0,54.79083682805651,34.4,5.1,41,hot,2017-08-15 13:00:00
position_419,-2380.81,-389.86519999999996,1.5,13,36.9,54.345717527931605,34.4,5.1,41,hot,2017-08-15 13:00:00
position_420,-2380.81,-379.86519999999996,1.5,13,36.9,54.19734442788998,34.4,5.1,41,hot,2017-08-15 13:00:00
position_421,-2380.81,-369.86519999999996,1.5,13,36.9,54.007948762694916,34.4,5.1,41,hot,2017-08-15 13:00:00
position_422,-2380.81,-359.86519999999996,1.5,13,37.0,54.48714130101161,34.4,5.1,41,hot,2017-08-15 13:00:00
position_423,-2380.81,-349.86519999999996,1.5,13,36.8,53.71815188957327,34.4,5.1,41,hot,2017-08-15 13:00:00
position_424,-2380.81,-339.86519999999996,1.5,13,36.9,54.14259155796738,34.4,5.1,41,hot,2017-08-15 13:00:00
position_425,-2380.81,-329.86519999999996,1.5,13,37.0,54.459849040627375,34.4,5.1,41,hot,2017-08-15 13:00:00
position_426,-2380.81,-319.86519999999996,1.5,13,37.1,55.25629906160404,34.4,5.1,41,hot,2017-08-15 13:00:00
position_427,-2380.81,-309.86519999999996,1.5,13,37.1,54.94599090590569,34.4,5.1,41,hot,2017-08-15 13:00:00
position_428,-2380.81,-299.86519999999996,1.5,13,37.2,55.70141836172894,34.4,5.1,41,hot,2017-08-15 13:00:00
position_429,-2380.81,-289.86519999999996,1.5,13,37.1,55.087583028139775,34.4,5.1,41,hot,2017-08-15 13:00:00
position_430,-2380.81,-279.86519999999996,1.5,13,37.0,54.63568275020734,34.4,5.1,41,hot,2017-08-15 13:00:00
position_431,-2380.81,-269.86519999999996,1.5,13,36.7,53.08026192459622,34.4,5.1,41,hot,2017-08-15 13:00:00
position_432,-2380.81,-259.86519999999996,1.5,13,36.4,51.807902784519456,34.4,5.1,41,hot,2017-08-15 13:00:00
position_433,-2380.81,-249.86519999999996,1.5,13,36.1,50.60402681913445,34.4,5.1,41,hot,2017-08-15 13:00:00
position_434,-2380.81,-239.86519999999996,1.5,13,35.8,49.072951532286524,34.4,5.1,41,hot,2017-08-15 13:00:00
position_435,-2380.81,-229.86519999999996,1.5,13,36.2,50.90060467006363,34.4,5.1,41,hot,2017-08-15 13:00:00
position_436,-2380.81,-219.86519999999996,1.5,13,36.2,50.70780302671812,34.4,5.1,41,hot,2017-08-15 13:00:00
position_437,-2380.81,-209.86519999999996,1.5,13,36.2,50.72726068920057,34.4,5.1,41,hot,2017-08-15 13:00:00
position_438,-2380.81,-199.86519999999996,1.5,13,36.6,52.76288188300241,34.4,5.1,41,hot,2017-08-15 13:00:00
position_439,-2380.81,-189.86519999999996,1.5,13,40.3,69.60067243579746,34.4,5.1,41,very_hot,2017-08-15 13:00:00
position_440,-2370.81,-619.8652,1.5,13,37.4,56.322034673125664,34.4,5.1,41,hot,2017-08-15 13:00:00
position_441,-2370.81,-609.8652,1.5,13,37.4,56.47718875097484,34.4,5.1,41,hot,2017-08-15 13:00:00
position_442,-2370.81,-599.8652,1.5,13,37.4,56.632342828824015,34.4,5.1,41,hot,2017-08-15 13:00:00
position_443,-2370.81,-589.8652,1.5,13,37.4,56.322034673125664,34.4,5.1,41,hot,2017-08-15 13:00:00
position_444,-2370.81,-579.8652,1.5,13,37.4,56.47718875097484,34.4,5.1,41,hot,2017-08-15 13:00:00
position_445,-2370.81,-569.8652,1.5,13,37.4,56.322034673125664,34.4,5.1,41,hot,2017-08-15 13:00:00
position_446,-2370.81,-559.8652,1.5,13,37.3,56.166880595276496,34.4,5.1,41,hot,2017-08-15 13:00:00
position_447,-2370.81,-549.8652,1.5,13,37.4,56.632342828824015,34.4,5.1,41,hot,2017-08-15 13:00:00
position_448,-2370.81,-539.8652,1.5,13,37.4,56.322034673125664,34.4,5.1,41,hot,2017-08-15 13:00:00
position_449,-2370.81,-529.8652,1.5,13,37.3,56.166880595276496,34.4,5.1,41,hot,2017-08-15 13:00:00
position_450,-2370.81,-519.8652,1.5,13,37.3,56.166880595276496,34.4,5.1,41,hot,2017-08-15 13:00:00
position_451,-2370.81,-509.86519999999996,1.5,13,37.2,55.70141836172894,34.4,5.1,41,hot,2017-08-15 13:00:00
position_452,-2370.81,-499.86519999999996,1.5,13,37.3,55.85657243957812,34.4,5.1,41,hot,2017-08-15 13:00:00
position_453,-2370.81,-489.86519999999996,1.5,13,37.4,56.322034673125664,34.4,5.1,41,hot,2017-08-15 13:00:00
position_454,-2370.81,-479.86519999999996,1.5,13,37.4,56.322034673125664,34.4,5.1,41,hot,2017-08-15 13:00:00
position_455,-2370.81,-469.86519999999996,1.5,13,37.4,56.632342828824015,34.4,5.1,41,hot,2017-08-15 13:00:00
position_456,-2370.81,-459.86519999999996,1.5,13,37.3,56.166880595276496,34.4,5.1,41,hot,2017-08-15 13:00:00
position_457,-2370.81,-449.86519999999996,1.5,13,37.3,56.01850749523485,34.4,5.1,41,hot,2017-08-15 13:00:00
position_458,-2370.81,-439.86519999999996,1.5,13,37.1,55.23919375717779,34.4,5.1,41,hot,2017-08-15 13:00:00
position_459,-2370.81,-429.86519999999996,1.5,13,36.9,54.05844136166394,34.4,5.1,41,hot,2017-08-15 13:00:00
position_460,-2370.81,-419.86519999999996,1.5,13,37.2,55.71498031734403,34.4,5.1,41,hot,2017-08-15 13:00:00
position_461,-2370.81,-409.86519999999996,1.5,13,37.3,55.85657243957812,34.4,5.1,41,hot,2017-08-15 13:00:00
position_462,-2370.81,-399.86519999999996,1.5,13,37.2,55.70141836172894,34.4,5.1,41,hot,2017-08-15 13:00:00
position_463,-2370.81,-389.86519999999996,1.5,13,37.2,55.70141836172894,34.4,5.1,41,hot,2017-08-15 13:00:00
position_464,-2370.81,-379.86519999999996,1.5,13,37.2,55.40467216164567,34.4,5.1,41,hot,2017-08-15 13:00:00
position_465,-2370.81,-369.86519999999996,1.5,13,37.2,55.55304526168731,34.4,5.1,41,hot,2017-08-15 13:00:00
position_466,-2370.81,-359.86519999999996,1.5,13,37.1,55.2495180837965,34.4,5.1,41,hot,2017-08-15 13:00:00
position_467,-2370.81,-349.86519999999996,1.5,13,37.1,55.2495180837965,34.4,5.1,41,hot,2017-08-15 13:00:00
position_468,-2370.81,-339.86519999999996,1.5,13,37.2,55.40467216164567,34.4,5.1,41,hot,2017-08-15 13:00:00
position_469,-2370.81,-329.86519999999996,1.5,13,37.2,55.55982623949485,34.4,5.1,41,hot,2017-08-15 13:00:00
position_470,-2370.81,-319.86519999999996,1.5,13,37.2,55.40467216164567,34.4,5.1,41,hot,2017-08-15 13:00:00
position_471,-2370.81,-309.86519999999996,1.5,13,37.2,55.70141836172894,34.4,5.1,41,hot,2017-08-15 13:00:00
position_472,-2370.81,-299.86519999999996,1.5,13,37.2,55.54626428387977,34.4,5.1,41,hot,2017-08-15 13:00:00
position_473,-2370.81,-289.86519999999996,1.5,13,37.1,55.235956128181414,34.4,5.1,41,hot,2017-08-15 13:00:00
position_474,-2370.81,-279.86519999999996,1.5,13,37.1,55.24273710598896,34.4,5.1,41,hot,2017-08-15 13:00:00
position_475,-2370.81,-269.86519999999996,1.5,13,37.0,54.79761780586405,34.4,5.1,41,hot,2017-08-15 13:00:00
position_476,-2370.81,-259.86519999999996,1.5,13,37.0,54.49409062797324,34.4,5.1,41,hot,2017-08-15 13:00:00
position_477,-2370.81,-249.86519999999996,1.5,13,36.8,53.88703627219162,34.4,5.1,41,hot,2017-08-15 13:00:00
position_478,-2370.81,-239.86519999999996,1.5,13,36.8,53.5835090943008,34.4,5.1,41,hot,2017-08-15 13:00:00
position_479,-2370.81,-229.86519999999996,1.5,13,36.7,53.27998191640999,34.4,5.1,41,hot,2017-08-15 13:00:00
position_480,-2370.81,-219.86519999999996,1.5,13,36.5,52.48693787358377,34.4,5.1,41,hot,2017-08-15 13:00:00
position_481,-2370.81,-209.86519999999996,1.5,13,36.5,52.075174889508254,34.4,5.1,41,hot,2017-08-15 13:00:00
position_482,-2370.81,-199.86519999999996,1.5,13,36.9,54.35249850573915,34.4,5.1,41,hot,2017-08-15 13:00:00
position_483,-2370.81,-189.86519999999996,1.5,13,40.5,70.23518740111743,34.4,5.1,41,very_hot,2017-08-15 13:00:00
position_484,-2360.81,-619.8652,1.5,13,37.4,56.632342828824015,34.4,5.1,41,hot,2017-08-15 13:00:00
position_485,-2360.81,-609.8652,1.5,13,37.4,56.47718875097484,34.4,5.1,41,hot,2017-08-15 13:00:00
position_486,-2360.81,-599.8652,1.5,13,37.4,56.632342828824015,34.4,5.1,41,hot,2017-08-15 13:00:00
position_487,-2360.81,-589.8652,1.5,13,37.4,56.632342828824015,34.4,5.1,41,hot,2017-08-15 13:00:00
position_488,-2360.81,-579.8652,1.5,13,37.4,56.322034673125664,34.4,5.1,41,hot,2017-08-15 13:00:00
position_489,-2360.81,-569.8652,1.5,13,37.4,56.632342828824015,34.4,5.1,41,hot,2017-08-15 13:00:00
position_490,-2360.81,-559.8652,1.5,13,37.4,56.47718875097484,34.4,5.1,41,hot,2017-08-15 13:00:00
position_491,-2360.81,-549.8652,1.5,13,37.4,56.322034673125664,34.4,5.1,41,hot,2017-08-15 13:00:00
position_492,-2360.81,-539.8652,1.5,13,37.4,56.47718875097484,34.4,5.1,41,hot,2017-08-15 13:00:00
position_493,-2360.81,-529.8652,1.5,13,37.4,56.632342828824015,34.4,5.1,41,hot,2017-08-15 13:00:00
position_494,-2360.81,-519.8652,1.5,13,37.4,56.632342828824015,34.4,5.1,41,hot,2017-08-15 13:00:00
position_495,-2360.81,-509.86519999999996,1.5,13,37.5,56.7874969066732,34.4,5.1,41,hot,2017-08-15 13:00:00
position_496,-2360.81,-499.86519999999996,1.5,13,37.3,56.011726517427306,34.4,5.1,41,hot,2017-08-15 13:00:00
position_497,-2360.81,-489.86519999999996,1.5,13,37.1,55.235956128181414,34.4,5.1,41,hot,2017-08-15 13:00:00
position_498,-2360.81,-479.86519999999996,1.5,13,37.4,56.322034673125664,34.4,5.1,41,hot,2017-08-15 13:00:00
position_499,-2360.81,-469.86519999999996,1.5,13,37.4,56.322034673125664,34.4,5.1,41,hot,2017-08-15 13:00:00
position_500,-2360.81,-459.86519999999996,1.5,13,37.3,56.166880595276496,34.4,5.1,41,hot,2017-08-15 13:00:00
position_501,-2360.81,-449.86519999999996,1.5,13,37.2,55.54626428387977,34.4,5.1,41,hot,2017-08-15 13:00:00
position_502,-2360.81,-439.86519999999996,1.5,13,37.2,55.55982623949485,34.4,5.1,41,hot,2017-08-15 13:00:00
position_503,-2360.81,-429.86519999999996,1.5,13,37.3,55.87013439519321,34.4,5.1,41,hot,2017-08-15 13:00:00
position_504,-2360.81,-419.86519999999996,1.5,13,37.2,55.39111020603059,34.4,5.1,41,hot,2017-08-15 13:00:00
position_505,-2360.81,-409.86519999999996,1.5,13,37.2,55.70141836172894,34.4,5.1,41,hot,2017-08-15 13:00:00
position_506,-2360.81,-399.86519999999996,1.5,13,37.3,55.85657243957812,34.4,5.1,41,hot,2017-08-15 13:00:00
position_507,-2360.81,-389.86519999999996,1.5,13,37.2,55.54626428387977,34.4,5.1,41,hot,2017-08-15 13:00:00
position_508,-2360.81,-379.86519999999996,1.5,13,37.2,55.54626428387977,34.4,5.1,41,hot,2017-08-15 13:00:00
position_509,-2360.81,-369.86519999999996,1.5,13,37.2,55.54626428387977,34.4,5.1,41,hot,2017-08-15 13:00:00
position_510,-2360.81,-359.86519999999996,1.5,13,37.2,55.54626428387977,34.4,5.1,41,hot,2017-08-15 13:00:00
position_511,-2360.81,-349.86519999999996,1.5,13,37.3,55.85657243957812,34.4,5.1,41,hot,2017-08-15 13:00:00
position_512,-2360.81,-339.86519999999996,1.5,13,37.3,55.85657243957812,34.4,5.1,41,hot,2017-08-15 13:00:00
position_513,-2360.81,-329.86519999999996,1.5,13,37.3,56.011726517427306,34.4,5.1,41,hot,2017-08-15 13:00:00
position_514,-2360.81,-319.86519999999996,1.5,13,37.2,55.70141836172894,34.4,5.1,41,hot,2017-08-15 13:00:00
position_515,-2360.81,-309.86519999999996,1.5,13,37.3,55.85657243957812,34.4,5.1,41,hot,2017-08-15 13:00:00
position_516,-2360.81,-299.86519999999996,1.5,13,37.2,55.70141836172894,34.4,5.1,41,hot,2017-08-15 13:00:00
position_517,-2360.81,-289.86519999999996,1.5,13,37.2,55.39111020603059,34.4,5.1,41,hot,2017-08-15 13:00:00
position_518,-2360.81,-279.86519999999996,1.5,13,37.1,55.235956128181414,34.4,5.1,41,hot,2017-08-15 13:00:00
position_519,-2360.81,-269.86519999999996,1.5,13,37.1,55.08080205033223,34.4,5.1,41,hot,2017-08-15 13:00:00
position_520,-2360.81,-259.86519999999996,1.5,13,37.1,55.235956128181414,34.4,5.1,41,hot,2017-08-15 13:00:00
position_521,-2360.81,-249.86519999999996,1.5,13,37.1,55.08080205033223,34.4,5.1,41,hot,2017-08-15 13:00:00
position_522,-2360.81,-239.86519999999996,1.5,13,37.1,55.235956128181414,34.4,5.1,41,hot,2017-08-15 13:00:00
position_523,-2360.81,-229.86519999999996,1.5,13,37.0,54.77049389463387,34.4,5.1,41,hot,2017-08-15 13:00:00
position_524,-2360.81,-219.86519999999996,1.5,13,37.1,54.939209928098144,34.4,5.1,41,hot,2017-08-15 13:00:00
position_525,-2360.81,-209.86519999999996,1.5,13,37.1,55.09436400594731,34.4,5.1,41,hot,2017-08-15 13:00:00
position_526,-2360.81,-199.86519999999996,1.5,13,37.2,55.39111020603059,34.4,5.1,41,hot,2017-08-15 13:00:00
position_527,-2360.81,-189.86519999999996,1.5,13,40.5,70.36999854554398,34.4,5.1,41,very_hot,2017-08-15 13:00:00
position_528,-2350.81,-619.8652,1.5,13,37.4,56.61861252405485,34.4,5.1,41,hot,2017-08-15 13:00:00
position_529,-2350.81,-609.8652,1.5,13,37.4,56.63912380663156,34.4,5.1,41,hot,2017-08-15 13:00:00
position_530,-2350.81,-599.8652,1.5,13,37.5,56.7874969066732,34.4,5.1,41,hot,2017-08-15 13:00:00
position_531,-2350.81,-589.8652,1.5,13,37.5,56.7874969066732,34.4,5.1,41,hot,2017-08-15 13:00:00
position_532,-2350.81,-579.8652,1.5,13,37.4,56.632342828824015,34.4,5.1,41,hot,2017-08-15 13:00:00
position_533,-2350.81,-569.8652,1.5,13,37.5,56.7874969066732,34.4,5.1,41,hot,2017-08-15 13:00:00
position_534,-2350.81,-559.8652,1.5,13,37.4,56.632342828824015,34.4,5.1,41,hot,2017-08-15 13:00:00
position_535,-2350.81,-549.8652,1.5,13,37.4,56.47718875097484,34.4,5.1,41,hot,2017-08-15 13:00:00
position_536,-2350.81,-539.8652,1.5,13,37.3,56.18044255089156,34.4,5.1,41,hot,2017-08-15 13:00:00
position_537,-2350.81,-529.8652,1.5,13,37.2,55.73532325076666,34.4,5.1,41,hot,2017-08-15 13:00:00
position_538,-2350.81,-519.8652,1.5,13,37.3,55.88369635080829,34.4,5.1,41,hot,2017-08-15 13:00:00
position_539,-2350.81,-509.86519999999996,1.5,13,37.5,56.7874969066732,34.4,5.1,41,hot,2017-08-15 13:00:00
position_540,-2350.81,-499.86519999999996,1.5,13,37.4,56.632342828824015,34.4,5.1,41,hot,2017-08-15 13:00:00
position_541,-2350.81,-489.86519999999996,1.5,13,37.4,56.322034673125664,34.4,5.1,41,hot,2017-08-15 13:00:00
position_542,-2350.81,-479.86519999999996,1.5,13,37.4,56.47718875097484,34.4,5.1,41,hot,2017-08-15 13:00:00
position_543,-2350.81,-469.86519999999996,1.5,13,37.5,56.7874969066732,34.4,5.1,41,hot,2017-08-15 13:00:00
position_544,-2350.81,-459.86519999999996,1.5,13,37.4,56.632342828824015,34.4,5.1,41,hot,2017-08-15 13:00:00
position_545,-2350.81,-449.86519999999996,1.5,13,37.4,56.632342828824015,34.4,5.1,41,hot,2017-08-15 13:00:00
position_546,-2350.81,-439.86519999999996,1.5,13,37.4,56.32881565093321,34.4,5.1,41,hot,2017-08-15 13:00:00
position_547,-2350.81,-429.86519999999996,1.5,13,37.4,56.32881565093321,34.4,5.1,41,hot,2017-08-15 13:00:00
position_548,-2350.81,-419.86519999999996,1.5,13,37.3,55.87013439519321,34.4,5.1,41,hot,2017-08-15 13:00:00
position_549,-2350.81,-409.86519999999996,1.5,13,37.3,56.011726517427306,34.4,5.1,41,hot,2017-08-15 13:00:00
position_550,-2350.81,-399.86519999999996,1.5,13,37.3,55.85657243957812,34.4,5.1,41,hot,2017-08-15 13:00:00
position_551,-2350.81,-389.86519999999996,1.5,13,37.2,55.54626428387977,34.4,5.1,41,hot,2017-08-15 13:00:00
position_552,-2350.81,-379.86519999999996,1.5,13,37.2,55.411453139453215,34.4,5.1,41,hot,2017-08-15 13:00:00
position_553,-2350.81,-369.86519999999996,1.5,13,37.2,55.71498031734403,34.4,5.1,41,hot,2017-08-15 13:00:00
position_554,-2350.81,-359.86519999999996,1.5,13,37.3,56.166880595276496,34.4,5.1,41,hot,2017-08-15 13:00:00
position_555,-2350.81,-349.86519999999996,1.5,13,37.3,56.166880595276496,34.4,5.1,41,hot,2017-08-15 13:00:00
position_556,-2350.81,-339.86519999999996,1.5,13,37.3,55.85657243957812,34.4,5.1,41,hot,2017-08-15 13:00:00
position_557,-2350.81,-329.86519999999996,1.5,13,37.2,55.70141836172894,34.4,5.1,41,hot,2017-08-15 13:00:00
position_558,-2350.81,-319.86519999999996,1.5,13,37.3,55.85657243957812,34.4,5.1,41,hot,2017-08-15 13:00:00
position_559,-2350.81,-309.86519999999996,1.5,13,37.3,55.85657243957812,34.4,5.1,41,hot,2017-08-15 13:00:00
position_560,-2350.81,-299.86519999999996,1.5,13,37.2,55.54626428387977,34.4,5.1,41,hot,2017-08-15 13:00:00
position_561,-2350.81,-289.86519999999996,1.5,13,37.2,55.54626428387977,34.4,5.1,41,hot,2017-08-15 13:00:00
position_562,-2350.81,-279.86519999999996,1.5,13,37.1,54.925647972483056,34.4,5.1,41,hot,2017-08-15 13:00:00
position_563,-2350.81,-269.86519999999996,1.5,13,37.1,54.925647972483056,34.4,5.1,41,hot,2017-08-15 13:00:00
position_564,-2350.81,-259.86519999999996,1.5,13,37.1,55.08080205033223,34.4,5.1,41,hot,2017-08-15 13:00:00
position_565,-2350.81,-249.86519999999996,1.5,13,37.0,54.77049389463387,34.4,5.1,41,hot,2017-08-15 13:00:00
position_566,-2350.81,-239.86519999999996,1.5,13,37.0,54.78405585024896,34.4,5.1,41,hot,2017-08-15 13:00:00
position_567,-2350.81,-229.86519999999996,1.5,13,37.1,54.91869864552144,34.4,5.1,41,hot,2017-08-15 13:00:00
position_568,-2350.81,-219.86519999999996,1.5,13,37.1,55.087583028139775,34.4,5.1,41,hot,2017-08-15 13:00:00
position_569,-2350.81,-209.86519999999996,1.5,13,37.1,55.235956128181414,34.4,5.1,41,hot,2017-08-15 13:00:00
position_570,-2350.81,-199.86519999999996,1.5,13,37.1,55.08080205033223,34.4,5.1,41,hot,2017-08-15 13:00:00
position_571,-2350.81,-189.86519999999996,1.5,13,40.4,70.05969038984561,34.4,5.1,41,very_hot,2017-08-15 13:00:00
position_572,-2340.81,-619.8652,1.5,13,37.3,55.86100173631482,34.4,5.1,41,hot,2017-08-15 13:00:00
position_573,-2340.81,-609.8652,1.5,13,37.5,56.7874969066732,34.4,5.1,41,hot,2017-08-15 13:00:00
position_574,-2340.81,-599.8652,1.5,13,37.5,56.7874969066732,34.4,5.1,41,hot,2017-08-15 13:00:00
position_575,-2340.81,-589.8652,1.5,13,37.5,56.7874969066732,34.4,5.1,41,hot,2017-08-15 13:00:00
position_576,-2340.81,-579.8652,1.5,13,37.4,56.48396972878238,34.4,5.1,41,hot,2017-08-15 13:00:00
position_577,-2340.81,-569.8652,1.5,13,37.3,56.025288473042394,34.4,5.1,41,hot,2017-08-15 13:00:00
position_578,-2340.81,-559.8652,1.5,13,37.4,56.322034673125664,34.4,5.1,41,hot,2017-08-15 13:00:00
position_579,-2340.81,-549.8652,1.5,13,37.4,56.632342828824015,34.4,5.1,41,hot,2017-08-15 13:00:00
position_580,-2340.81,-539.8652,1.5,13,37.1,54.93882743956975,34.4,5.1,41,hot,2017-08-15 13:00:00
position_581,-2340.81,-529.8652,1.5,13,35.9,49.44729426865065,34.4,5.1,41,hot,2017-08-15 13:00:00
position_582,-2340.81,-519.8652,1.5,13,36.6,52.96622199198464,34.4,5.1,41,hot,2017-08-15 13:00:00
position_583,-2340.81,-509.86519999999996,1.5,13,37.2,55.593853687466414,34.4,5.1,41,hot,2017-08-15 13:00:00
position_584,-2340.81,-499.86519999999996,1.5,13,37.4,56.47718875097484,34.4,5.1,41,hot,2017-08-15 13:00:00
position_585,-2340.81,-489.86519999999996,1.5,13,37.4,56.47370668145244,34.4,5.1,41,hot,2017-08-15 13:00:00
position_586,-2340.81,-479.86519999999996,1.5,13,37.3,55.85657243957812,34.4,5.1,41,hot,2017-08-15 13:00:00
position_587,-2340.81,-469.86519999999996,1.5,13,37.4,56.32881565093321,34.4,5.1,41,hot,2017-08-15 13:00:00
position_588,-2340.81,-459.86519999999996,1.5,13,37.4,56.632342828824015,34.4,5.1,41,hot,2017-08-15 13:00:00
position_589,-2340.81,-449.86519999999996,1.5,13,37.2,55.728542272959125,34.4,5.1,41,hot,2017-08-15 13:00:00
position_590,-2340.81,-439.86519999999996,1.5,13,37.2,55.39051357812787,34.4,5.1,41,hot,2017-08-15 13:00:00
position_591,-2340.81,-429.86519999999996,1.5,13,36.8,53.56640378916193,34.4,5.1,41,hot,2017-08-15 13:00:00
position_592,-2340.81,-419.86519999999996,1.5,13,37.1,55.015388155482775,34.4,5.1,41,hot,2017-08-15 13:00:00
position_593,-2340.81,-409.86519999999996,1.5,13,37.2,55.667008425228985,34.4,5.1,41,hot,2017-08-15 13:00:00
position_594,-2340.81,-399.86519999999996,1.5,13,37.2,55.708199339536485,34.4,5.1,41,hot,2017-08-15 13:00:00
position_595,-2340.81,-389.86519999999996,1.5,13,37.4,56.32881565093321,34.4,5.1,41,hot,2017-08-15 13:00:00
position_596,-2340.81,-379.86519999999996,1.5,13,37.0,54.63673637030159,34.4,5.1,41,hot,2017-08-15 13:00:00
position_597,-2340.81,-369.86519999999996,1.5,13,37.2,55.57233457501568,34.4,5.1,41,hot,2017-08-15 13:00:00
position_598,-2340.81,-359.86519999999996,1.5,13,37.2,55.73199404132981,34.4,5.1,41,hot,2017-08-15 13:00:00
position_599,-2340.81,-349.86519999999996,1.5,13,37.3,56.01850749523485,34.4,5.1,41,hot,2017-08-15 13:00:00
position_600,-2340.81,-339.86519999999996,1.5,13,37.3,56.01850749523485,34.4,5.1,41,hot,2017-08-15 13:00:00
position_601,-2340.81,-329.86519999999996,1.5,13,37.3,56.011726517427306,34.4,5.1,41,hot,2017-08-15 13:00:00
position_602,-2340.81,-319.86519999999996,1.5,13,37.3,55.85657243957812,34.4,5.1,41,hot,2017-08-15 13:00:00
position_603,-2340.81,-309.86519999999996,1.5,13,37.1,55.2495180837965,34.4,5.1,41,hot,2017-08-15 13:00:00
position_604,-2340.81,-299.86519999999996,1.5,13,37.1,55.09436400594731,34.4,5.1,41,hot,2017-08-15 13:00:00
position_605,-2340.81,-289.86519999999996,1.5,13,37.0,54.611857746906,34.4,5.1,41,hot,2017-08-15 13:00:00
position_606,-2340.81,-279.86519999999996,1.5,13,37.1,55.0533414407939,34.4,5.1,41,hot,2017-08-15 13:00:00
position_607,-2340.81,-269.86519999999996,1.5,13,37.1,55.08080205033223,34.4,5.1,41,hot,2017-08-15 13:00:00
position_608,-2340.81,-259.86519999999996,1.5,13,37.1,55.09436400594731,34.4,5.1,41,hot,2017-08-15 13:00:00
position_609,-2340.81,-249.86519999999996,1.5,13,37.0,54.74981426290309,34.4,5.1,41,hot,2017-08-15 13:00:00
position_610,-2340.81,-239.86519999999996,1.5,13,36.8,53.52313212866579,34.4,5.1,41,hot,2017-08-15 13:00:00
position_611,-2340.81,-229.86519999999996,1.5,13,36.4,51.860375580249645,34.4,5.1,41,hot,2017-08-15 13:00:00
position_612,-2340.81,-219.86519999999996,1.5,13,36.8,53.53216220252867,34.4,5.1,41,hot,2017-08-15 13:00:00
position_613,-2340.81,-209.86519999999996,1.5,13,36.6,52.87124024776463,34.4,5.1,41,hot,2017-08-15 13:00:00
position_614,-2340.81,-199.86519999999996,1.5,13,36.9,54.28418368020148,34.4,5.1,41,hot,2017-08-15 13:00:00
position_615,-2340.81,-189.86519999999996,1.5,13,40.4,69.89758698503482,34.4,5.1,41,very_hot,2017-08-15 13:00:00
position_616,-2330.81,-619.8652,1.5,13,37.4,56.632342828824015,34.4,5.1,41,hot,2017-08-15 13:00:00
position_617,-2330.81,-609.8652,1.5,13,37.4,56.632342828824015,34.4,5.1,41,hot,2017-08-15 13:00:00
position_618,-2330.81,-599.8652,1.5,13,37.4,56.632342828824015,34.4,5.1,41,hot,2017-08-15 13:00:00
position_619,-2330.81,-589.8652,1.5,13,37.4,56.32881565093321,34.4,5.1,41,hot,2017-08-15 13:00:00
position_620,-2330.81,-579.8652,1.5,13,37.0,54.806720163234424,34.4,5.1,41,hot,2017-08-15 13:00:00
position_621,-2330.81,-569.8652,1.5,13,37.2,55.67395775219061,34.4,5.1,41,hot,2017-08-15 13:00:00
position_622,-2330.81,-559.8652,1.5,13,37.3,56.166880595276496,34.4,5.1,41,hot,2017-08-15 13:00:00
position_623,-2330.81,-549.8652,1.5,13,37.4,56.48396972878238,34.4,5.1,41,hot,2017-08-15 13:00:00
position_624,-2330.81,-539.8652,1.5,13,37.0,54.45946655209896,34.4,5.1,41,hot,2017-08-15 13:00:00
position_625,-2330.81,-529.8652,1.5,13,36.0,50.07709201678924,34.4,5.1,41,hot,2017-08-15 13:00:00
position_626,-2330.81,-519.8652,1.5,13,36.2,51.05273145007,34.4,5.1,41,hot,2017-08-15 13:00:00
position_627,-2330.81,-509.86519999999996,1.5,13,37.2,55.431796072875855,34.4,5.1,41,hot,2017-08-15 13:00:00
position_628,-2330.81,-499.86519999999996,1.5,13,37.3,56.166880595276496,34.4,5.1,41,hot,2017-08-15 13:00:00
position_629,-2330.81,-489.86519999999996,1.5,13,37.4,56.322034673125664,34.4,5.1,41,hot,2017-08-15 13:00:00
position_630,-2330.81,-479.86519999999996,1.5,13,37.3,55.83589280784733,34.4,5.1,41,hot,2017-08-15 13:00:00
position_631,-2330.81,-469.86519999999996,1.5,13,37.4,56.35273291166037,34.4,5.1,41,hot,2017-08-15 13:00:00
position_632,-2330.81,-459.86519999999996,1.5,13,37.3,56.187223528699114,34.4,5.1,41,hot,2017-08-15 13:00:00
position_633,-2330.81,-449.86519999999996,1.5,13,36.9,53.99081247977529,34.4,5.1,41,hot,2017-08-15 13:00:00
position_634,-2330.81,-439.86519999999996,1.5,13,36.2,51.037916547069514,34.4,5.1,41,hot,2017-08-15 13:00:00
position_635,-2330.81,-429.86519999999996,1.5,13,36.9,54.28725296004377,34.4,5.1,41,hot,2017-08-15 13:00:00
position_636,-2330.81,-419.86519999999996,1.5,13,36.5,52.507096968783785,34.4,5.1,41,hot,2017-08-15 13:00:00
position_637,-2330.81,-409.86519999999996,1.5,13,37.1,55.077090352366994,34.4,5.1,41,hot,2017-08-15 13:00:00
position_638,-2330.81,-399.86519999999996,1.5,13,37.3,56.173661573084026,34.4,5.1,41,hot,2017-08-15 13:00:00
position_639,-2330.81,-389.86519999999996,1.5,13,37.3,56.173661573084026,34.4,5.1,41,hot,2017-08-15 13:00:00
position_640,-2330.81,-379.86519999999996,1.5,13,36.9,54.32861222314904,34.4,5.1,41,hot,2017-08-15 13:00:00
position_641,-2330.81,-369.86519999999996,1.5,13,36.8,53.78409737077967,34.4,5.1,41,hot,2017-08-15 13:00:00
position_642,-2330.81,-359.86519999999996,1.5,13,37.0,54.56686287720742,34.4,5.1,41,hot,2017-08-15 13:00:00
position_643,-2330.81,-349.86519999999996,1.5,13,37.2,55.71818696820335,34.4,5.1,41,hot,2017-08-15 13:00:00
position_644,-2330.81,-339.86519999999996,1.5,13,37.3,56.166880595276496,34.4,5.1,41,hot,2017-08-15 13:00:00
position_645,-2330.81,-329.86519999999996,1.5,13,37.3,55.85657243957812,34.4,5.1,41,hot,2017-08-15 13:00:00
position_646,-2330.81,-319.86519999999996,1.5,13,37.2,55.40467216164567,34.4,5.1,41,hot,2017-08-15 13:00:00
position_647,-2330.81,-309.86519999999996,1.5,13,37.0,54.50111672329216,34.4,5.1,41,hot,2017-08-15 13:00:00
position_648,-2330.81,-299.86519999999996,1.5,13,36.9,54.042450279635354,34.4,5.1,41,hot,2017-08-15 13:00:00
position_649,-2330.81,-289.86519999999996,1.5,13,37.1,55.23578777902733,34.4,5.1,41,hot,2017-08-15 13:00:00
position_650,-2330.81,-279.86519999999996,1.5,13,37.1,55.2495180837965,34.4,5.1,41,hot,2017-08-15 13:00:00
position_651,-2330.81,-269.86519999999996,1.5,13,37.0,54.58092988028475,34.4,5.1,41,hot,2017-08-15 13:00:00
position_652,-2330.81,-259.86519999999996,1.5,13,36.8,53.530146542780635,34.4,5.1,41,hot,2017-08-15 13:00:00
position_653,-2330.81,-249.86519999999996,1.5,13,36.2,50.75300755094121,34.4,5.1,41,hot,2017-08-15 13:00:00
position_654,-2330.81,-239.86519999999996,1.5,13,36.4,51.867294605703265,34.4,5.1,41,hot,2017-08-15 13:00:00
position_655,-2330.81,-229.86519999999996,1.5,13,36.7,53.35994861047348,34.4,5.1,41,hot,2017-08-15 13:00:00
position_656,-2330.81,-219.86519999999996,1.5,13,36.6,52.815573302956714,34.4,5.1,41,hot,2017-08-15 13:00:00
position_657,-2330.81,-209.86519999999996,1.5,13,36.0,49.97341839386476,34.4,5.1,41,hot,2017-08-15 13:00:00
position_658,-2330.81,-199.86519999999996,1.5,13,36.2,51.084988356161205,34.4,5.1,41,hot,2017-08-15 13:00:00
position_659,-2330.81,-189.86519999999996,1.5,13,40.0,68.2269810262774,34.4,5.1,41,very_hot,2017-08-15 13:00:00
position_660,-2320.81,-619.8652,1.5,13,37.4,56.63912380663156,34.4,5.1,41,hot,2017-08-15 13:00:00
position_661,-2320.81,-609.8652,1.5,13,37.5,56.7874969066732,34.4,5.1,41,hot,2017-08-15 13:00:00
position_662,-2320.81,-599.8652,1.5,13,37.4,56.47718875097484,34.4,5.1,41,hot,2017-08-15 13:00:00
position_663,-2320.81,-589.8652,1.5,13,37.4,56.48396972878238,34.4,5.1,41,hot,2017-08-15 13:00:00
position_664,-2320.81,-579.8652,1.5,13,37.3,55.8598100685745,34.4,5.1,41,hot,2017-08-15 13:00:00
position_665,-2320.81,-569.8652,1.5,13,37.2,55.5325339791106,34.4,5.1,41,hot,2017-08-15 13:00:00
position_666,-2320.81,-559.8652,1.5,13,37.4,56.47718875097484,34.4,5.1,41,hot,2017-08-15 13:00:00
position_667,-2320.81,-549.8652,1.5,13,37.4,56.632342828824015,34.4,5.1,41,hot,2017-08-15 13:00:00
position_668,-2320.81,-539.8652,1.5,13,37.1,55.08029700287,34.4,5.1,41,hot,2017-08-15 13:00:00
position_669,-2320.81,-529.8652,1.5,13,36.4,51.98133834546668,34.4,5.1,41,hot,2017-08-15 13:00:00
position_670,-2320.81,-519.8652,1.5,13,36.5,52.32605643766499,34.4,5.1,41,hot,2017-08-15 13:00:00
position_671,-2320.81,-509.86519999999996,1.5,13,37.2,55.728542272959125,34.4,5.1,41,hot,2017-08-15 13:00:00
position_672,-2320.81,-499.86519999999996,1.5,13,37.4,56.632342828824015,34.4,5.1,41,hot,2017-08-15 13:00:00
position_673,-2320.81,-489.86519999999996,1.5,13,37.2,55.72521306352227,34.4,5.1,41,hot,2017-08-15 13:00:00
position_674,-2320.81,-479.86519999999996,1.5,13,37.3,56.15315029050731,34.4,5.1,41,hot,2017-08-15 13:00:00
position_675,-2320.81,-469.86519999999996,1.5,13,37.2,55.58010857061407,34.4,5.1,41,hot,2017-08-15 13:00:00
position_676,-2320.81,-459.86519999999996,1.5,13,37.3,56.025120123888314,34.4,5.1,41,hot,2017-08-15 13:00:00
position_677,-2320.81,-449.86519999999996,1.5,13,36.8,53.84143154985964,34.4,5.1,41,hot,2017-08-15 13:00:00
position_678,-2320.81,-439.86519999999996,1.5,13,36.4,51.66073616430132,34.4,5.1,41,hot,2017-08-15 13:00:00
position_679,-2320.81,-429.86519999999996,1.5,13,37.1,54.93870488063591,34.4,5.1,41,hot,2017-08-15 13:00:00
position_680,-2320.81,-419.86519999999996,1.5,13,36.6,52.75956816227778,34.4,5.1,41,hot,2017-08-15 13:00:00
position_681,-2320.81,-409.86519999999996,1.5,13,37.0,54.628565074091625,34.4,5.1,41,hot,2017-08-15 13:00:00
position_682,-2320.81,-399.86519999999996,1.5,13,37.3,56.166880595276496,34.4,5.1,41,hot,2017-08-15 13:00:00
position_683,-2320.81,-389.86519999999996,1.5,13,37.3,56.011726517427306,34.4,5.1,41,hot,2017-08-15 13:00:00
position_684,-2320.81,-379.86519999999996,1.5,13,37.1,55.28342297283422,34.4,5.1,41,hot,2017-08-15 13:00:00
position_685,-2320.81,-369.86519999999996,1.5,13,35.9,49.31576436960512,34.4,5.1,41,hot,2017-08-15 13:00:00
position_686,-2320.81,-359.86519999999996,1.5,13,35.7,48.7125294582831,34.4,5.1,41,hot,2017-08-15 13:00:00
position_687,-2320.81,-349.86519999999996,1.5,13,37.2,55.42501509506831,34.4,5.1,41,hot,2017-08-15 13:00:00
position_688,-2320.81,-339.86519999999996,1.5,13,37.3,55.85657243957812,34.4,5.1,41,hot,2017-08-15 13:00:00
position_689,-2320.81,-329.86519999999996,1.5,13,37.3,55.85657243957812,34.4,5.1,41,hot,2017-08-15 13:00:00
position_690,-2320.81,-319.86519999999996,1.5,13,37.2,55.55982623949485,34.4,5.1,41,hot,2017-08-15 13:00:00
position_691,-2320.81,-309.86519999999996,1.5,13,37.0,54.735915608979845,34.4,5.1,41,hot,2017-08-15 13:00:00
position_692,-2320.81,-299.86519999999996,1.5,13,36.9,53.96338284873033,34.4,5.1,41,hot,2017-08-15 13:00:00
position_693,-2320.81,-289.86519999999996,1.5,13,37.0,54.80439878367159,34.4,5.1,41,hot,2017-08-15 13:00:00
position_694,-2320.81,-279.86519999999996,1.5,13,37.1,55.23132818078262,34.4,5.1,41,hot,2017-08-15 13:00:00
position_695,-2320.81,-269.86519999999996,1.5,13,36.7,53.23105966620155,34.4,5.1,41,hot,2017-08-15 13:00:00
position_696,-2320.81,-259.86519999999996,1.5,13,37.0,54.41882647547394,34.4,5.1,41,hot,2017-08-15 13:00:00
position_697,-2320.81,-249.86519999999996,1.5,13,36.8,53.64743891575917,34.4,5.1,41,hot,2017-08-15 13:00:00
position_698,-2320.81,-239.86519999999996,1.5,13,37.0,54.79761780586405,34.4,5.1,41,hot,2017-08-15 13:00:00
position_699,-2320.81,-229.86519999999996,1.5,13,36.5,52.315930761352064,34.4,5.1,41,hot,2017-08-15 13:00:00
position_700,-2320.81,-219.86519999999996,1.5,13,36.4,51.84721540973963,34.4,5.1,41,hot,2017-08-15 13:00:00
position_701,-2320.81,-209.86519999999996,1.5,13,36.5,52.31585399263846,34.4,5.1,41,hot,2017-08-15 13:00:00
position_702,-2320.81,-199.86519999999996,1.5,13,37.0,54.74286493594146,34.4,5.1,41,hot,2017-08-15 13:00:00
position_703,-2320.81,-189.86519999999996,1.5,13,40.4,70.06647136765315,34.4,5.1,41,very_hot,2017-08-15 13:00:00
position_704,-2310.81,-619.8652,1.5,13,37.3,56.18175610058038,34.4,5.1,41,hot,2017-08-15 13:00:00
position_705,-2310.81,-609.8652,1.5,13,37.4,56.632342828824015,34.4,5.1,41,hot,2017-08-15 13:00:00
position_706,-2310.81,-599.8652,1.5,13,37.5,56.7874969066732,34.4,5.1,41,hot,2017-08-15 13:00:00
position_707,-2310.81,-589.8652,1.5,13,37.4,56.632342828824015,34.4,5.1,41,hot,2017-08-15 13:00:00
position_708,-2310.81,-579.8652,1.5,13,37.3,56.173661573084026,34.4,5.1,41,hot,2017-08-15 13:00:00
position_709,-2310.81,-569.8652,1.5,13,37.3,56.011726517427306,34.4,5.1,41,hot,2017-08-15 13:00:00
position_710,-2310.81,-559.8652,1.5,13,37.3,56.18044255089156,34.4,5.1,41,hot,2017-08-15 13:00:00
position_711,-2310.81,-549.8652,1.5,13,37.4,56.34237760654829,34.4,5.1,41,hot,2017-08-15 13:00:00
position_712,-2310.81,-539.8652,1.5,13,36.9,54.03629464317343,34.4,5.1,41,hot,2017-08-15 13:00:00
position_713,-2310.81,-529.8652,1.5,13,35.7,48.756487063140895,34.4,5.1,41,hot,2017-08-15 13:00:00
position_714,-2310.81,-519.8652,1.5,13,36.7,53.4106988743429,34.4,5.1,41,hot,2017-08-15 13:00:00
position_715,-2310.81,-509.86519999999996,1.5,13,37.2,55.71943991523244,34.4,5.1,41,hot,2017-08-15 13:00:00
position_716,-2310.81,-499.86519999999996,1.5,13,37.4,56.632342828824015,34.4,5.1,41,hot,2017-08-15 13:00:00
position_717,-2310.81,-489.86519999999996,1.5,13,37.2,55.680738729998154,34.4,5.1,41,hot,2017-08-15 13:00:00
position_718,-2310.81,-479.86519999999996,1.5,13,36.9,54.00035479709839,34.4,5.1,41,hot,2017-08-15 13:00:00
position_719,-2310.81,-469.86519999999996,1.5,13,37.2,55.518466976033274,34.4,5.1,41,hot,2017-08-15 13:00:00
position_720,-2310.81,-459.86519999999996,1.5,13,37.0,54.593009259715274,34.4,5.1,41,hot,2017-08-15 13:00:00
position_721,-2310.81,-449.86519999999996,1.5,13,37.3,55.89047732861585,34.4,5.1,41,hot,2017-08-15 13:00:00
position_722,-2310.81,-439.86519999999996,1.5,13,37.3,56.04563140646502,34.4,5.1,41,hot,2017-08-15 13:00:00
position_723,-2310.81,-429.86519999999996,1.5,13,37.3,56.01833914608077,34.4,5.1,41,hot,2017-08-15 13:00:00
position_724,-2310.81,-419.86519999999996,1.5,13,36.3,51.36485593858156,34.4,5.1,41,hot,2017-08-15 13:00:00
position_725,-2310.81,-409.86519999999996,1.5,13,37.0,54.46320922855758,34.4,5.1,41,hot,2017-08-15 13:00:00
position_726,-2310.81,-399.86519999999996,1.5,13,37.2,55.680738729998154,34.4,5.1,41,hot,2017-08-15 13:00:00
position_727,-2310.81,-389.86519999999996,1.5,13,37.4,56.322034673125664,34.4,5.1,41,hot,2017-08-15 13:00:00
position_728,-2310.81,-379.86519999999996,1.5,13,37.0,54.82474171709423,34.4,5.1,41,hot,2017-08-15 13:00:00
position_729,-2310.81,-369.86519999999996,1.5,13,35.8,49.09261884929349,34.4,5.1,41,hot,2017-08-15 13:00:00
position_730,-2310.81,-359.86519999999996,1.5,13,36.0,49.93910003816159,34.4,5.1,41,hot,2017-08-15 13:00:00
position_731,-2310.81,-349.86519999999996,1.5,13,37.2,55.42501509506831,34.4,5.1,41,hot,2017-08-15 13:00:00
position_732,-2310.81,-339.86519999999996,1.5,13,37.3,55.85657243957812,34.4,5.1,41,hot,2017-08-15 13:00:00
position_733,-2310.81,-329.86519999999996,1.5,13,37.3,56.011726517427306,34.4,5.1,41,hot,2017-08-15 13:00:00
position_734,-2310.81,-319.86519999999996,1.5,13,37.2,55.70141836172894,34.4,5.1,41,hot,2017-08-15 13:00:00
position_735,-2310.81,-309.86519999999996,1.5,13,37.0,54.4108693186383,34.4,5.1,41,hot,2017-08-15 13:00:00
position_736,-2310.81,-299.86519999999996,1.5,13,35.9,49.56050953191286,34.4,5.1,41,hot,2017-08-15 13:00:00
position_737,-2310.81,-289.86519999999996,1.5,13,37.0,54.467897777903474,34.4,5.1,41,hot,2017-08-15 13:00:00
position_738,-2310.81,-279.86519999999996,1.5,13,37.2,55.55982623949485,34.4,5.1,41,hot,2017-08-15 13:00:00
position_739,-2310.81,-269.86519999999996,1.5,13,37.2,55.55304526168731,34.4,5.1,41,hot,2017-08-15 13:00:00
position_740,-2310.81,-259.86519999999996,1.5,13,37.1,54.95277188371323,34.4,5.1,41,hot,2017-08-15 13:00:00
position_741,-2310.81,-249.86519999999996,1.5,13,37.1,54.939209928098144,34.4,5.1,41,hot,2017-08-15 13:00:00
position_742,-2310.81,-239.86519999999996,1.5,13,37.0,54.50432337415147,34.4,5.1,41,hot,2017-08-15 13:00:00
position_743,-2310.81,-229.86519999999996,1.5,13,36.6,52.79724602928213,34.4,5.1,41,hot,2017-08-15 13:00:00
position_744,-2310.81,-219.86519999999996,1.5,13,36.6,52.539384175670385,34.4,5.1,41,hot,2017-08-15 13:00:00
position_745,-2310.81,-209.86519999999996,1.5,13,36.7,53.400848616693054,34.4,5.1,41,hot,2017-08-15 13:00:00
position_746,-2310.81,-199.86519999999996,1.5,13,36.9,54.29774563581656,34.4,5.1,41,hot,2017-08-15 13:00:00
position_747,-2310.81,-189.86519999999996,1.5,13,40.4,69.88385668026564,34.4,5.1,41,very_hot,2017-08-15 13:00:00
position_748,-2300.81,-619.8652,1.5,13,37.3,56.173493223929945,34.4,5.1,41,hot,2017-08-15 13:00:00
position_749,-2300.81,-609.8652,1.5,13,37.3,55.89047732861585,34.4,5.1,41,hot,2017-08-15 13:00:00
position_750,-2300.81,-599.8652,1.5,13,37.4,56.63912380663156,34.4,5.1,41,hot,2017-08-15 13:00:00
position_751,-2300.81,-589.8652,1.5,13,37.4,56.47718875097484,34.4,5.1,41,hot,2017-08-15 13:00:00
position_752,-2300.81,-579.8652,1.5,13,37.3,55.87691537300075,34.4,5.1,41,hot,2017-08-15 13:00:00
position_753,-2300.81,-569.8652,1.5,13,37.2,55.4045038124916,34.4,5.1,41,hot,2017-08-15 13:00:00
position_754,-2300.81,-559.8652,1.5,13,37.3,56.045753965398866,34.4,5.1,41,hot,2017-08-15 13:00:00
position_755,-2300.81,-549.8652,1.5,13,37.2,55.58016917291748,34.4,5.1,41,hot,2017-08-15 13:00:00
position_756,-2300.81,-539.8652,1.5,13,36.6,52.58814758373693,34.4,5.1,41,hot,2017-08-15 13:00:00
position_757,-2300.81,-529.8652,1.5,13,35.1,45.697479687536315,34.4,5.1,41,hot,2017-08-15 13:00:00
position_758,-2300.81,-519.8652,1.5,13,36.3,51.23069169677145,34.4,5.1,41,hot,2017-08-15 13:00:00
position_759,-2300.81,-509.86519999999996,1.5,13,37.2,55.431796072875855,34.4,5.1,41,hot,2017-08-15 13:00:00
position_760,-2300.81,-499.86519999999996,1.5,13,37.3,55.87013439519321,34.4,5.1,41,hot,2017-08-15 13:00:00
position_761,-2300.81,-489.86519999999996,1.5,13,37.1,55.07368437421653,34.4,5.1,41,hot,2017-08-15 13:00:00
position_762,-2300.81,-479.86519999999996,1.5,13,36.8,53.787717488304445,34.4,5.1,41,hot,2017-08-15 13:00:00
position_763,-2300.81,-469.86519999999996,1.5,13,36.3,51.36799256991492,34.4,5.1,41,hot,2017-08-15 13:00:00
position_764,-2300.81,-459.86519999999996,1.5,13,36.4,51.87047476327531,34.4,5.1,41,hot,2017-08-15 13:00:00
position_765,-2300.81,-449.86519999999996,1.5,13,37.1,54.95277188371323,34.4,5.1,41,hot,2017-08-15 13:00:00
position_766,-2300.81,-439.86519999999996,1.5,13,37.3,56.166880595276496,34.4,5.1,41,hot,2017-08-15 13:00:00
position_767,-2300.81,-429.86519999999996,1.5,13,37.3,56.01850749523485,34.4,5.1,41,hot,2017-08-15 13:00:00
position_768,-2300.81,-419.86519999999996,1.5,13,37.0,54.58404495034728,34.4,5.1,41,hot,2017-08-15 13:00:00
position_769,-2300.81,-409.86519999999996,1.5,13,36.6,52.809738875734425,34.4,5.1,41,hot,2017-08-15 13:00:00
position_770,-2300.81,-399.86519999999996,1.5,13,37.2,55.53236562995652,34.4,5.1,41,hot,2017-08-15 13:00:00
position_771,-2300.81,-389.86519999999996,1.5,13,37.3,56.166880595276496,34.4,5.1,41,hot,2017-08-15 13:00:00
position_772,-2300.81,-379.86519999999996,1.5,13,37.1,55.26308003941159,34.4,5.1,41,hot,2017-08-15 13:00:00
position_773,-2300.81,-369.86519999999996,1.5,13,36.9,54.053522506533525,34.4,5.1,41,hot,2017-08-15 13:00:00
position_774,-2300.81,-359.86519999999996,1.5,13,37.0,54.628565074091625,34.4,5.1,41,hot,2017-08-15 13:00:00
position_775,-2300.81,-349.86519999999996,1.5,13,37.2,55.40467216164567,34.4,5.1,41,hot,2017-08-15 13:00:00
position_776,-2300.81,-339.86519999999996,1.5,13,37.2,55.39111020603059,34.4,5.1,41,hot,2017-08-15 13:00:00
position_777,-2300.81,-329.86519999999996,1.5,13,37.2,55.54626428387977,34.4,5.1,41,hot,2017-08-15 13:00:00
position_778,-2300.81,-319.86519999999996,1.5,13,37.1,55.08080205033223,34.4,5.1,41,hot,2017-08-15 13:00:00
position_779,-2300.81,-309.86519999999996,1.5,13,37.0,54.65614824256381,34.4,5.1,41,hot,2017-08-15 13:00:00
position_780,-2300.81,-299.86519999999996,1.5,13,37.0,54.553469270746405,34.4,5.1,41,hot,2017-08-15 13:00:00
position_781,-2300.81,-289.86519999999996,1.5,13,37.1,54.91853029636736,34.4,5.1,41,hot,2017-08-15 13:00:00
position_782,-2300.81,-279.86519999999996,1.5,13,37.3,55.85657243957812,34.4,5.1,41,hot,2017-08-15 13:00:00
position_783,-2300.81,-269.86519999999996,1.5,13,37.2,55.39111020603059,34.4,5.1,41,hot,2017-08-15 13:00:00
position_784,-2300.81,-259.86519999999996,1.5,13,37.1,55.2495180837965,34.4,5.1,41,hot,2017-08-15 13:00:00
position_785,-2300.81,-249.86519999999996,1.5,13,37.0,54.628733423245706,34.4,5.1,41,hot,2017-08-15 13:00:00
position_786,-2300.81,-239.86519999999996,1.5,13,36.7,53.38711831192388,34.4,5.1,41,hot,2017-08-15 13:00:00
position_787,-2300.81,-229.86519999999996,1.5,13,36.4,51.83174327653301,34.4,5.1,41,hot,2017-08-15 13:00:00
position_788,-2300.81,-219.86519999999996,1.5,13,36.3,51.35928592580362,34.4,5.1,41,hot,2017-08-15 13:00:00
position_789,-2300.81,-209.86519999999996,1.5,13,35.9,49.43585504264892,34.4,5.1,41,hot,2017-08-15 13:00:00
position_790,-2300.81,-199.86519999999996,1.5,13,36.5,52.38186292768183,34.4,5.1,41,hot,2017-08-15 13:00:00
position_791,-2300.81,-189.86519999999996,1.5,13,40.0,68.1835145229836,34.4,5.1,41,very_hot,2017-08-15 13:00:00
position_792,-2290.81,-619.8652,1.5,13,36.9,54.26660362946468,34.4,5.1,41,hot,2017-08-15 13:00:00
position_793,-2290.81,-609.8652,1.5,13,37.0,54.5201764081777,34.4,5.1,41,hot,2017-08-15 13:00:00
position_794,-2290.81,-599.8652,1.5,13,37.4,56.34928114328968,34.4,5.1,41,hot,2017-08-15 13:00:00
position_795,-2290.81,-589.8652,1.5,13,37.4,56.34237760654829,34.4,5.1,41,hot,2017-08-15 13:00:00
position_796,-2290.81,-579.8652,1.5,13,36.9,54.000083186299754,34.4,5.1,41,hot,2017-08-15 13:00:00
position_797,-2290.81,-569.8652,1.5,13,36.4,51.952045914402916,34.4,5.1,41,hot,2017-08-15 13:00:00
position_798,-2290.81,-559.8652,1.5,13,37.2,55.690803127022306,34.4,5.1,41,hot,2017-08-15 13:00:00
position_799,-2290.81,-549.8652,1.5,13,37.0,54.65712509394445,34.4,5.1,41,hot,2017-08-15 13:00:00
position_800,-2290.81,-539.8652,1.5,13,36.5,52.481179537377116,34.4,5.1,41,hot,2017-08-15 13:00:00
position_801,-2290.81,-529.8652,1.5,13,35.6,47.871285391749225,34.4,5.1,41,hot,2017-08-15 13:00:00
position_802,-2290.81,-519.8652,1.5,13,36.6,52.60763622471275,34.4,5.1,41,hot,2017-08-15 13:00:00
position_803,-2290.81,-509.86519999999996,1.5,13,37.1,54.956223652083935,34.4,5.1,41,hot,2017-08-15 13:00:00
position_804,-2290.81,-499.86519999999996,1.5,13,37.1,54.96086641120959,34.4,5.1,41,hot,2017-08-15 13:00:00
position_805,-2290.81,-489.86519999999996,1.5,13,36.7,53.25734790421993,34.4,5.1,41,hot,2017-08-15 13:00:00
position_806,-2290.81,-479.86519999999996,1.5,13,36.7,53.24708485724629,34.4,5.1,41,hot,2017-08-15 13:00:00
position_807,-2290.81,-469.86519999999996,1.5,13,36.6,52.77589526562917,34.4,5.1,41,hot,2017-08-15 13:00:00
position_808,-2290.81,-459.86519999999996,1.5,13,36.9,54.2911330071631,34.4,5.1,41,hot,2017-08-15 13:00:00
position_809,-2290.81,-449.86519999999996,1.5,13,37.0,54.78405585024896,34.4,5.1,41,hot,2017-08-15 13:00:00
position_810,-2290.81,-439.86519999999996,1.5,13,37.2,55.54626428387977,34.4,5.1,41,hot,2017-08-15 13:00:00
position_811,-2290.81,-429.86519999999996,1.5,13,37.1,55.08080205033223,34.4,5.1,41,hot,2017-08-15 13:00:00
position_812,-2290.81,-419.86519999999996,1.5,13,37.1,54.89123803598311,34.4,5.1,41,hot,2017-08-15 13:00:00
position_813,-2290.81,-409.86519999999996,1.5,13,36.9,54.290918867788776,34.4,5.1,41,hot,2017-08-15 13:00:00
position_814,-2290.81,-399.86519999999996,1.5,13,37.1,55.25629906160404,34.4,5.1,41,hot,2017-08-15 13:00:00
position_815,-2290.81,-389.86519999999996,1.5,13,37.2,55.70141836172894,34.4,5.1,41,hot,2017-08-15 13:00:00
position_816,-2290.81,-379.86519999999996,1.5,13,37.1,55.23578777902733,34.4,5.1,41,hot,2017-08-15 13:00:00
position_817,-2290.81,-369.86519999999996,1.5,13,32.7,34.4,34.4,5.1,41,hot,2017-08-15 13:00:00
position_818,-2290.81,-359.86519999999996,1.5,13,32.7,34.4,34.4,5.1,41,hot,2017-08-15 13:00:00
position_819,-2290.81,-349.86519999999996,1.5,13,32.7,34.4,34.4,5.1,41,hot,2017-08-15 13:00:00
position_820,-2290.81,-339.86519999999996,1.5,13,32.7,34.4,34.4,5.1,41,hot,2017-08-15 13:00:00
position_821,-2290.81,-329.86519999999996,1.5,13,32.7,34.4,34.4,5.1,41,hot,2017-08-15 13:00:00
position_822,-2290.81,-319.86519999999996,1.5,13,37.1,55.08080205033223,34.4,5.1,41,hot,2017-08-15 13:00:00
position_823,-2290.81,-309.86519999999996,1.5,13,37.1,55.235956128181414,34.4,5.1,41,hot,2017-08-15 13:00:00
position_824,-2290.81,-299.86519999999996,1.5,13,37.2,55.39111020603059,34.4,5.1,41,hot,2017-08-15 13:00:00
position_825,-2290.81,-289.86519999999996,1.5,13,37.2,55.54626428387977,34.4,5.1,41,hot,2017-08-15 13:00:00
position_826,-2290.81,-279.86519999999996,1.5,13,37.1,55.08080205033223,34.4,5.1,41,hot,2017-08-15 13:00:00
position_827,-2290.81,-269.86519999999996,1.5,13,37.2,55.55304526168731,34.4,5.1,41,hot,2017-08-15 13:00:00
position_828,-2290.81,-259.86519999999996,1.5,13,37.1,54.95277188371323,34.4,5.1,41,hot,2017-08-15 13:00:00
position_829,-2290.81,-249.86519999999996,1.5,13,36.8,53.53549141196552,34.4,5.1,41,hot,2017-08-15 13:00:00
position_830,-2290.81,-239.86519999999996,1.5,13,32.7,34.4,34.4,5.1,41,hot,2017-08-15 13:00:00
position_831,-2290.81,-229.86519999999996,1.5,13,32.7,34.4,34.4,5.1,41,hot,2017-08-15 13:00:00
position_832,-2290.81,-219.86519999999996,1.5,13,34.2,41.32373493819094,34.4,5.1,41,hot,2017-08-15 13:00:00
position_833,-2290.81,-209.86519999999996,1.5,13,32.7,34.4,34.4,5.1,41,hot,2017-08-15 13:00:00
position_834,-2290.81,-199.86519999999996,1.5,13,36.1,50.4453899944212,34.4,5.1,41,hot,2017-08-15 13:00:00
position_835,-2290.81,-189.86519999999996,1.5,13,39.1,64.19987178903989,34.4,5.1,41,very_hot,2017-08-15 13:00:00
position_836,-2280.81,-619.8652,1.5,13,37.3,55.99782786350405,34.4,5.1,41,hot,2017-08-15 13:00:00
position_837,-2280.81,-609.8652,1.5,13,37.2,55.52882228114535,34.4,5.1,41,hot,2017-08-15 13:00:00
position_838,-2280.81,-599.8652,1.5,13,37.3,56.15298194135323,34.4,5.1,41,hot,2017-08-15 13:00:00
position_839,-2280.81,-589.8652,1.5,13,37.4,56.49075070658992,34.4,5.1,41,hot,2017-08-15 13:00:00
position_840,-2280.81,-579.8652,1.5,13,36.9,54.15523726414892,34.4,5.1,41,hot,2017-08-15 13:00:00
position_841,-2280.81,-569.8652,1.5,13,36.3,51.32762564761513,34.4,5.1,41,hot,2017-08-15 13:00:00
position_842,-2280.81,-559.8652,1.5,13,37.3,56.15298194135323,34.4,5.1,41,hot,2017-08-15 13:00:00
position_843,-2280.81,-549.8652,1.5,13,37.2,55.376997412733026,34.4,5.1,41,hot,2017-08-15 13:00:00
position_844,-2280.81,-539.8652,1.5,13,36.0,50.076722030042426,34.4,5.1,41,hot,2017-08-15 13:00:00
position_845,-2280.81,-529.8652,1.5,13,36.6,52.88715456143591,34.4,5.1,41,hot,2017-08-15 13:00:00
position_846,-2280.81,-519.8652,1.5,13,37.0,54.65611726407044,34.4,5.1,41,hot,2017-08-15 13:00:00
position_847,-2280.81,-509.86519999999996,1.5,13,37.1,55.23578777902733,34.4,5.1,41,hot,2017-08-15 13:00:00
position_848,-2280.81,-499.86519999999996,1.5,13,37.2,55.70141836172894,34.4,5.1,41,hot,2017-08-15 13:00:00
position_849,-2280.81,-489.86519999999996,1.5,13,36.7,53.2252290464874,34.4,5.1,41,hot,2017-08-15 13:00:00
position_850,-2280.81,-479.86519999999996,1.5,13,36.0,50.00370765094013,34.4,5.1,41,hot,2017-08-15 13:00:00
position_851,-2280.81,-469.86519999999996,1.5,13,36.0,50.00370765094013,34.4,5.1,41,hot,2017-08-15 13:00:00
position_852,-2280.81,-459.86519999999996,1.5,13,36.0,50.145299773174216,34.4,5.1,41,hot,2017-08-15 13:00:00
position_853,-2280.81,-449.86519999999996,1.5,13,36.0,49.99246707488788,34.4,5.1,41,hot,2017-08-15 13:00:00
position_854,-2280.81,-439.86519999999996,1.5,13,36.9,54.15282430414561,34.4,5.1,41,hot,2017-08-15 13:00:00
position_855,-2280.81,-429.86519999999996,1.5,13,37.2,55.397891183838134,34.4,5.1,41,hot,2017-08-15 13:00:00
position_856,-2280.81,-419.86519999999996,1.5,13,36.8,53.78443406908783,34.4,5.1,41,hot,2017-08-15 13:00:00
position_857,-2280.81,-409.86519999999996,1.5,13,36.7,53.42739297679785,34.4,5.1,41,hot,2017-08-15 13:00:00
position_858,-2280.81,-399.86519999999996,1.5,13,37.0,54.80439878367159,34.4,5.1,41,hot,2017-08-15 13:00:00
position_859,-2280.81,-389.86519999999996,1.5,13,37.0,54.48730965016569,34.4,5.1,41,hot,2017-08-15 13:00:00
position_860,-2280.81,-379.86519999999996,1.5,13,36.8,53.521761107196355,34.4,5.1,41,hot,2017-08-15 13:00:00
position_861,-2280.81,-369.86519999999996,1.5,13,35.4,47.37994051315283,34.4,5.1,41,hot,2017-08-15 13:00:00
position_862,-2280.81,-359.86519999999996,1.5,13,36.2,50.90431636802888,34.4,5.1,41,hot,2017-08-15 13:00:00
position_863,-2280.81,-349.86519999999996,1.5,13,35.7,48.490700618895694,34.4,5.1,41,hot,2017-08-15 13:00:00
position_864,-2280.81,-339.86519999999996,1.5,13,35.7,48.41766313499596,34.4,5.1,41,hot,2017-08-15 13:00:00
position_865,-2280.81,-329.86519999999996,1.5,13,32.7,34.4,34.4,5.1,41,hot,2017-08-15 13:00:00
position_866,-2280.81,-319.86519999999996,1.5,13,37.0,54.77727487244142,34.4,5.1,41,hot,2017-08-15 13:00:00
position_867,-2280.81,-309.86519999999996,1.5,13,37.1,54.9324289502906,34.4,5.1,41,hot,2017-08-15 13:00:00
position_868,-2280.81,-299.86519999999996,1.5,13,37.1,55.087583028139775,34.4,5.1,41,hot,2017-08-15 13:00:00
position_869,-2280.81,-289.86519999999996,1.5,13,37.2,55.54626428387977,34.4,5.1,41,hot,2017-08-15 13:00:00
position_870,-2280.81,-279.86519999999996,1.5,13,37.1,55.235956128181414,34.4,5.1,41,hot,2017-08-15 13:00:00
position_871,-2280.81,-269.86519999999996,1.5,13,37.1,55.08080205033223,34.4,5.1,41,hot,2017-08-15 13:00:00
position_872,-2280.81,-259.86519999999996,1.5,13,36.9,54.035409372233254,34.4,5.1,41,hot,2017-08-15 13:00:00
position_873,-2280.81,-249.86519999999996,1.5,13,36.3,51.214578733507004,34.4,5.1,41,hot,2017-08-15 13:00:00
position_874,-2280.81,-239.86519999999996,1.5,13,32.7,34.4,34.4,5.1,41,hot,2017-08-15 13:00:00
position_875,-2280.81,-229.86519999999996,1.5,13,32.7,34.4,34.4,5.1,41,hot,2017-08-15 13:00:00
position_876,-2280.81,-219.86519999999996,1.5,13,33.3,36.87026711508692,34.4,5.1,41,hot,2017-08-15 13:00:00
position_877,-2280.81,-209.86519999999996,1.5,13,32.7,34.4,34.4,5.1,41,hot,2017-08-15 13:00:00
position_878,-2280.81,-199.86519999999996,1.5,13,35.6,48.236470609976564,34.4,5.1,41,hot,2017-08-15 13:00:00
position_879,-2280.81,-189.86519999999996,1.5,13,38.8,62.67255399073376,34.4,5.1,41,very_hot,2017-08-15 13:00:00
position_880,-2270.81,-619.8652,1.5,13,37.5,56.7874969066732,34.4,5.1,41,hot,2017-08-15 13:00:00
position_881,-2270.81,-609.8652,1.5,13,37.4,56.632342828824015,34.4,5.1,41,hot,2017-08-15 13:00:00
position_882,-2270.81,-599.8652,1.5,13,37.4,56.632342828824015,34.4,5.1,41,hot,2017-08-15 13:00:00
position_883,-2270.81,-589.8652,1.5,13,37.4,56.632342828824015,34.4,5.1,41,hot,2017-08-15 13:00:00
position_884,-2270.81,-579.8652,1.5,13,37.3,56.038850428657476,34.4,5.1,41,hot,2017-08-15 13:00:00
position_885,-2270.81,-569.8652,1.5,13,37.2,55.418234117260766,34.4,5.1,41,hot,2017-08-15 13:00:00
position_886,-2270.81,-559.8652,1.5,13,37.3,56.18044255089156,34.4,5.1,41,hot,2017-08-15 13:00:00
position_887,-2270.81,-549.8652,1.5,13,37.3,56.187223528699114,34.4,5.1,41,hot,2017-08-15 13:00:00
position_888,-2270.81,-539.8652,1.5,13,37.2,55.728373923805044,34.4,5.1,41,hot,2017-08-15 13:00:00
position_889,-2270.81,-529.8652,1.5,13,36.6,52.54501777839499,34.4,5.1,41,hot,2017-08-15 13:00:00
position_890,-2270.81,-519.8652,1.5,13,32.7,34.4,34.4,5.1,41,hot,2017-08-15 13:00:00
position_891,-2270.81,-509.86519999999996,1.5,13,32.7,34.4,34.4,5.1,41,hot,2017-08-15 13:00:00
position_892,-2270.81,-499.86519999999996,1.5,13,36.4,51.694199550572336,34.4,5.1,41,hot,2017-08-15 13:00:00
position_893,-2270.81,-489.86519999999996,1.5,13,35.8,48.874024553987105,34.4,5.1,41,hot,2017-08-15 13:00:00
position_894,-2270.81,-479.86519999999996,1.5,13,32.7,34.4,34.4,5.1,41,hot,2017-08-15 13:00:00
position_895,-2270.81,-469.86519999999996,1.5,13,32.7,34.4,34.4,5.1,41,hot,2017-08-15 13:00:00
position_896,-2270.81,-459.86519999999996,1.5,13,32.7,34.4,34.4,5.1,41,hot,2017-08-15 13:00:00
position_897,-2270.81,-449.86519999999996,1.5,13,32.7,34.4,34.4,5.1,41,hot,2017-08-15 13:00:00
position_898,-2270.81,-439.86519999999996,1.5,13,36.0,50.1269873112265,34.4,5.1,41,hot,2017-08-15 13:00:00
position_899,-2270.81,-429.86519999999996,1.5,13,37.0,54.615171467630624,34.4,5.1,41,hot,2017-08-15 13:00:00
position_900,-2270.81,-419.86519999999996,1.5,13,36.5,52.410665891210456,34.4,5.1,41,hot,2017-08-15 13:00:00
position_901,-2270.81,-409.86519999999996,1.5,13,36.4,51.998642977540385,34.4,5.1,41,hot,2017-08-15 13:00:00
position_902,-2270.81,-399.86519999999996,1.5,13,36.7,53.07761417431492,34.4,5.1,41,hot,2017-08-15 13:00:00
position_903,-2270.81,-389.86519999999996,1.5,13,36.9,54.3252062453549,34.4,5.1,41,hot,2017-08-15 13:00:00
position_904,-2270.81,-379.86519999999996,1.5,13,36.4,51.68004096705453,34.4,5.1,41,hot,2017-08-15 13:00:00
position_905,-2270.81,-369.86519999999996,1.5,13,32.7,34.4,34.4,5.1,41,hot,2017-08-15 13:00:00
position_906,-2270.81,-359.86519999999996,1.5,13,35.6,47.873733138466655,34.4,5.1,41,hot,2017-08-15 13:00:00
position_907,-2270.81,-349.86519999999996,1.5,13,35.3,46.78041503545821,34.4,5.1,41,hot,2017-08-15 13:00:00
position_908,-2270.81,-339.86519999999996,1.5,13,35.6,47.952401771909855,34.4,5.1,41,hot,2017-08-15 13:00:00
position_909,-2270.81,-329.86519999999996,1.5,13,32.7,34.4,34.4,5.1,41,hot,2017-08-15 13:00:00
position_910,-2270.81,-319.86519999999996,1.5,13,36.8,53.70458993395818,34.4,5.1,41,hot,2017-08-15 13:00:00
position_911,-2270.81,-309.86519999999996,1.5,13,36.8,53.670348346612315,34.4,5.1,41,hot,2017-08-15 13:00:00
position_912,-2270.81,-299.86519999999996,1.5,13,36.6,52.908155402050035,34.4,5.1,41,hot,2017-08-15 13:00:00
position_913,-2270.81,-289.86519999999996,1.5,13,36.8,53.80844291025548,34.4,5.1,41,hot,2017-08-15 13:00:00
position_914,-2270.81,-279.86519999999996,1.5,13,36.8,53.578164225115906,34.4,5.1,41,hot,2017-08-15 13:00:00
position_915,-2270.81,-269.86519999999996,1.5,13,36.9,54.166845517002706,34.4,5.1,41,hot,2017-08-15 13:00:00
position_916,-2270.81,-259.86519999999996,1.5,13,36.7,53.42835501645162,34.4,5.1,41,hot,2017-08-15 13:00:00
position_917,-2270.81,-249.86519999999996,1.5,13,36.3,51.211126965136316,34.4,5.1,41,hot,2017-08-15 13:00:00
position_918,-2270.81,-239.86519999999996,1.5,13,32.7,34.4,34.4,5.1,41,hot,2017-08-15 13:00:00
position_919,-2270.81,-229.86519999999996,1.5,13,32.7,34.4,34.4,5.1,41,hot,2017-08-15 13:00:00
position_920,-2270.81,-219.86519999999996,1.5,13,32.7,34.4,34.4,5.1,41,hot,2017-08-15 13:00:00
position_921,-2270.81,-209.86519999999996,1.5,13,32.7,34.4,34.4,5.1,41,hot,2017-08-15 13:00:00
position_922,-2270.81,-199.86519999999996,1.5,13,35.5,47.66016028294988,34.4,5.1,41,hot,2017-08-15 13:00:00
position_923,-2270.81,-189.86519999999996,1.5,13,38.9,63.35125088428337,34.4,5.1,41,very_hot,2017-08-15 13:00:00
position_924,-2260.81,-619.8652,1.5,13,37.4,56.632342828824015,34.4,5.1,41,hot,2017-08-15 13:00:00
position_925,-2260.81,-609.8652,1.5,13,37.4,56.47718875097484,34.4,5.1,41,hot,2017-08-15 13:00:00
position_926,-2260.81,-599.8652,1.5,13,37.5,56.7874969066732,34.4,5.1,41,hot,2017-08-15 13:00:00
position_927,-2260.81,-589.8652,1.5,13,37.4,56.632342828824015,34.4,5.1,41,hot,2017-08-15 13:00:00
position_928,-2260.81,-579.8652,1.5,13,37.4,56.632342828824015,34.4,5.1,41,hot,2017-08-15 13:00:00
position_929,-2260.81,-569.8652,1.5,13,37.4,56.632342828824015,34.4,5.1,41,hot,2017-08-15 13:00:00
position_930,-2260.81,-559.8652,1.5,13,37.4,56.632342828824015,34.4,5.1,41,hot,2017-08-15 13:00:00
position_931,-2260.81,-549.8652,1.5,13,37.4,56.322034673125664,34.4,5.1,41,hot,2017-08-15 13:00:00
position_932,-2260.81,-539.8652,1.5,13,37.2,55.37721155210734,34.4,5.1,41,hot,2017-08-15 13:00:00
position_933,-2260.81,-529.8652,1.5,13,36.3,51.33530425490859,34.4,5.1,41,hot,2017-08-15 13:00:00
position_934,-2260.81,-519.8652,1.5,13,32.7,34.4,34.4,5.1,41,hot,2017-08-15 13:00:00
position_935,-2260.81,-509.86519999999996,1.5,13,37.1,55.24273710598896,34.4,5.1,41,hot,2017-08-15 13:00:00
position_936,-2260.81,-499.86519999999996,1.5,13,36.8,53.71832023872735,34.4,5.1,41,hot,2017-08-15 13:00:00
position_937,-2260.81,-489.86519999999996,1.5,13,35.2,46.33346391380788,34.4,5.1,41,hot,2017-08-15 13:00:00
position_938,-2260.81,-479.86519999999996,1.5,13,32.7,34.4,34.4,5.1,41,hot,2017-08-15 13:00:00
position_939,-2260.81,-469.86519999999996,1.5,13,32.7,34.4,34.4,5.1,41,hot,2017-08-15 13:00:00
position_940,-2260.81,-459.86519999999996,1.5,13,32.7,34.4,34.4,5.1,41,hot,2017-08-15 13:00:00
position_941,-2260.81,-449.86519999999996,1.5,13,32.7,34.4,34.4,5.1,41,hot,2017-08-15 13:00:00
position_942,-2260.81,-439.86519999999996,1.5,13,35.1,45.52723746221546,34.4,5.1,41,hot,2017-08-15 13:00:00
position_943,-2260.81,-429.86519999999996,1.5,13,36.3,51.54351607483029,34.4,5.1,41,hot,2017-08-15 13:00:00
position_944,-2260.81,-419.86519999999996,1.5,13,36.8,53.852917243779586,34.4,5.1,41,hot,2017-08-15 13:00:00
position_945,-2260.81,-409.86519999999996,1.5,13,36.9,54.166677167848626,34.4,5.1,41,hot,2017-08-15 13:00:00
position_946,-2260.81,-399.86519999999996,1.5,13,37.1,54.939209928098144,34.4,5.1,41,hot,2017-08-15 13:00:00
position_947,-2260.81,-389.86519999999996,1.5,13,36.8,53.58583047386363,34.4,5.1,41,hot,2017-08-15 13:00:00
position_948,-2260.81,-379.86519999999996,1.5,13,36.3,51.22022932250668,34.4,5.1,41,hot,2017-08-15 13:00:00
position_949,-2260.81,-369.86519999999996,1.5,13,32.7,34.4,34.4,5.1,41,hot,2017-08-15 13:00:00
position_950,-2260.81,-359.86519999999996,1.5,13,35.1,45.815172212659974,34.4,5.1,41,hot,2017-08-15 13:00:00
position_951,-2260.81,-349.86519999999996,1.5,13,34.6,43.120887530695626,34.4,5.1,41,hot,2017-08-15 13:00:00
position_952,-2260.81,-339.86519999999996,1.5,13,34.6,43.345856133008105,34.4,5.1,41,hot,2017-08-15 13:00:00
position_953,-2260.81,-329.86519999999996,1.5,13,35.4,47.19946404444721,34.4,5.1,41,hot,2017-08-15 13:00:00
position_954,-2260.81,-319.86519999999996,1.5,13,36.6,52.88067930344317,34.4,5.1,41,hot,2017-08-15 13:00:00
position_955,-2260.81,-309.86519999999996,1.5,13,36.3,51.55175245819346,34.4,5.1,41,hot,2017-08-15 13:00:00
position_956,-2260.81,-299.86519999999996,1.5,13,36.4,51.68521907443784,34.4,5.1,41,hot,2017-08-15 13:00:00
position_957,-2260.81,-289.86519999999996,1.5,13,36.2,50.94921584942253,34.4,5.1,41,hot,2017-08-15 13:00:00
position_958,-2260.81,-279.86519999999996,1.5,13,36.8,53.54273164701507,34.4,5.1,41,hot,2017-08-15 13:00:00
position_959,-2260.81,-269.86519999999996,1.5,13,36.9,53.99447838787662,34.4,5.1,41,hot,2017-08-15 13:00:00
position_960,-2260.81,-259.86519999999996,1.5,13,36.5,52.355838427122464,34.4,5.1,41,hot,2017-08-15 13:00:00
position_961,-2260.81,-249.86519999999996,1.5,13,36.1,50.43190480751972,34.4,5.1,41,hot,2017-08-15 13:00:00
position_962,-2260.81,-239.86519999999996,1.5,13,34.7,43.64244879602048,34.4,5.1,41,hot,2017-08-15 13:00:00
position_963,-2260.81,-229.86519999999996,1.5,13,32.7,34.4,34.4,5.1,41,hot,2017-08-15 13:00:00
position_964,-2260.81,-219.86519999999996,1.5,13,32.7,34.4,34.4,5.1,41,hot,2017-08-15 13:00:00
position_965,-2260.81,-209.86519999999996,1.5,13,32.7,34.4,34.4,5.1,41,hot,2017-08-15 13:00:00
position_966,-2260.81,-199.86519999999996,1.5,13,35.4,47.34982182609982,34.4,5.1,41,hot,2017-08-15 13:00:00
position_967,-2260.81,-189.86519999999996,1.5,13,38.6,61.69889543084323,34.4,5.1,41,very_hot,2017-08-15 13:00:00
position_968,-2250.81,-619.8652,1.5,13,37.5,56.7874969066732,34.4,5.1,41,hot,2017-08-15 13:00:00
position_969,-2250.81,-609.8652,1.5,13,37.4,56.632342828824015,34.4,5.1,41,hot,2017-08-15 13:00:00
position_970,-2250.81,-599.8652,1.5,13,37.3,56.166880595276496,34.4,5.1,41,hot,2017-08-15 13:00:00
position_971,-2250.81,-589.8652,1.5,13,37.4,56.632342828824015,34.4,5.1,41,hot,2017-08-15 13:00:00
position_972,-2250.81,-579.8652,1.5,13,37.5,56.7874969066732,34.4,5.1,41,hot,2017-08-15 13:00:00
position_973,-2250.81,-569.8652,1.5,13,37.4,56.47718875097484,34.4,5.1,41,hot,2017-08-15 13:00:00
position_974,-2250.81,-559.8652,1.5,13,37.4,56.47718875097484,34.4,5.1,41,hot,2017-08-15 13:00:00
position_975,-2250.81,-549.8652,1.5,13,37.4,56.47718875097484,34.4,5.1,41,hot,2017-08-15 13:00:00
position_976,-2250.81,-539.8652,1.5,13,37.2,55.40467216164567,34.4,5.1,41,hot,2017-08-15 13:00:00
position_977,-2250.81,-529.8652,1.5,13,37.0,54.426921002970296,34.4,5.1,41,hot,2017-08-15 13:00:00
position_978,-2250.81,-519.8652,1.5,13,32.7,34.4,34.4,5.1,41,hot,2017-08-15 13:00:00
position_979,-2250.81,-509.86519999999996,1.5,13,36.5,52.437927173101336,34.4,5.1,41,hot,2017-08-15 13:00:00
position_980,-2250.81,-499.86519999999996,1.5,13,36.6,52.97540111842491,34.4,5.1,41,hot,2017-08-15 13:00:00
position_981,-2250.81,-489.86519999999996,1.5,13,35.3,46.599144876252886,34.4,5.1,41,hot,2017-08-15 13:00:00
position_982,-2250.81,-479.86519999999996,1.5,13,32.7,34.4,34.4,5.1,41,hot,2017-08-15 13:00:00
position_983,-2250.81,-469.86519999999996,1.5,13,32.7,34.4,34.4,5.1,41,hot,2017-08-15 13:00:00
position_984,-2250.81,-459.86519999999996,1.5,13,32.7,34.4,34.4,5.1,41,hot,2017-08-15 13:00:00
position_985,-2250.81,-449.86519999999996,1.5,13,32.7,34.4,34.4,5.1,41,hot,2017-08-15 13:00:00
position_986,-2250.81,-439.86519999999996,1.5,13,34.5,42.87084709693137,34.4,5.1,41,hot,2017-08-15 13:00:00
position_987,-2250.81,-429.86519999999996,1.5,13,36.1,50.44905590216622,34.4,5.1,41,hot,2017-08-15 13:00:00
position_988,-2250.81,-419.86519999999996,1.5,13,36.9,54.021847416618165,34.4,5.1,41,hot,2017-08-15 13:00:00
position_989,-2250.81,-409.86519999999996,1.5,13,37.1,54.939209928098144,34.4,5.1,41,hot,2017-08-15 13:00:00
position_990,-2250.81,-399.86519999999996,1.5,13,37.1,54.9324289502906,34.4,5.1,41,hot,2017-08-15 13:00:00
position_991,-2250.81,-389.86519999999996,1.5,13,36.8,53.883707062754766,34.4,5.1,41,hot,2017-08-15 13:00:00
position_992,-2250.81,-379.86519999999996,1.5,13,36.3,51.366281042985484,34.4,5.1,41,hot,2017-08-15 13:00:00
position_993,-2250.81,-369.86519999999996,1.5,13,32.7,34.4,34.4,5.1,41,hot,2017-08-15 13:00:00
position_994,-2250.81,-359.86519999999996,1.5,13,34.9,44.614625456711806,34.4,5.1,41,hot,2017-08-15 13:00:00
position_995,-2250.81,-349.86519999999996,1.5,13,33.9,39.985380718823095,34.4,5.1,41,hot,2017-08-15 13:00:00
position_996,-2250.81,-339.86519999999996,1.5,13,32.7,34.4,34.4,5.1,41,hot,2017-08-15 13:00:00
position_997,-2250.81,-329.86519999999996,1.5,13,32.7,34.4,34.4,5.1,41,hot,2017-08-15 13:00:00
position_998,-2250.81,-319.86519999999996,1.5,13,36.2,51.04936025863366,34.4,5.1,41,hot,2017-08-15 13:00:00
position_999,-2250.81,-309.86519999999996,1.5,13,35.8,48.96312386060893,34.4,5.1,41,hot,2017-08-15 13:00:00
position_1000,-2250.81,-299.86519999999996,1.5,13,36.4,51.69294728017229,34.4,5.1,41,hot,2017-08-15 13:00:00
position_1001,-2250.81,-289.86519999999996,1.5,13,36.9,54.008285461003084,34.4,5.1,41,hot,2017-08-15 13:00:00
position_1002,-2250.81,-279.86519999999996,1.5,13,36.5,52.51099250497165,34.4,5.1,41,hot,2017-08-15 13:00:00
position_1003,-2250.81,-269.86519999999996,1.5,13,36.1,50.62261402240358,34.4,5.1,41,hot,2017-08-15 13:00:00
position_1004,-2250.81,-259.86519999999996,1.5,13,35.4,47.25062709835303,34.4,5.1,41,hot,2017-08-15 13:00:00
position_1005,-2250.81,-249.86519999999996,1.5,13,35.9,49.500689432336735,34.4,5.1,41,hot,2017-08-15 13:00:00
position_1006,-2250.81,-239.86519999999996,1.5,13,34.6,43.358440559900885,34.4,5.1,41,hot,2017-08-15 13:00:00
position_1007,-2250.81,-229.86519999999996,1.5,13,32.7,34.4,34.4,5.1,41,hot,2017-08-15 13:00:00
position_1008,-2250.81,-219.86519999999996,1.5,13,32.7,34.4,34.4,5.1,41,hot,2017-08-15 13:00:00
position_1009,-2250.81,-209.86519999999996,1.5,13,32.7,34.4,34.4,5.1,41,hot,2017-08-15 13:00:00
position_1010,-2250.81,-199.86519999999996,1.5,13,35.5,47.706956673022184,34.4,5.1,41,hot,2017-08-15 13:00:00
position_1011,-2250.81,-189.86519999999996,1.5,13,39.7,66.63156027747006,34.4,5.1,41,very_hot,2017-08-15 13:00:00
position_1012,-2240.81,-619.8652,1.5,13,37.4,56.632342828824015,34.4,5.1,41,hot,2017-08-15 13:00:00
position_1013,-2240.81,-609.8652,1.5,13,37.5,56.7874969066732,34.4,5.1,41,hot,2017-08-15 13:00:00
position_1014,-2240.81,-599.8652,1.5,13,37.5,56.7874969066732,34.4,5.1,41,hot,2017-08-15 13:00:00
position_1015,-2240.81,-589.8652,1.5,13,37.4,56.632342828824015,34.4,5.1,41,hot,2017-08-15 13:00:00
position_1016,-2240.81,-579.8652,1.5,13,37.3,56.166880595276496,34.4,5.1,41,hot,2017-08-15 13:00:00
position_1017,-2240.81,-569.8652,1.5,13,37.4,56.322034673125664,34.4,5.1,41,hot,2017-08-15 13:00:00
position_1018,-2240.81,-559.8652,1.5,13,37.4,56.322034673125664,34.4,5.1,41,hot,2017-08-15 13:00:00
position_1019,-2240.81,-549.8652,1.5,13,37.4,56.47718875097484,34.4,5.1,41,hot,2017-08-15 13:00:00
position_1020,-2240.81,-539.8652,1.5,13,37.3,56.166880595276496,34.4,5.1,41,hot,2017-08-15 13:00:00
position_1021,-2240.81,-529.8652,1.5,13,37.4,56.308304368356495,34.4,5.1,41,hot,2017-08-15 13:00:00
position_1022,-2240.81,-519.8652,1.5,13,37.1,55.218391566513155,34.4,5.1,41,hot,2017-08-15 13:00:00
position_1023,-2240.81,-509.86519999999996,1.5,13,36.2,50.70312928909909,34.4,5.1,41,hot,2017-08-15 13:00:00
position_1024,-2240.81,-499.86519999999996,1.5,13,35.9,49.478986481663405,34.4,5.1,41,hot,2017-08-15 13:00:00
position_1025,-2240.81,-489.86519999999996,1.5,13,35.8,49.06936171626976,34.4,5.1,41,hot,2017-08-15 13:00:00
position_1026,-2240.81,-479.86519999999996,1.5,13,32.7,34.4,34.4,5.1,41,hot,2017-08-15 13:00:00
position_1027,-2240.81,-469.86519999999996,1.5,13,32.7,34.4,34.4,5.1,41,hot,2017-08-15 13:00:00
position_1028,-2240.81,-459.86519999999996,1.5,13,32.7,34.4,34.4,5.1,41,hot,2017-08-15 13:00:00
position_1029,-2240.81,-449.86519999999996,1.5,13,32.7,34.4,34.4,5.1,41,hot,2017-08-15 13:00:00
position_1030,-2240.81,-439.86519999999996,1.5,13,34.8,44.303030244611904,34.4,5.1,41,hot,2017-08-15 13:00:00
position_1031,-2240.81,-429.86519999999996,1.5,13,36.1,50.59379407295621,34.4,5.1,41,hot,2017-08-15 13:00:00
position_1032,-2240.81,-419.86519999999996,1.5,13,36.8,53.839401078384746,34.4,5.1,41,hot,2017-08-15 13:00:00
position_1033,-2240.81,-409.86519999999996,1.5,13,37.1,55.06707174556307,34.4,5.1,41,hot,2017-08-15 13:00:00
position_1034,-2240.81,-399.86519999999996,1.5,13,36.8,53.82673988277835,34.4,5.1,41,hot,2017-08-15 13:00:00
position_1035,-2240.81,-389.86519999999996,1.5,13,36.9,54.170052167505716,34.4,5.1,41,hot,2017-08-15 13:00:00
position_1036,-2240.81,-379.86519999999996,1.5,13,36.4,51.67658919868384,34.4,5.1,41,hot,2017-08-15 13:00:00
position_1037,-2240.81,-369.86519999999996,1.5,13,32.7,34.4,34.4,5.1,41,hot,2017-08-15 13:00:00
position_1038,-2240.81,-359.86519999999996,1.5,13,34.0,40.269485020232956,34.4,5.1,41,hot,2017-08-15 13:00:00
position_1039,-2240.81,-349.86519999999996,1.5,13,34.0,40.56241245284197,34.4,5.1,41,hot,2017-08-15 13:00:00
position_1040,-2240.81,-339.86519999999996,1.5,13,32.7,34.4,34.4,5.1,41,hot,2017-08-15 13:00:00
position_1041,-2240.81,-329.86519999999996,1.5,13,35.0,45.03240670623223,34.4,5.1,41,hot,2017-08-15 13:00:00
position_1042,-2240.81,-319.86519999999996,1.5,13,36.3,51.2216196409091,34.4,5.1,41,hot,2017-08-15 13:00:00
position_1043,-2240.81,-309.86519999999996,1.5,13,36.7,53.35342756226049,34.4,5.1,41,hot,2017-08-15 13:00:00
position_1044,-2240.81,-299.86519999999996,1.5,13,36.5,52.45155108570316,34.4,5.1,41,hot,2017-08-15 13:00:00
position_1045,-2240.81,-289.86519999999996,1.5,13,36.4,51.67351991884154,34.4,5.1,41,hot,2017-08-15 13:00:00
position_1046,-2240.81,-279.86519999999996,1.5,13,32.7,34.4,34.4,5.1,41,hot,2017-08-15 13:00:00
position_1047,-2240.81,-269.86519999999996,1.5,13,32.7,34.4,34.4,5.1,41,hot,2017-08-15 13:00:00
position_1048,-2240.81,-259.86519999999996,1.5,13,32.7,34.4,34.4,5.1,41,hot,2017-08-15 13:00:00
position_1049,-2240.81,-249.86519999999996,1.5,13,35.5,47.6110431903001,34.4,5.1,41,hot,2017-08-15 13:00:00
position_1050,-2240.81,-239.86519999999996,1.5,13,34.8,44.41832625513168,34.4,5.1,41,hot,2017-08-15 13:00:00
position_1051,-2240.81,-229.86519999999996,1.5,13,32.7,34.4,34.4,5.1,41,hot,2017-08-15 13:00:00
position_1052,-2240.81,-219.86519999999996,1.5,13,33.1,36.24277824508587,34.4,5.1,41,hot,2017-08-15 13:00:00
position_1053,-2240.81,-209.86519999999996,1.5,13,32.7,34.4,34.4,5.1,41,hot,2017-08-15 13:00:00
position_1054,-2240.81,-199.86519999999996,1.5,13,35.5,47.67520481439321,34.4,5.1,41,hot,2017-08-15 13:00:00
position_1055,-2240.81,-189.86519999999996,1.5,13,39.6,66.47640619962087,34.4,5.1,41,very_hot,2017-08-15 13:00:00
position_1056,-2230.81,-619.8652,1.5,13,37.4,56.48396972878238,34.4,5.1,41,hot,2017-08-15 13:00:00
position_1057,-2230.81,-609.8652,1.5,13,37.4,56.632342828824015,34.4,5.1,41,hot,2017-08-15 13:00:00
position_1058,-2230.81,-599.8652,1.5,13,37.4,56.632342828824015,34.4,5.1,41,hot,2017-08-15 13:00:00
position_1059,-2230.81,-589.8652,1.5,13,37.5,56.7874969066732,34.4,5.1,41,hot,2017-08-15 13:00:00
position_1060,-2230.81,-579.8652,1.5,13,37.4,56.632342828824015,34.4,5.1,41,hot,2017-08-15 13:00:00
position_1061,-2230.81,-569.8652,1.5,13,37.4,56.322034673125664,34.4,5.1,41,hot,2017-08-15 13:00:00
position_1062,-2230.81,-559.8652,1.5,13,37.4,56.632342828824015,34.4,5.1,41,hot,2017-08-15 13:00:00
position_1063,-2230.81,-549.8652,1.5,13,37.4,56.322034673125664,34.4,5.1,41,hot,2017-08-15 13:00:00
position_1064,-2230.81,-539.8652,1.5,13,37.4,56.49075070658992,34.4,5.1,41,hot,2017-08-15 13:00:00
position_1065,-2230.81,-529.8652,1.5,13,37.4,56.63912380663156,34.4,5.1,41,hot,2017-08-15 13:00:00
position_1066,-2230.81,-519.8652,1.5,13,37.0,54.80406208536344,34.4,5.1,41,hot,2017-08-15 13:00:00
position_1067,-2230.81,-509.86519999999996,1.5,13,36.1,50.57550742802301,34.4,5.1,41,hot,2017-08-15 13:00:00
position_1068,-2230.81,-499.86519999999996,1.5,13,35.6,48.06665135833335,34.4,5.1,41,hot,2017-08-15 13:00:00
position_1069,-2230.81,-489.86519999999996,1.5,13,35.0,45.46683019542875,34.4,5.1,41,hot,2017-08-15 13:00:00
position_1070,-2230.81,-479.86519999999996,1.5,13,32.7,34.4,34.4,5.1,41,hot,2017-08-15 13:00:00
position_1071,-2230.81,-469.86519999999996,1.5,13,32.7,34.4,34.4,5.1,41,hot,2017-08-15 13:00:00
position_1072,-2230.81,-459.86519999999996,1.5,13,32.7,34.4,34.4,5.1,41,hot,2017-08-15 13:00:00
position_1073,-2230.81,-449.86519999999996,1.5,13,32.7,34.4,34.4,5.1,41,hot,2017-08-15 13:00:00
position_1074,-2230.81,-439.86519999999996,1.5,13,34.9,44.561734709466364,34.4,5.1,41,hot,2017-08-15 13:00:00
position_1075,-2230.81,-429.86519999999996,1.5,13,36.1,50.300912430567436,34.4,5.1,41,hot,2017-08-15 13:00:00
position_1076,-2230.81,-419.86519999999996,1.5,13,36.8,53.50163231314804,34.4,5.1,41,hot,2017-08-15 13:00:00
position_1077,-2230.81,-409.86519999999996,1.5,13,36.9,54.28430623913532,34.4,5.1,41,hot,2017-08-15 13:00:00
position_1078,-2230.81,-399.86519999999996,1.5,13,36.9,53.980824851464746,34.4,5.1,41,hot,2017-08-15 13:00:00
position_1079,-2230.81,-389.86519999999996,1.5,13,36.9,54.18378247227488,34.4,5.1,41,hot,2017-08-15 13:00:00
position_1080,-2230.81,-379.86519999999996,1.5,13,36.5,52.135316244644066,34.4,5.1,41,hot,2017-08-15 13:00:00
position_1081,-2230.81,-369.86519999999996,1.5,13,32.7,34.4,34.4,5.1,41,hot,2017-08-15 13:00:00
position_1082,-2230.81,-359.86519999999996,1.5,13,32.7,34.4,34.4,5.1,41,hot,2017-08-15 13:00:00
position_1083,-2230.81,-349.86519999999996,1.5,13,32.7,34.4,34.4,5.1,41,hot,2017-08-15 13:00:00
position_1084,-2230.81,-339.86519999999996,1.5,13,32.7,34.4,34.4,5.1,41,hot,2017-08-15 13:00:00
position_1085,-2230.81,-329.86519999999996,1.5,13,35.4,47.063660559571474,34.4,5.1,41,hot,2017-08-15 13:00:00
position_1086,-2230.81,-319.86519999999996,1.5,13,36.5,52.200684349273295,34.4,5.1,41,hot,2017-08-15 13:00:00
position_1087,-2230.81,-309.86519999999996,1.5,13,36.8,53.83956942753882,34.4,5.1,41,hot,2017-08-15 13:00:00
position_1088,-2230.81,-299.86519999999996,1.5,13,36.8,53.529092922686374,34.4,5.1,41,hot,2017-08-15 13:00:00
position_1089,-2230.81,-289.86519999999996,1.5,13,36.1,50.276750729670546,34.4,5.1,41,hot,2017-08-15 13:00:00
position_1090,-2230.81,-279.86519999999996,1.5,13,32.7,34.4,34.4,5.1,41,hot,2017-08-15 13:00:00
position_1091,-2230.81,-269.86519999999996,1.5,13,32.7,34.4,34.4,5.1,41,hot,2017-08-15 13:00:00
position_1092,-2230.81,-259.86519999999996,1.5,13,32.7,34.4,34.4,5.1,41,hot,2017-08-15 13:00:00
position_1093,-2230.81,-249.86519999999996,1.5,13,35.5,47.672653806743845,34.4,5.1,41,hot,2017-08-15 13:00:00
position_1094,-2230.81,-239.86519999999996,1.5,13,35.0,45.044014281388044,34.4,5.1,41,hot,2017-08-15 13:00:00
position_1095,-2230.81,-229.86519999999996,1.5,13,33.7,39.18546860224234,34.4,5.1,41,hot,2017-08-15 13:00:00
position_1096,-2230.81,-219.86519999999996,1.5,13,34.0,40.59147751980073,34.4,5.1,41,hot,2017-08-15 13:00:00
position_1097,-2230.81,-209.86519999999996,1.5,13,33.9,39.818837012700556,34.4,5.1,41,hot,2017-08-15 13:00:00
position_1098,-2230.81,-199.86519999999996,1.5,13,35.8,48.91547539788916,34.4,5.1,41,hot,2017-08-15 13:00:00
position_1099,-2230.81,-189.86519999999996,1.5,13,39.6,66.49009071416981,34.4,5.1,41,very_hot,2017-08-15 13:00:00
position_1100,-2220.81,-619.8652,1.5,13,37.2,55.694254895393,34.4,5.1,41,hot,2017-08-15 13:00:00
position_1101,-2220.81,-609.8652,1.5,13,37.3,55.94307499358147,34.4,5.1,41,hot,2017-08-15 13:00:00
position_1102,-2220.81,-599.8652,1.5,13,37.4,56.34237760654829,34.4,5.1,41,hot,2017-08-15 13:00:00
position_1103,-2220.81,-589.8652,1.5,13,37.4,56.48396972878238,34.4,5.1,41,hot,2017-08-15 13:00:00
position_1104,-2220.81,-579.8652,1.5,13,37.5,56.7874969066732,34.4,5.1,41,hot,2017-08-15 13:00:00
position_1105,-2220.81,-569.8652,1.5,13,37.4,56.632342828824015,34.4,5.1,41,hot,2017-08-15 13:00:00
position_1106,-2220.81,-559.8652,1.5,13,37.4,56.47718875097484,34.4,5.1,41,hot,2017-08-15 13:00:00
position_1107,-2220.81,-549.8652,1.5,13,37.3,56.011726517427306,34.4,5.1,41,hot,2017-08-15 13:00:00
position_1108,-2220.81,-539.8652,1.5,13,37.2,55.67378940303652,34.4,5.1,41,hot,2017-08-15 13:00:00
position_1109,-2220.81,-529.8652,1.5,13,37.0,54.60224966508802,34.4,5.1,41,hot,2017-08-15 13:00:00
position_1110,-2220.81,-519.8652,1.5,13,36.9,53.966589499233336,34.4,5.1,41,hot,2017-08-15 13:00:00
position_1111,-2220.81,-509.86519999999996,1.5,13,35.1,45.812098447255266,34.4,5.1,41,hot,2017-08-15 13:00:00
position_1112,-2220.81,-499.86519999999996,1.5,13,35.9,49.62308382168292,34.4,5.1,41,hot,2017-08-15 13:00:00
position_1113,-2220.81,-489.86519999999996,1.5,13,35.0,45.09076039603399,34.4,5.1,41,hot,2017-08-15 13:00:00
position_1114,-2220.81,-479.86519999999996,1.5,13,32.7,34.4,34.4,5.1,41,hot,2017-08-15 13:00:00
position_1115,-2220.81,-469.86519999999996,1.5,13,32.7,34.4,34.4,5.1,41,hot,2017-08-15 13:00:00
position_1116,-2220.81,-459.86519999999996,1.5,13,32.7,34.4,34.4,5.1,41,hot,2017-08-15 13:00:00
position_1117,-2220.81,-449.86519999999996,1.5,13,32.7,34.4,34.4,5.1,41,hot,2017-08-15 13:00:00
position_1118,-2220.81,-439.86519999999996,1.5,13,35.1,45.665332025858625,34.4,5.1,41,hot,2017-08-15 13:00:00
position_1119,-2220.81,-429.86519999999996,1.5,13,35.6,48.1978290703585,34.4,5.1,41,hot,2017-08-15 13:00:00
position_1120,-2220.81,-419.86519999999996,1.5,13,36.5,52.08794098043174,34.4,5.1,41,hot,2017-08-15 13:00:00
position_1121,-2220.81,-409.86519999999996,1.5,13,36.5,52.193933672617455,34.4,5.1,41,hot,2017-08-15 13:00:00
position_1122,-2220.81,-399.86519999999996,1.5,13,36.9,54.16343953885225,34.4,5.1,41,hot,2017-08-15 13:00:00
position_1123,-2220.81,-389.86519999999996,1.5,13,36.8,53.85991236096145,34.4,5.1,41,hot,2017-08-15 13:00:00
position_1124,-2220.81,-379.86519999999996,1.5,13,36.5,52.26667562069992,34.4,5.1,41,hot,2017-08-15 13:00:00
position_1125,-2220.81,-369.86519999999996,1.5,13,32.7,34.4,34.4,5.1,41,hot,2017-08-15 13:00:00
position_1126,-2220.81,-359.86519999999996,1.5,13,32.7,34.4,34.4,5.1,41,hot,2017-08-15 13:00:00
position_1127,-2220.81,-349.86519999999996,1.5,13,32.7,34.4,34.4,5.1,41,hot,2017-08-15 13:00:00
position_1128,-2220.81,-339.86519999999996,1.5,13,32.7,34.4,34.4,5.1,41,hot,2017-08-15 13:00:00
position_1129,-2220.81,-329.86519999999996,1.5,13,35.3,46.91186599231086,34.4,5.1,41,hot,2017-08-15 13:00:00
position_1130,-2220.81,-319.86519999999996,1.5,13,36.3,51.39740756026883,34.4,5.1,41,hot,2017-08-15 13:00:00
position_1131,-2220.81,-309.86519999999996,1.5,13,36.6,52.77383381601721,34.4,5.1,41,hot,2017-08-15 13:00:00
position_1132,-2220.81,-299.86519999999996,1.5,13,36.5,52.13236952373561,34.4,5.1,41,hot,2017-08-15 13:00:00
position_1133,-2220.81,-289.86519999999996,1.5,13,35.5,47.63438089990189,34.4,5.1,41,hot,2017-08-15 13:00:00
position_1134,-2220.81,-279.86519999999996,1.5,13,32.7,34.4,34.4,5.1,41,hot,2017-08-15 13:00:00
position_1135,-2220.81,-269.86519999999996,1.5,13,32.7,34.4,34.4,5.1,41,hot,2017-08-15 13:00:00
position_1136,-2220.81,-259.86519999999996,1.5,13,32.7,34.4,34.4,5.1,41,hot,2017-08-15 13:00:00
position_1137,-2220.81,-249.86519999999996,1.5,13,34.1,40.733965917193736,34.4,5.1,41,hot,2017-08-15 13:00:00
position_1138,-2220.81,-239.86519999999996,1.5,13,32.7,34.4,34.4,5.1,41,hot,2017-08-15 13:00:00
position_1139,-2220.81,-229.86519999999996,1.5,13,32.7,34.4,34.4,5.1,41,hot,2017-08-15 13:00:00
position_1140,-2220.81,-219.86519999999996,1.5,13,32.7,34.4,34.4,5.1,41,hot,2017-08-15 13:00:00
position_1141,-2220.81,-209.86519999999996,1.5,13,32.7,34.4,34.4,5.1,41,hot,2017-08-15 13:00:00
position_1142,-2220.81,-199.86519999999996,1.5,13,35.0,45.18710152719571,34.4,5.1,41,hot,2017-08-15 13:00:00
position_1143,-2220.81,-189.86519999999996,1.5,13,38.9,63.2989899176259,34.4,5.1,41,very_hot,2017-08-15 13:00:00
position_1144,-2210.81,-619.8652,1.5,13,36.8,53.67830550309164,34.4,5.1,41,hot,2017-08-15 13:00:00
position_1145,-2210.81,-609.8652,1.5,13,36.3,51.520285435093825,34.4,5.1,41,hot,2017-08-15 13:00:00
position_1146,-2210.81,-599.8652,1.5,13,37.2,55.72159294599749,34.4,5.1,41,hot,2017-08-15 13:00:00
position_1147,-2210.81,-589.8652,1.5,13,37.2,55.40016677282442,34.4,5.1,41,hot,2017-08-15 13:00:00
position_1148,-2210.81,-579.8652,1.5,13,37.4,56.34928114328968,34.4,5.1,41,hot,2017-08-15 13:00:00
position_1149,-2210.81,-569.8652,1.5,13,37.4,56.48396972878238,34.4,5.1,41,hot,2017-08-15 13:00:00
position_1150,-2210.81,-559.8652,1.5,13,37.4,56.49075070658992,34.4,5.1,41,hot,2017-08-15 13:00:00
position_1151,-2210.81,-549.8652,1.5,13,37.4,56.47718875097484,34.4,5.1,41,hot,2017-08-15 13:00:00
position_1152,-2210.81,-539.8652,1.5,13,37.3,56.166880595276496,34.4,5.1,41,hot,2017-08-15 13:00:00
position_1153,-2210.81,-529.8652,1.5,13,37.1,55.042910043953576,34.4,5.1,41,hot,2017-08-15 13:00:00
position_1154,-2210.81,-519.8652,1.5,13,36.8,53.731668054611816,34.4,5.1,41,hot,2017-08-15 13:00:00
position_1155,-2210.81,-509.86519999999996,1.5,13,35.8,48.80460583328514,34.4,5.1,41,hot,2017-08-15 13:00:00
position_1156,-2210.81,-499.86519999999996,1.5,13,35.7,48.72395251823096,34.4,5.1,41,hot,2017-08-15 13:00:00
position_1157,-2210.81,-489.86519999999996,1.5,13,35.4,47.3282111328523,34.4,5.1,41,hot,2017-08-15 13:00:00
position_1158,-2210.81,-479.86519999999996,1.5,13,32.7,34.4,34.4,5.1,41,hot,2017-08-15 13:00:00
position_1159,-2210.81,-469.86519999999996,1.5,13,33.9,39.8891808128629,34.4,5.1,41,hot,2017-08-15 13:00:00
position_1160,-2210.81,-459.86519999999996,1.5,13,34.1,40.90627557525182,34.4,5.1,41,hot,2017-08-15 13:00:00
position_1161,-2210.81,-449.86519999999996,1.5,13,32.7,34.4,34.4,5.1,41,hot,2017-08-15 13:00:00
position_1162,-2210.81,-439.86519999999996,1.5,13,32.7,34.4,34.4,5.1,41,hot,2017-08-15 13:00:00
position_1163,-2210.81,-429.86519999999996,1.5,13,36.3,51.213570903632984,34.4,5.1,41,hot,2017-08-15 13:00:00
position_1164,-2210.81,-419.86519999999996,1.5,13,36.6,52.79628398962835,34.4,5.1,41,hot,2017-08-15 13:00:00
position_1165,-2210.81,-409.86519999999996,1.5,13,36.9,54.19746698682381,34.4,5.1,41,hot,2017-08-15 13:00:00
position_1166,-2210.81,-399.86519999999996,1.5,13,37.1,54.96312718882531,34.4,5.1,41,hot,2017-08-15 13:00:00
position_1167,-2210.81,-389.86519999999996,1.5,13,37.0,54.62212079459224,34.4,5.1,41,hot,2017-08-15 13:00:00
position_1168,-2210.81,-379.86519999999996,1.5,13,36.7,53.07685594644577,34.4,5.1,41,hot,2017-08-15 13:00:00
position_1169,-2210.81,-369.86519999999996,1.5,13,34.9,44.57939152856044,34.4,5.1,41,hot,2017-08-15 13:00:00
position_1170,-2210.81,-359.86519999999996,1.5,13,32.7,34.4,34.4,5.1,41,hot,2017-08-15 13:00:00
position_1171,-2210.81,-349.86519999999996,1.5,13,34.4,42.38038368141071,34.4,5.1,41,hot,2017-08-15 13:00:00
position_1172,-2210.81,-339.86519999999996,1.5,13,32.7,34.4,34.4,5.1,41,hot,2017-08-15 13:00:00
position_1173,-2210.81,-329.86519999999996,1.5,13,35.3,46.76016368283236,34.4,5.1,41,hot,2017-08-15 13:00:00
position_1174,-2210.81,-319.86519999999996,1.5,13,35.5,47.54758362994617,34.4,5.1,41,hot,2017-08-15 13:00:00
position_1175,-2210.81,-309.86519999999996,1.5,13,36.5,52.38809315866547,34.4,5.1,41,hot,2017-08-15 13:00:00
position_1176,-2210.81,-299.86519999999996,1.5,13,36.0,49.993857393290284,34.4,5.1,41,hot,2017-08-15 13:00:00
position_1177,-2210.81,-289.86519999999996,1.5,13,34.8,44.243054387096606,34.4,5.1,41,hot,2017-08-15 13:00:00
position_1178,-2210.81,-279.86519999999996,1.5,13,33.6,38.731532690643526,34.4,5.1,41,hot,2017-08-15 13:00:00
position_1179,-2210.81,-269.86519999999996,1.5,13,33.1,36.08639771313856,34.4,5.1,41,hot,2017-08-15 13:00:00
position_1180,-2210.81,-259.86519999999996,1.5,13,33.8,39.75238050197557,34.4,5.1,41,hot,2017-08-15 13:00:00
position_1181,-2210.81,-249.86519999999996,1.5,13,33.9,39.76868111168339,34.4,5.1,41,hot,2017-08-15 13:00:00
position_1182,-2210.81,-239.86519999999996,1.5,13,32.7,34.4,34.4,5.1,41,hot,2017-08-15 13:00:00
position_1183,-2210.81,-229.86519999999996,1.5,13,32.7,34.4,34.4,5.1,41,hot,2017-08-15 13:00:00
position_1184,-2210.81,-219.86519999999996,1.5,13,32.7,34.4,34.4,5.1,41,hot,2017-08-15 13:00:00
position_1185,-2210.81,-209.86519999999996,1.5,13,32.7,34.4,34.4,5.1,41,hot,2017-08-15 13:00:00
position_1186,-2210.81,-199.86519999999996,1.5,13,34.9,45.006854009591265,34.4,5.1,41,hot,2017-08-15 13:00:00
position_1187,-2210.81,-189.86519999999996,1.5,13,38.0,59.22156091506695,34.4,5.1,41,very_hot,2017-08-15 13:00:00
position_1188,-2200.81,-619.8652,1.5,13,37.2,55.600512106340105,34.4,5.1,41,hot,2017-08-15 13:00:00
position_1189,-2200.81,-609.8652,1.5,13,37.2,55.68735135865161,34.4,5.1,41,hot,2017-08-15 13:00:00
position_1190,-2200.81,-599.8652,1.5,13,37.2,55.66684007607491,34.4,5.1,41,hot,2017-08-15 13:00:00
position_1191,-2200.81,-589.8652,1.5,13,37.1,54.91484889955381,34.4,5.1,41,hot,2017-08-15 13:00:00
position_1192,-2200.81,-579.8652,1.5,13,37.4,56.49075070658992,34.4,5.1,41,hot,2017-08-15 13:00:00
position_1193,-2200.81,-569.8652,1.5,13,37.4,56.33559662874075,34.4,5.1,41,hot,2017-08-15 13:00:00
position_1194,-2200.81,-559.8652,1.5,13,37.2,55.7251214830818,34.4,5.1,41,hot,2017-08-15 13:00:00
position_1195,-2200.81,-549.8652,1.5,13,37.4,56.632342828824015,34.4,5.1,41,hot,2017-08-15 13:00:00
position_1196,-2200.81,-539.8652,1.5,13,37.4,56.47718875097484,34.4,5.1,41,hot,2017-08-15 13:00:00
position_1197,-2200.81,-529.8652,1.5,13,37.4,56.632342828824015,34.4,5.1,41,hot,2017-08-15 13:00:00
position_1198,-2200.81,-519.8652,1.5,13,37.3,56.01850749523485,34.4,5.1,41,hot,2017-08-15 13:00:00
position_1199,-2200.81,-509.86519999999996,1.5,13,36.9,54.33893655012406,34.4,5.1,41,hot,2017-08-15 13:00:00
position_1200,-2200.81,-499.86519999999996,1.5,13,36.7,53.366821168721486,34.4,5.1,41,hot,2017-08-15 13:00:00
position_1201,-2200.81,-489.86519999999996,1.5,13,35.0,45.36328742379606,34.4,5.1,41,hot,2017-08-15 13:00:00
position_1202,-2200.81,-479.86519999999996,1.5,13,32.7,34.4,34.4,5.1,41,hot,2017-08-15 13:00:00
position_1203,-2200.81,-469.86519999999996,1.5,13,34.1,40.972174588896316,34.4,5.1,41,hot,2017-08-15 13:00:00
position_1204,-2200.81,-459.86519999999996,1.5,13,34.3,42.152350284818354,34.4,5.1,41,hot,2017-08-15 13:00:00
position_1205,-2200.81,-449.86519999999996,1.5,13,32.7,34.4,34.4,5.1,41,hot,2017-08-15 13:00:00
position_1206,-2200.81,-439.86519999999996,1.5,13,35.7,48.431394982579114,34.4,5.1,41,hot,2017-08-15 13:00:00
position_1207,-2200.81,-429.86519999999996,1.5,13,35.8,49.10432249009589,34.4,5.1,41,hot,2017-08-15 13:00:00
position_1208,-2200.81,-419.86519999999996,1.5,13,36.2,50.919452479912685,34.4,5.1,41,hot,2017-08-15 13:00:00
position_1209,-2200.81,-409.86519999999996,1.5,13,36.8,53.85418500324816,34.4,5.1,41,hot,2017-08-15 13:00:00
position_1210,-2200.81,-399.86519999999996,1.5,13,36.9,54.04231290897463,34.4,5.1,41,hot,2017-08-15 13:00:00
position_1211,-2200.81,-389.86519999999996,1.5,13,36.6,52.79674324651403,34.4,5.1,41,hot,2017-08-15 13:00:00
position_1212,-2200.81,-379.86519999999996,1.5,13,36.5,52.522493010618454,34.4,5.1,41,hot,2017-08-15 13:00:00
position_1213,-2200.81,-369.86519999999996,1.5,13,36.1,50.46164100640065,34.4,5.1,41,hot,2017-08-15 13:00:00
position_1214,-2200.81,-359.86519999999996,1.5,13,35.7,48.48874532806927,34.4,5.1,41,hot,2017-08-15 13:00:00
position_1215,-2200.81,-349.86519999999996,1.5,13,35.8,48.90736538132428,34.4,5.1,41,hot,2017-08-15 13:00:00
position_1216,-2200.81,-339.86519999999996,1.5,13,32.7,34.4,34.4,5.1,41,hot,2017-08-15 13:00:00
position_1217,-2200.81,-329.86519999999996,1.5,13,35.5,47.70153503547999,34.4,5.1,41,hot,2017-08-15 13:00:00
position_1218,-2200.81,-319.86519999999996,1.5,13,35.7,48.47962231979522,34.4,5.1,41,hot,2017-08-15 13:00:00
position_1219,-2200.81,-309.86519999999996,1.5,13,35.8,48.79964562682055,34.4,5.1,41,hot,2017-08-15 13:00:00
position_1220,-2200.81,-299.86519999999996,1.5,13,36.2,50.78702399505035,34.4,5.1,41,hot,2017-08-15 13:00:00
position_1221,-2200.81,-289.86519999999996,1.5,13,35.8,48.92778508346051,34.4,5.1,41,hot,2017-08-15 13:00:00
position_1222,-2200.81,-279.86519999999996,1.5,13,33.9,39.811028908086016,34.4,5.1,41,hot,2017-08-15 13:00:00
position_1223,-2200.81,-269.86519999999996,1.5,13,33.2,36.68679365004648,34.4,5.1,41,hot,2017-08-15 13:00:00
position_1224,-2200.81,-259.86519999999996,1.5,13,34.1,40.923529931542866,34.4,5.1,41,hot,2017-08-15 13:00:00
position_1225,-2200.81,-249.86519999999996,1.5,13,33.3,37.0860962630133,34.4,5.1,41,hot,2017-08-15 13:00:00
position_1226,-2200.81,-239.86519999999996,1.5,13,32.7,34.4,34.4,5.1,41,hot,2017-08-15 13:00:00
position_1227,-2200.81,-229.86519999999996,1.5,13,32.7,34.4,34.4,5.1,41,hot,2017-08-15 13:00:00
position_1228,-2200.81,-219.86519999999996,1.5,13,32.7,34.4,34.4,5.1,41,hot,2017-08-15 13:00:00
position_1229,-2200.81,-209.86519999999996,1.5,13,32.7,34.4,34.4,5.1,41,hot,2017-08-15 13:00:00
position_1230,-2200.81,-199.86519999999996,1.5,13,34.9,44.85169993174209,34.4,5.1,41,hot,2017-08-15 13:00:00
position_1231,-2200.81,-189.86519999999996,1.5,13,38.5,61.23693075624294,34.4,5.1,41,very_hot,2017-08-15 13:00:00
position_1232,-2190.81,-619.8652,1.5,13,37.0,54.498764365235964,34.4,5.1,41,hot,2017-08-15 13:00:00
position_1233,-2190.81,-609.8652,1.5,13,37.2,55.55414467200181,34.4,5.1,41,hot,2017-08-15 13:00:00
position_1234,-2190.81,-599.8652,1.5,13,37.3,56.15298194135323,34.4,5.1,41,hot,2017-08-15 13:00:00
position_1235,-2190.81,-589.8652,1.5,13,37.4,56.30480680976556,34.4,5.1,41,hot,2017-08-15 13:00:00
position_1236,-2190.81,-579.8652,1.5,13,37.4,56.63912380663156,34.4,5.1,41,hot,2017-08-15 13:00:00
position_1237,-2190.81,-569.8652,1.5,13,37.3,56.15315029050731,34.4,5.1,41,hot,2017-08-15 13:00:00
position_1238,-2190.81,-559.8652,1.5,13,36.9,54.3570806625614,34.4,5.1,41,hot,2017-08-15 13:00:00
position_1239,-2190.81,-549.8652,1.5,13,37.3,56.139419985738144,34.4,5.1,41,hot,2017-08-15 13:00:00
position_1240,-2190.81,-539.8652,1.5,13,37.3,56.166880595276496,34.4,5.1,41,hot,2017-08-15 13:00:00
position_1241,-2190.81,-529.8652,1.5,13,37.5,56.7874969066732,34.4,5.1,41,hot,2017-08-15 13:00:00
position_1242,-2190.81,-519.8652,1.5,13,37.2,55.70141836172894,34.4,5.1,41,hot,2017-08-15 13:00:00
position_1243,-2190.81,-509.86519999999996,1.5,13,37.0,54.77049389463387,34.4,5.1,41,hot,2017-08-15 13:00:00
position_1244,-2190.81,-499.86519999999996,1.5,13,36.9,53.9980069246046,34.4,5.1,41,hot,2017-08-15 13:00:00
position_1245,-2190.81,-489.86519999999996,1.5,13,35.2,46.27513739392242,34.4,5.1,41,hot,2017-08-15 13:00:00
position_1246,-2190.81,-479.86519999999996,1.5,13,32.7,34.4,34.4,5.1,41,hot,2017-08-15 13:00:00
position_1247,-2190.81,-469.86519999999996,1.5,13,35.2,46.08990974225511,34.4,5.1,41,hot,2017-08-15 13:00:00
position_1248,-2190.81,-459.86519999999996,1.5,13,35.1,45.54109100326013,34.4,5.1,41,hot,2017-08-15 13:00:00
position_1249,-2190.81,-449.86519999999996,1.5,13,32.7,34.4,34.4,5.1,41,hot,2017-08-15 13:00:00
position_1250,-2190.81,-439.86519999999996,1.5,13,32.7,34.4,34.4,5.1,41,hot,2017-08-15 13:00:00
position_1251,-2190.81,-429.86519999999996,1.5,13,35.2,46.138306104898035,34.4,5.1,41,hot,2017-08-15 13:00:00
position_1252,-2190.81,-419.86519999999996,1.5,13,36.4,51.70548591684483,34.4,5.1,41,hot,2017-08-15 13:00:00
position_1253,-2190.81,-409.86519999999996,1.5,13,37.0,54.47020434573944,34.4,5.1,41,hot,2017-08-15 13:00:00
position_1254,-2190.81,-399.86519999999996,1.5,13,36.9,54.02862839442571,34.4,5.1,41,hot,2017-08-15 13:00:00
position_1255,-2190.81,-389.86519999999996,1.5,13,36.8,53.46722237664809,34.4,5.1,41,hot,2017-08-15 13:00:00
position_1256,-2190.81,-379.86519999999996,1.5,13,36.6,52.72202766700307,34.4,5.1,41,hot,2017-08-15 13:00:00
position_1257,-2190.81,-369.86519999999996,1.5,13,36.1,50.222454805975765,34.4,5.1,41,hot,2017-08-15 13:00:00
position_1258,-2190.81,-359.86519999999996,1.5,13,36.2,50.99244104306939,34.4,5.1,41,hot,2017-08-15 13:00:00
position_1259,-2190.81,-349.86519999999996,1.5,13,35.4,47.108634778366365,34.4,5.1,41,hot,2017-08-15 13:00:00
position_1260,-2190.81,-339.86519999999996,1.5,13,34.9,44.66634953194134,34.4,5.1,41,hot,2017-08-15 13:00:00
position_1261,-2190.81,-329.86519999999996,1.5,13,36.2,50.91792411386421,34.4,5.1,41,hot,2017-08-15 13:00:00
position_1262,-2190.81,-319.86519999999996,1.5,13,36.4,51.92924355377139,34.4,5.1,41,hot,2017-08-15 13:00:00
position_1263,-2190.81,-309.86519999999996,1.5,13,36.0,49.75766533766664,34.4,5.1,41,hot,2017-08-15 13:00:00
position_1264,-2190.81,-299.86519999999996,1.5,13,36.2,50.92499599975967,34.4,5.1,41,hot,2017-08-15 13:00:00
position_1265,-2190.81,-289.86519999999996,1.5,13,35.1,45.58620109515288,34.4,5.1,41,hot,2017-08-15 13:00:00
position_1266,-2190.81,-279.86519999999996,1.5,13,34.2,41.601065458147545,34.4,5.1,41,hot,2017-08-15 13:00:00
position_1267,-2190.81,-269.86519999999996,1.5,13,33.9,40.10516282051853,34.4,5.1,41,hot,2017-08-15 13:00:00
position_1268,-2190.81,-259.86519999999996,1.5,13,34.3,42.12494646936268,34.4,5.1,41,hot,2017-08-15 13:00:00
position_1269,-2190.81,-249.86519999999996,1.5,13,33.7,39.20145833030022,34.4,5.1,41,hot,2017-08-15 13:00:00
position_1270,-2190.81,-239.86519999999996,1.5,13,32.7,34.4,34.4,5.1,41,hot,2017-08-15 13:00:00
position_1271,-2190.81,-229.86519999999996,1.5,13,32.7,34.4,34.4,5.1,41,hot,2017-08-15 13:00:00
position_1272,-2190.81,-219.86519999999996,1.5,13,32.7,34.4,34.4,5.1,41,hot,2017-08-15 13:00:00
position_1273,-2190.81,-209.86519999999996,1.5,13,32.7,34.4,34.4,5.1,41,hot,2017-08-15 13:00:00
position_1274,-2190.81,-199.86519999999996,1.5,13,35.0,45.20319900174794,34.4,5.1,41,hot,2017-08-15 13:00:00
position_1275,-2190.81,-189.86519999999996,1.5,13,39.2,64.5194551364688,34.4,5.1,41,very_hot,2017-08-15 13:00:00
position_1276,-2180.81,-619.8652,1.5,13,37.3,55.99100109547627,34.4,5.1,41,hot,2017-08-15 13:00:00
position_1277,-2180.81,-609.8652,1.5,13,37.4,56.280843758818165,34.4,5.1,41,hot,2017-08-15 13:00:00
position_1278,-2180.81,-599.8652,1.5,13,37.4,56.48396972878238,34.4,5.1,41,hot,2017-08-15 13:00:00
position_1279,-2180.81,-589.8652,1.5,13,37.4,56.48396972878238,34.4,5.1,41,hot,2017-08-15 13:00:00
position_1280,-2180.81,-579.8652,1.5,13,37.4,56.632342828824015,34.4,5.1,41,hot,2017-08-15 13:00:00
position_1281,-2180.81,-569.8652,1.5,13,37.4,56.48396972878238,34.4,5.1,41,hot,2017-08-15 13:00:00
position_1282,-2180.81,-559.8652,1.5,13,37.3,56.18044255089156,34.4,5.1,41,hot,2017-08-15 13:00:00
position_1283,-2180.81,-549.8652,1.5,13,37.4,56.33559662874075,34.4,5.1,41,hot,2017-08-15 13:00:00
position_1284,-2180.81,-539.8652,1.5,13,37.4,56.47718875097484,34.4,5.1,41,hot,2017-08-15 13:00:00
position_1285,-2180.81,-529.8652,1.5,13,37.4,56.322034673125664,34.4,5.1,41,hot,2017-08-15 13:00:00
position_1286,-2180.81,-519.8652,1.5,13,37.2,55.54626428387977,34.4,5.1,41,hot,2017-08-15 13:00:00
position_1287,-2180.81,-509.86519999999996,1.5,13,37.0,54.77049389463387,34.4,5.1,41,hot,2017-08-15 13:00:00
position_1288,-2180.81,-499.86519999999996,1.5,13,36.7,53.07719264475392,34.4,5.1,41,hot,2017-08-15 13:00:00
position_1289,-2180.81,-489.86519999999996,1.5,13,34.9,45.01435036637092,34.4,5.1,41,hot,2017-08-15 13:00:00
position_1290,-2180.81,-479.86519999999996,1.5,13,32.7,34.4,34.4,5.1,41,hot,2017-08-15 13:00:00
position_1291,-2180.81,-469.86519999999996,1.5,13,34.2,41.46630458914735,34.4,5.1,41,hot,2017-08-15 13:00:00
position_1292,-2180.81,-459.86519999999996,1.5,13,34.4,42.61103154055834,34.4,5.1,41,hot,2017-08-15 13:00:00
position_1293,-2180.81,-449.86519999999996,1.5,13,32.7,34.4,34.4,5.1,41,hot,2017-08-15 13:00:00
position_1294,-2180.81,-439.86519999999996,1.5,13,32.7,34.4,34.4,5.1,41,hot,2017-08-15 13:00:00
position_1295,-2180.81,-429.86519999999996,1.5,13,36.2,50.74894747346372,34.4,5.1,41,hot,2017-08-15 13:00:00
position_1296,-2180.81,-419.86519999999996,1.5,13,36.8,53.59404756029384,34.4,5.1,41,hot,2017-08-15 13:00:00
position_1297,-2180.81,-409.86519999999996,1.5,13,37.0,54.753266031273775,34.4,5.1,41,hot,2017-08-15 13:00:00
position_1298,-2180.81,-399.86519999999996,1.5,13,36.9,54.331987223162436,34.4,5.1,41,hot,2017-08-15 13:00:00
position_1299,-2180.81,-389.86519999999996,1.5,13,35.6,48.308707465345655,34.4,5.1,41,hot,2017-08-15 13:00:00
position_1300,-2180.81,-379.86519999999996,1.5,13,35.7,48.55861664661524,34.4,5.1,41,hot,2017-08-15 13:00:00
position_1301,-2180.81,-369.86519999999996,1.5,13,35.7,48.65527735263142,34.4,5.1,41,hot,2017-08-15 13:00:00
position_1302,-2180.81,-359.86519999999996,1.5,13,36.4,51.804665155523075,34.4,5.1,41,hot,2017-08-15 13:00:00
position_1303,-2180.81,-349.86519999999996,1.5,13,36.4,51.8422359523058,34.4,5.1,41,hot,2017-08-15 13:00:00
position_1304,-2180.81,-339.86519999999996,1.5,13,35.3,46.70336036716023,34.4,5.1,41,hot,2017-08-15 13:00:00
position_1305,-2180.81,-329.86519999999996,1.5,13,36.3,51.14630969818957,34.4,5.1,41,hot,2017-08-15 13:00:00
position_1306,-2180.81,-319.86519999999996,1.5,13,35.3,46.55735511388702,34.4,5.1,41,hot,2017-08-15 13:00:00
position_1307,-2180.81,-309.86519999999996,1.5,13,35.2,46.24350360937749,34.4,5.1,41,hot,2017-08-15 13:00:00
position_1308,-2180.81,-299.86519999999996,1.5,13,36.2,51.05256690913667,34.4,5.1,41,hot,2017-08-15 13:00:00
position_1309,-2180.81,-289.86519999999996,1.5,13,34.9,44.98686162987278,34.4,5.1,41,hot,2017-08-15 13:00:00
position_1310,-2180.81,-279.86519999999996,1.5,13,35.0,45.17884091488312,34.4,5.1,41,hot,2017-08-15 13:00:00
position_1311,-2180.81,-269.86519999999996,1.5,13,34.0,40.6279902112831,34.4,5.1,41,hot,2017-08-15 13:00:00
position_1312,-2180.81,-259.86519999999996,1.5,13,34.1,40.72053100500598,34.4,5.1,41,hot,2017-08-15 13:00:00
position_1313,-2180.81,-249.86519999999996,1.5,13,33.6,38.318563226744516,34.4,5.1,41,hot,2017-08-15 13:00:00
position_1314,-2180.81,-239.86519999999996,1.5,13,32.7,34.4,34.4,5.1,41,hot,2017-08-15 13:00:00
position_1315,-2180.81,-229.86519999999996,1.5,13,32.7,34.4,34.4,5.1,41,hot,2017-08-15 13:00:00
position_1316,-2180.81,-219.86519999999996,1.5,13,32.7,34.4,34.4,5.1,41,hot,2017-08-15 13:00:00
position_1317,-2180.81,-209.86519999999996,1.5,13,32.7,34.4,34.4,5.1,41,hot,2017-08-15 13:00:00
position_1318,-2180.81,-199.86519999999996,1.5,13,34.9,44.740012357543,34.4,5.1,41,hot,2017-08-15 13:00:00
position_1319,-2180.81,-189.86519999999996,1.5,13,39.1,64.37007420655316,34.4,5.1,41,very_hot,2017-08-15 13:00:00
position_1320,-2170.81,-619.8652,1.5,13,37.3,56.01850749523485,34.4,5.1,41,hot,2017-08-15 13:00:00
position_1321,-2170.81,-609.8652,1.5,13,37.3,56.011726517427306,34.4,5.1,41,hot,2017-08-15 13:00:00
position_1322,-2170.81,-599.8652,1.5,13,37.3,56.011726517427306,34.4,5.1,41,hot,2017-08-15 13:00:00
position_1323,-2170.81,-589.8652,1.5,13,37.3,56.01850749523485,34.4,5.1,41,hot,2017-08-15 13:00:00
position_1324,-2170.81,-579.8652,1.5,13,37.4,56.308304368356495,34.4,5.1,41,hot,2017-08-15 13:00:00
position_1325,-2170.81,-569.8652,1.5,13,37.4,56.308304368356495,34.4,5.1,41,hot,2017-08-15 13:00:00
position_1326,-2170.81,-559.8652,1.5,13,37.4,56.632342828824015,34.4,5.1,41,hot,2017-08-15 13:00:00
position_1327,-2170.81,-549.8652,1.5,13,37.4,56.632342828824015,34.4,5.1,41,hot,2017-08-15 13:00:00
position_1328,-2170.81,-539.8652,1.5,13,37.5,56.7874969066732,34.4,5.1,41,hot,2017-08-15 13:00:00
position_1329,-2170.81,-529.8652,1.5,13,37.3,55.85657243957812,34.4,5.1,41,hot,2017-08-15 13:00:00
position_1330,-2170.81,-519.8652,1.5,13,37.2,55.39111020603059,34.4,5.1,41,hot,2017-08-15 13:00:00
position_1331,-2170.81,-509.86519999999996,1.5,13,36.7,53.37360214652903,34.4,5.1,41,hot,2017-08-15 13:00:00
position_1332,-2170.81,-499.86519999999996,1.5,13,32.7,34.4,34.4,5.1,41,hot,2017-08-15 13:00:00
position_1333,-2170.81,-489.86519999999996,1.5,13,35.3,46.62333687865779,34.4,5.1,41,hot,2017-08-15 13:00:00
position_1334,-2170.81,-479.86519999999996,1.5,13,35.1,45.50481826674138,34.4,5.1,41,hot,2017-08-15 13:00:00
position_1335,-2170.81,-469.86519999999996,1.5,13,35.4,47.17985352223551,34.4,5.1,41,hot,2017-08-15 13:00:00
position_1336,-2170.81,-459.86519999999996,1.5,13,35.3,46.90584840420761,34.4,5.1,41,hot,2017-08-15 13:00:00
position_1337,-2170.81,-449.86519999999996,1.5,13,35.4,47.22788669363932,34.4,5.1,41,hot,2017-08-15 13:00:00
position_1338,-2170.81,-439.86519999999996,1.5,13,36.3,51.39714763031796,34.4,5.1,41,hot,2017-08-15 13:00:00
position_1339,-2170.81,-429.86519999999996,1.5,13,37.1,54.94599090590569,34.4,5.1,41,hot,2017-08-15 13:00:00
position_1340,-2170.81,-419.86519999999996,1.5,13,37.1,55.21527649645063,34.4,5.1,41,hot,2017-08-15 13:00:00
position_1341,-2170.81,-409.86519999999996,1.5,13,37.2,55.36364959649225,34.4,5.1,41,hot,2017-08-15 13:00:00
position_1342,-2170.81,-399.86519999999996,1.5,13,36.8,53.74892621912362,34.4,5.1,41,hot,2017-08-15 13:00:00
position_1343,-2170.81,-389.86519999999996,1.5,13,35.5,47.628756803833156,34.4,5.1,41,hot,2017-08-15 13:00:00
position_1344,-2170.81,-379.86519999999996,1.5,13,35.3,46.71637529295729,34.4,5.1,41,hot,2017-08-15 13:00:00
position_1345,-2170.81,-369.86519999999996,1.5,13,36.2,50.91421241589896,34.4,5.1,41,hot,2017-08-15 13:00:00
position_1346,-2170.81,-359.86519999999996,1.5,13,35.3,46.90960140718699,34.4,5.1,41,hot,2017-08-15 13:00:00
position_1347,-2170.81,-349.86519999999996,1.5,13,36.4,51.70064383007172,34.4,5.1,41,hot,2017-08-15 13:00:00
position_1348,-2170.81,-339.86519999999996,1.5,13,35.7,48.44481734737784,34.4,5.1,41,hot,2017-08-15 13:00:00
position_1349,-2170.81,-329.86519999999996,1.5,13,36.2,51.09152802432182,34.4,5.1,41,hot,2017-08-15 13:00:00
position_1350,-2170.81,-319.86519999999996,1.5,13,36.3,51.200940009178304,34.4,5.1,41,hot,2017-08-15 13:00:00
position_1351,-2170.81,-309.86519999999996,1.5,13,36.0,50.10096281031081,34.4,5.1,41,hot,2017-08-15 13:00:00
position_1352,-2170.81,-299.86519999999996,1.5,13,36.2,50.803792601168446,34.4,5.1,41,hot,2017-08-15 13:00:00
position_1353,-2170.81,-289.86519999999996,1.5,13,35.9,49.49386266430895,34.4,5.1,41,hot,2017-08-15 13:00:00
position_1354,-2170.81,-279.86519999999996,1.5,13,34.6,43.4396269121985,34.4,5.1,41,hot,2017-08-15 13:00:00
position_1355,-2170.81,-269.86519999999996,1.5,13,35.3,46.71874314008202,34.4,5.1,41,hot,2017-08-15 13:00:00
position_1356,-2170.81,-259.86519999999996,1.5,13,34.8,44.165016257190494,34.4,5.1,41,hot,2017-08-15 13:00:00
position_1357,-2170.81,-249.86519999999996,1.5,13,34.9,44.60449978039888,34.4,5.1,41,hot,2017-08-15 13:00:00
position_1358,-2170.81,-239.86519999999996,1.5,13,32.7,34.4,34.4,5.1,41,hot,2017-08-15 13:00:00
position_1359,-2170.81,-229.86519999999996,1.5,13,32.7,34.4,34.4,5.1,41,hot,2017-08-15 13:00:00
position_1360,-2170.81,-219.86519999999996,1.5,13,32.7,34.4,34.4,5.1,41,hot,2017-08-15 13:00:00
position_1361,-2170.81,-209.86519999999996,1.5,13,32.7,34.4,34.4,5.1,41,hot,2017-08-15 13:00:00
position_1362,-2170.81,-199.86519999999996,1.5,13,32.7,34.4,34.4,5.1,41,hot,2017-08-15 13:00:00
position_1363,-2170.81,-189.86519999999996,1.5,13,39.0,63.91255364041643,34.4,5.1,41,very_hot,2017-08-15 13:00:00
position_1364,-2160.81,-619.8652,1.5,13,37.3,56.166880595276496,34.4,5.1,41,hot,2017-08-15 13:00:00
position_1365,-2160.81,-609.8652,1.5,13,37.3,56.011726517427306,34.4,5.1,41,hot,2017-08-15 13:00:00
position_1366,-2160.81,-599.8652,1.5,13,37.2,55.5666072173024,34.4,5.1,41,hot,2017-08-15 13:00:00
position_1367,-2160.81,-589.8652,1.5,13,37.1,55.03266180906311,34.4,5.1,41,hot,2017-08-15 13:00:00
position_1368,-2160.81,-579.8652,1.5,13,37.2,55.421685885631454,34.4,5.1,41,hot,2017-08-15 13:00:00
position_1369,-2160.81,-569.8652,1.5,13,37.2,55.692330816085445,34.4,5.1,41,hot,2017-08-15 13:00:00
position_1370,-2160.81,-559.8652,1.5,13,37.5,56.7874969066732,34.4,5.1,41,hot,2017-08-15 13:00:00
position_1371,-2160.81,-549.8652,1.5,13,37.4,56.47718875097484,34.4,5.1,41,hot,2017-08-15 13:00:00
position_1372,-2160.81,-539.8652,1.5,13,37.4,56.48396972878238,34.4,5.1,41,hot,2017-08-15 13:00:00
position_1373,-2160.81,-529.8652,1.5,13,37.2,55.70141836172894,34.4,5.1,41,hot,2017-08-15 13:00:00
position_1374,-2160.81,-519.8652,1.5,13,37.1,55.24273710598896,34.4,5.1,41,hot,2017-08-15 13:00:00
position_1375,-2160.81,-509.86519999999996,1.5,13,36.5,52.13186447627338,34.4,5.1,41,hot,2017-08-15 13:00:00
position_1376,-2160.81,-499.86519999999996,1.5,13,32.7,34.4,34.4,5.1,41,hot,2017-08-15 13:00:00
position_1377,-2160.81,-489.86519999999996,1.5,13,35.6,48.0119960512639,34.4,5.1,41,hot,2017-08-15 13:00:00
position_1378,-2160.81,-479.86519999999996,1.5,13,36.8,53.697977305304725,34.4,5.1,41,hot,2017-08-15 13:00:00
position_1379,-2160.81,-469.86519999999996,1.5,13,36.8,53.55638518307063,34.4,5.1,41,hot,2017-08-15 13:00:00
position_1380,-2160.81,-459.86519999999996,1.5,13,36.9,54.16327118969818,34.4,5.1,41,hot,2017-08-15 13:00:00
position_1381,-2160.81,-449.86519999999996,1.5,13,37.1,55.235956128181414,34.4,5.1,41,hot,2017-08-15 13:00:00
position_1382,-2160.81,-439.86519999999996,1.5,13,37.2,55.39111020603059,34.4,5.1,41,hot,2017-08-15 13:00:00
position_1383,-2160.81,-429.86519999999996,1.5,13,37.1,54.939209928098144,34.4,5.1,41,hot,2017-08-15 13:00:00
position_1384,-2160.81,-419.86519999999996,1.5,13,37.2,55.397891183838134,34.4,5.1,41,hot,2017-08-15 13:00:00
position_1385,-2160.81,-409.86519999999996,1.5,13,37.2,55.397891183838134,34.4,5.1,41,hot,2017-08-15 13:00:00
position_1386,-2160.81,-399.86519999999996,1.5,13,36.8,53.87313761826837,34.4,5.1,41,hot,2017-08-15 13:00:00
position_1387,-2160.81,-389.86519999999996,1.5,13,35.3,46.73587561478088,34.4,5.1,41,hot,2017-08-15 13:00:00
position_1388,-2160.81,-379.86519999999996,1.5,13,35.9,49.68209763954444,34.4,5.1,41,hot,2017-08-15 13:00:00
position_1389,-2160.81,-369.86519999999996,1.5,13,35.6,48.17834042973899,34.4,5.1,41,hot,2017-08-15 13:00:00
position_1390,-2160.81,-359.86519999999996,1.5,13,34.7,43.94904371022698,34.4,5.1,41,hot,2017-08-15 13:00:00
position_1391,-2160.81,-349.86519999999996,1.5,13,35.8,48.92775410496715,34.4,5.1,41,hot,2017-08-15 13:00:00
position_1392,-2160.81,-339.86519999999996,1.5,13,35.7,48.532058971633816,34.4,5.1,41,hot,2017-08-15 13:00:00
position_1393,-2160.81,-329.86519999999996,1.5,13,36.4,51.86952821269006,34.4,5.1,41,hot,2017-08-15 13:00:00
position_1394,-2160.81,-319.86519999999996,1.5,13,35.6,47.880942395022835,34.4,5.1,41,hot,2017-08-15 13:00:00
position_1395,-2160.81,-309.86519999999996,1.5,13,34.9,44.89127003301938,34.4,5.1,41,hot,2017-08-15 13:00:00
position_1396,-2160.81,-299.86519999999996,1.5,13,34.9,44.727073522761586,34.4,5.1,41,hot,2017-08-15 13:00:00
position_1397,-2160.81,-289.86519999999996,1.5,13,35.2,46.339202276096216,34.4,5.1,41,hot,2017-08-15 13:00:00
position_1398,-2160.81,-279.86519999999996,1.5,13,35.7,48.44065087737669,34.4,5.1,41,hot,2017-08-15 13:00:00
position_1399,-2160.81,-269.86519999999996,1.5,13,35.1,45.726118650294644,34.4,5.1,41,hot,2017-08-15 13:00:00
position_1400,-2160.81,-259.86519999999996,1.5,13,35.3,46.45416226529318,34.4,5.1,41,hot,2017-08-15 13:00:00
position_1401,-2160.81,-249.86519999999996,1.5,13,34.3,41.834817383138976,34.4,5.1,41,hot,2017-08-15 13:00:00
position_1402,-2160.81,-239.86519999999996,1.5,13,33.6,38.703815959375085,34.4,5.1,41,hot,2017-08-15 13:00:00
position_1403,-2160.81,-229.86519999999996,1.5,13,32.7,34.4,34.4,5.1,41,hot,2017-08-15 13:00:00
position_1404,-2160.81,-219.86519999999996,1.5,13,32.7,34.4,34.4,5.1,41,hot,2017-08-15 13:00:00
position_1405,-2160.81,-209.86519999999996,1.5,13,32.7,34.4,34.4,5.1,41,hot,2017-08-15 13:00:00
position_1406,-2160.81,-199.86519999999996,1.5,13,34.5,42.89364945791922,34.4,5.1,41,hot,2017-08-15 13:00:00
position_1407,-2160.81,-189.86519999999996,1.5,13,38.7,62.37662077843949,34.4,5.1,41,very_hot,2017-08-15 13:00:00
position_1408,-2150.81,-619.8652,1.5,13,37.3,56.01850749523485,34.4,5.1,41,hot,2017-08-15 13:00:00
position_1409,-2150.81,-609.8652,1.5,13,36.9,54.33876820096998,34.4,5.1,41,hot,2017-08-15 13:00:00
position_1410,-2150.81,-599.8652,1.5,13,36.7,53.08346857509923,34.4,5.1,41,hot,2017-08-15 13:00:00
position_1411,-2150.81,-589.8652,1.5,13,35.8,49.23972351216858,34.4,5.1,41,hot,2017-08-15 13:00:00
position_1412,-2150.81,-579.8652,1.5,13,37.0,54.601227023487134,34.4,5.1,41,hot,2017-08-15 13:00:00
position_1413,-2150.81,-569.8652,1.5,13,37.3,56.173661573084026,34.4,5.1,41,hot,2017-08-15 13:00:00
position_1414,-2150.81,-559.8652,1.5,13,37.4,56.632342828824015,34.4,5.1,41,hot,2017-08-15 13:00:00
position_1415,-2150.81,-549.8652,1.5,13,37.4,56.47718875097484,34.4,5.1,41,hot,2017-08-15 13:00:00
position_1416,-2150.81,-539.8652,1.5,13,37.4,56.31853711453473,34.4,5.1,41,hot,2017-08-15 13:00:00
position_1417,-2150.81,-529.8652,1.5,13,37.2,55.54626428387977,34.4,5.1,41,hot,2017-08-15 13:00:00
position_1418,-2150.81,-519.8652,1.5,13,37.1,54.939209928098144,34.4,5.1,41,hot,2017-08-15 13:00:00
position_1419,-2150.81,-509.86519999999996,1.5,13,35.7,48.72263896854214,34.4,5.1,41,hot,2017-08-15 13:00:00
position_1420,-2150.81,-499.86519999999996,1.5,13,32.7,34.4,34.4,5.1,41,hot,2017-08-15 13:00:00
position_1421,-2150.81,-489.86519999999996,1.5,13,35.5,47.67422728602721,34.4,5.1,41,hot,2017-08-15 13:00:00
position_1422,-2150.81,-479.86519999999996,1.5,13,36.7,53.370609635400356,34.4,5.1,41,hot,2017-08-15 13:00:00
position_1423,-2150.81,-469.86519999999996,1.5,13,36.9,54.00150448319554,34.4,5.1,41,hot,2017-08-15 13:00:00
position_1424,-2150.81,-459.86519999999996,1.5,13,37.1,55.08080205033223,34.4,5.1,41,hot,2017-08-15 13:00:00
position_1425,-2150.81,-449.86519999999996,1.5,13,37.2,55.39111020603059,34.4,5.1,41,hot,2017-08-15 13:00:00
position_1426,-2150.81,-439.86519999999996,1.5,13,37.1,55.25629906160404,34.4,5.1,41,hot,2017-08-15 13:00:00
position_1427,-2150.81,-429.86519999999996,1.5,13,36.9,54.26939975533804,34.4,5.1,41,hot,2017-08-15 13:00:00
position_1428,-2150.81,-419.86519999999996,1.5,13,37.1,55.215230706230386,34.4,5.1,41,hot,2017-08-15 13:00:00
position_1429,-2150.81,-409.86519999999996,1.5,13,37.2,55.71498031734403,34.4,5.1,41,hot,2017-08-15 13:00:00
position_1430,-2150.81,-399.86519999999996,1.5,13,36.8,53.70425323565002,34.4,5.1,41,hot,2017-08-15 13:00:00
position_1431,-2150.81,-389.86519999999996,1.5,13,35.7,48.698770349568775,34.4,5.1,41,hot,2017-08-15 13:00:00
position_1432,-2150.81,-379.86519999999996,1.5,13,35.8,49.10486725521977,34.4,5.1,41,hot,2017-08-15 13:00:00
position_1433,-2150.81,-369.86519999999996,1.5,13,35.8,48.868312685698655,34.4,5.1,41,hot,2017-08-15 13:00:00
position_1434,-2150.81,-359.86519999999996,1.5,13,34.9,44.81562271500633,34.4,5.1,41,hot,2017-08-15 13:00:00
position_1435,-2150.81,-349.86519999999996,1.5,13,34.5,42.87472333618626,34.4,5.1,41,hot,2017-08-15 13:00:00
position_1436,-2150.81,-339.86519999999996,1.5,13,35.1,45.5726413137297,34.4,5.1,41,hot,2017-08-15 13:00:00
position_1437,-2150.81,-329.86519999999996,1.5,13,35.9,49.676263212322155,34.4,5.1,41,hot,2017-08-15 13:00:00
position_1438,-2150.81,-319.86519999999996,1.5,13,34.1,40.774287049629585,34.4,5.1,41,hot,2017-08-15 13:00:00
position_1439,-2150.81,-309.86519999999996,1.5,13,32.7,34.4,34.4,5.1,41,hot,2017-08-15 13:00:00
position_1440,-2150.81,-299.86519999999996,1.5,13,32.7,34.4,34.4,5.1,41,hot,2017-08-15 13:00:00
position_1441,-2150.81,-289.86519999999996,1.5,13,32.7,34.4,34.4,5.1,41,hot,2017-08-15 13:00:00
position_1442,-2150.81,-279.86519999999996,1.5,13,32.7,34.4,34.4,5.1,41,hot,2017-08-15 13:00:00
position_1443,-2150.81,-269.86519999999996,1.5,13,35.2,46.179149317391264,34.4,5.1,41,hot,2017-08-15 13:00:00
position_1444,-2150.81,-259.86519999999996,1.5,13,35.4,47.36706517888475,34.4,5.1,41,hot,2017-08-15 13:00:00
position_1445,-2150.81,-249.86519999999996,1.5,13,32.7,34.4,34.4,5.1,41,hot,2017-08-15 13:00:00
position_1446,-2150.81,-239.86519999999996,1.5,13,32.7,34.4,34.4,5.1,41,hot,2017-08-15 13:00:00
position_1447,-2150.81,-229.86519999999996,1.5,13,32.7,34.4,34.4,5.1,41,hot,2017-08-15 13:00:00
position_1448,-2150.81,-219.86519999999996,1.5,13,32.7,34.4,34.4,5.1,41,hot,2017-08-15 13:00:00
position_1449,-2150.81,-209.86519999999996,1.5,13,32.7,34.4,34.4,5.1,41,hot,2017-08-15 13:00:00
position_1450,-2150.81,-199.86519999999996,1.5,13,32.7,34.4,34.4,5.1,41,hot,2017-08-15 13:00:00
position_1451,-2150.81,-189.86519999999996,1.5,13,37.3,56.0700961734948,34.4,5.1,41,hot,2017-08-15 13:00:00
position_1452,-2140.81,-619.8652,1.5,13,36.9,54.345717527931605,34.4,5.1,41,hot,2017-08-15 13:00:00
position_1453,-2140.81,-609.8652,1.5,13,32.7,34.4,34.4,5.1,41,hot,2017-08-15 13:00:00
position_1454,-2140.81,-599.8652,1.5,13,32.7,34.4,34.4,5.1,41,hot,2017-08-15 13:00:00
position_1455,-2140.81,-589.8652,1.5,13,35.4,46.99827764285907,34.4,5.1,41,hot,2017-08-15 13:00:00
position_1456,-2140.81,-579.8652,1.5,13,36.5,52.16161616422283,34.4,5.1,41,hot,2017-08-15 13:00:00
position_1457,-2140.81,-569.8652,1.5,13,37.3,55.87013439519321,34.4,5.1,41,hot,2017-08-15 13:00:00
position_1458,-2140.81,-559.8652,1.5,13,37.4,56.47718875097484,34.4,5.1,41,hot,2017-08-15 13:00:00
position_1459,-2140.81,-549.8652,1.5,13,37.3,55.997996212658144,34.4,5.1,41,hot,2017-08-15 13:00:00
position_1460,-2140.81,-539.8652,1.5,13,37.4,56.31853711453473,34.4,5.1,41,hot,2017-08-15 13:00:00
position_1461,-2140.81,-529.8652,1.5,13,37.2,55.70141836172894,34.4,5.1,41,hot,2017-08-15 13:00:00
position_1462,-2140.81,-519.8652,1.5,13,37.0,54.48730965016569,34.4,5.1,41,hot,2017-08-15 13:00:00
position_1463,-2140.81,-509.86519999999996,1.5,13,35.8,48.895941644034764,34.4,5.1,41,hot,2017-08-15 13:00:00
position_1464,-2140.81,-499.86519999999996,1.5,13,32.7,34.4,34.4,5.1,41,hot,2017-08-15 13:00:00
position_1465,-2140.81,-489.86519999999996,1.5,13,35.5,47.83616234168394,34.4,5.1,41,hot,2017-08-15 13:00:00
position_1466,-2140.81,-479.86519999999996,1.5,13,36.9,54.17034307559363,34.4,5.1,41,hot,2017-08-15 13:00:00
position_1467,-2140.81,-469.86519999999996,1.5,13,36.9,54.33215557231652,34.4,5.1,41,hot,2017-08-15 13:00:00
position_1468,-2140.81,-459.86519999999996,1.5,13,37.3,55.86335341738567,34.4,5.1,41,hot,2017-08-15 13:00:00
position_1469,-2140.81,-449.86519999999996,1.5,13,37.3,56.011726517427306,34.4,5.1,41,hot,2017-08-15 13:00:00
position_1470,-2140.81,-439.86519999999996,1.5,13,37.3,55.87013439519321,34.4,5.1,41,hot,2017-08-15 13:00:00
position_1471,-2140.81,-429.86519999999996,1.5,13,36.7,53.05739828396332,34.4,5.1,41,hot,2017-08-15 13:00:00
position_1472,-2140.81,-419.86519999999996,1.5,13,37.0,54.43924617761019,34.4,5.1,41,hot,2017-08-15 13:00:00
position_1473,-2140.81,-409.86519999999996,1.5,13,37.0,54.80102378401451,34.4,5.1,41,hot,2017-08-15 13:00:00
position_1474,-2140.81,-399.86519999999996,1.5,13,36.9,54.22144484949808,34.4,5.1,41,hot,2017-08-15 13:00:00
position_1475,-2140.81,-389.86519999999996,1.5,13,35.7,48.75537216375787,34.4,5.1,41,hot,2017-08-15 13:00:00
position_1476,-2140.81,-379.86519999999996,1.5,13,35.9,49.44564565432623,34.4,5.1,41,hot,2017-08-15 13:00:00
position_1477,-2140.81,-369.86519999999996,1.5,13,36.4,51.77114266451151,34.4,5.1,41,hot,2017-08-15 13:00:00
position_1478,-2140.81,-359.86519999999996,1.5,13,36.4,51.96626351287164,34.4,5.1,41,hot,2017-08-15 13:00:00
position_1479,-2140.81,-349.86519999999996,1.5,13,34.7,43.97715928492098,34.4,5.1,41,hot,2017-08-15 13:00:00
position_1480,-2140.81,-339.86519999999996,1.5,13,35.6,47.963152112583046,34.4,5.1,41,hot,2017-08-15 13:00:00
position_1481,-2140.81,-329.86519999999996,1.5,13,35.8,48.93102271245689,34.4,5.1,41,hot,2017-08-15 13:00:00
position_1482,-2140.81,-319.86519999999996,1.5,13,33.8,39.753848265720634,34.4,5.1,41,hot,2017-08-15 13:00:00
position_1483,-2140.81,-309.86519999999996,1.5,13,32.7,34.4,34.4,5.1,41,hot,2017-08-15 13:00:00
position_1484,-2140.81,-299.86519999999996,1.5,13,32.7,34.4,34.4,5.1,41,hot,2017-08-15 13:00:00
position_1485,-2140.81,-289.86519999999996,1.5,13,32.7,34.4,34.4,5.1,41,hot,2017-08-15 13:00:00
position_1486,-2140.81,-279.86519999999996,1.5,13,32.7,34.4,34.4,5.1,41,hot,2017-08-15 13:00:00
position_1487,-2140.81,-269.86519999999996,1.5,13,33.7,39.20929292820202,34.4,5.1,41,hot,2017-08-15 13:00:00
position_1488,-2140.81,-259.86519999999996,1.5,13,35.7,48.70423941136006,34.4,5.1,41,hot,2017-08-15 13:00:00
position_1489,-2140.81,-249.86519999999996,1.5,13,32.7,34.4,34.4,5.1,41,hot,2017-08-15 13:00:00
position_1490,-2140.81,-239.86519999999996,1.5,13,32.7,34.4,34.4,5.1,41,hot,2017-08-15 13:00:00
position_1491,-2140.81,-229.86519999999996,1.5,13,32.7,34.4,34.4,5.1,41,hot,2017-08-15 13:00:00
position_1492,-2140.81,-219.86519999999996,1.5,13,32.7,34.4,34.4,5.1,41,hot,2017-08-15 13:00:00
position_1493,-2140.81,-209.86519999999996,1.5,13,32.7,34.4,34.4,5.1,41,hot,2017-08-15 13:00:00
position_1494,-2140.81,-199.86519999999996,1.5,13,32.7,34.4,34.4,5.1,41,hot,2017-08-15 13:00:00
position_1495,-2140.81,-189.86519999999996,1.5,13,36.8,53.8312264507949,34.4,5.1,41,hot,2017-08-15 13:00:00
position_1496,-2130.81,-619.8652,1.5,13,37.0,54.80439878367159,34.4,5.1,41,hot,2017-08-15 13:00:00
position_1497,-2130.81,-609.8652,1.5,13,32.7,34.4,34.4,5.1,41,hot,2017-08-15 13:00:00
position_1498,-2130.81,-599.8652,1.5,13,32.7,34.4,34.4,5.1,41,hot,2017-08-15 13:00:00
position_1499,-2130.81,-589.8652,1.5,13,34.4,42.45721750532892,34.4,5.1,41,hot,2017-08-15 13:00:00
position_1500,-2130.81,-579.8652,1.5,13,36.6,52.903374594922,34.4,5.1,41,hot,2017-08-15 13:00:00
position_1501,-2130.81,-569.8652,1.5,13,37.2,55.57338819510994,34.4,5.1,41,hot,2017-08-15 13:00:00
position_1502,-2130.81,-559.8652,1.5,13,37.5,56.7874969066732,34.4,5.1,41,hot,2017-08-15 13:00:00
position_1503,-2130.81,-549.8652,1.5,13,37.3,55.85657243957812,34.4,5.1,41,hot,2017-08-15 13:00:00
position_1504,-2130.81,-539.8652,1.5,13,37.4,56.47718875097484,34.4,5.1,41,hot,2017-08-15 13:00:00
position_1505,-2130.81,-529.8652,1.5,13,37.2,55.54626428387977,34.4,5.1,41,hot,2017-08-15 13:00:00
position_1506,-2130.81,-519.8652,1.5,13,36.8,53.61559547668972,34.4,5.1,41,hot,2017-08-15 13:00:00
position_1507,-2130.81,-509.86519999999996,1.5,13,35.0,45.02111517776827,34.4,5.1,41,hot,2017-08-15 13:00:00
position_1508,-2130.81,-499.86519999999996,1.5,13,32.7,34.4,34.4,5.1,41,hot,2017-08-15 13:00:00
position_1509,-2130.81,-489.86519999999996,1.5,13,35.7,48.33586616257733,34.4,5.1,41,hot,2017-08-15 13:00:00
position_1510,-2130.81,-479.86519999999996,1.5,13,36.8,53.71292577145779,34.4,5.1,41,hot,2017-08-15 13:00:00
position_1511,-2130.81,-469.86519999999996,1.5,13,36.8,53.56785538720943,34.4,5.1,41,hot,2017-08-15 13:00:00
position_1512,-2130.81,-459.86519999999996,1.5,13,37.3,56.146200963545695,34.4,5.1,41,hot,2017-08-15 13:00:00
position_1513,-2130.81,-449.86519999999996,1.5,13,37.4,56.322034673125664,34.4,5.1,41,hot,2017-08-15 13:00:00
position_1514,-2130.81,-439.86519999999996,1.5,13,37.4,56.47718875097484,34.4,5.1,41,hot,2017-08-15 13:00:00
position_1515,-2130.81,-429.86519999999996,1.5,13,37.2,55.55982623949485,34.4,5.1,41,hot,2017-08-15 13:00:00
position_1516,-2130.81,-419.86519999999996,1.5,13,37.2,55.5666072173024,34.4,5.1,41,hot,2017-08-15 13:00:00
position_1517,-2130.81,-409.86519999999996,1.5,13,37.3,55.86335341738567,34.4,5.1,41,hot,2017-08-15 13:00:00
position_1518,-2130.81,-399.86519999999996,1.5,13,37.1,54.95277188371323,34.4,5.1,41,hot,2017-08-15 13:00:00
position_1519,-2130.81,-389.86519999999996,1.5,13,36.4,51.85364487751214,34.4,5.1,41,hot,2017-08-15 13:00:00
position_1520,-2130.81,-379.86519999999996,1.5,13,35.3,46.73830406420903,34.4,5.1,41,hot,2017-08-15 13:00:00
position_1521,-2130.81,-369.86519999999996,1.5,13,36.2,50.94862235239891,34.4,5.1,41,hot,2017-08-15 13:00:00
position_1522,-2130.81,-359.86519999999996,1.5,13,36.8,53.5558801356084,34.4,5.1,41,hot,2017-08-15 13:00:00
position_1523,-2130.81,-349.86519999999996,1.5,13,36.5,52.431894095573256,34.4,5.1,41,hot,2017-08-15 13:00:00
position_1524,-2130.81,-339.86519999999996,1.5,13,36.3,51.21790794294385,34.4,5.1,41,hot,2017-08-15 13:00:00
position_1525,-2130.81,-329.86519999999996,1.5,13,35.2,46.319197584152036,34.4,5.1,41,hot,2017-08-15 13:00:00
position_1526,-2130.81,-319.86519999999996,1.5,13,33.1,36.23095585357039,34.4,5.1,41,hot,2017-08-15 13:00:00
position_1527,-2130.81,-309.86519999999996,1.5,13,32.7,34.4,34.4,5.1,41,hot,2017-08-15 13:00:00
position_1528,-2130.81,-299.86519999999996,1.5,13,32.7,34.4,34.4,5.1,41,hot,2017-08-15 13:00:00
position_1529,-2130.81,-289.86519999999996,1.5,13,32.7,34.4,34.4,5.1,41,hot,2017-08-15 13:00:00
position_1530,-2130.81,-279.86519999999996,1.5,13,32.7,34.4,34.4,5.1,41,hot,2017-08-15 13:00:00
position_1531,-2130.81,-269.86519999999996,1.5,13,32.7,34.4,34.4,5.1,41,hot,2017-08-15 13:00:00
position_1532,-2130.81,-259.86519999999996,1.5,13,35.7,48.77612856420226,34.4,5.1,41,hot,2017-08-15 13:00:00
position_1533,-2130.81,-249.86519999999996,1.5,13,35.8,49.17665097186921,34.4,5.1,41,hot,2017-08-15 13:00:00
position_1534,-2130.81,-239.86519999999996,1.5,13,35.4,47.34310212793735,34.4,5.1,41,hot,2017-08-15 13:00:00
position_1535,-2130.81,-229.86519999999996,1.5,13,34.6,43.47938335155589,34.4,5.1,41,hot,2017-08-15 13:00:00
position_1536,-2130.81,-219.86519999999996,1.5,13,32.7,34.4,34.4,5.1,41,hot,2017-08-15 13:00:00
position_1537,-2130.81,-209.86519999999996,1.5,13,32.7,34.4,34.4,5.1,41,hot,2017-08-15 13:00:00
position_1538,-2130.81,-199.86519999999996,1.5,13,32.7,34.4,34.4,5.1,41,hot,2017-08-15 13:00:00
position_1539,-2130.81,-189.86519999999996,1.5,13,37.1,55.289652046629875,34.4,5.1,41,hot,2017-08-15 13:00:00
position_1540,-2120.81,-619.8652,1.5,13,37.2,55.708199339536485,34.4,5.1,41,hot,2017-08-15 13:00:00
position_1541,-2120.81,-609.8652,1.5,13,36.7,53.23862265294841,34.4,5.1,41,hot,2017-08-15 13:00:00
position_1542,-2120.81,-599.8652,1.5,13,35.5,47.80067948815673,34.4,5.1,41,hot,2017-08-15 13:00:00
position_1543,-2120.81,-589.8652,1.5,13,36.0,49.76536256455141,34.4,5.1,41,hot,2017-08-15 13:00:00
position_1544,-2120.81,-579.8652,1.5,13,37.0,54.48019197405,34.4,5.1,41,hot,2017-08-15 13:00:00
position_1545,-2120.81,-569.8652,1.5,13,37.3,56.011726517427306,34.4,5.1,41,hot,2017-08-15 13:00:00
position_1546,-2120.81,-559.8652,1.5,13,37.4,56.632342828824015,34.4,5.1,41,hot,2017-08-15 13:00:00
position_1547,-2120.81,-549.8652,1.5,13,37.4,56.322034673125664,34.4,5.1,41,hot,2017-08-15 13:00:00
position_1548,-2120.81,-539.8652,1.5,13,37.4,56.632342828824015,34.4,5.1,41,hot,2017-08-15 13:00:00
position_1549,-2120.81,-529.8652,1.5,13,37.2,55.70141836172894,34.4,5.1,41,hot,2017-08-15 13:00:00
position_1550,-2120.81,-519.8652,1.5,13,36.8,53.81177211969232,34.4,5.1,41,hot,2017-08-15 13:00:00
position_1551,-2120.81,-509.86519999999996,1.5,13,35.1,45.91008669517855,34.4,5.1,41,hot,2017-08-15 13:00:00
position_1552,-2120.81,-499.86519999999996,1.5,13,32.7,34.4,34.4,5.1,41,hot,2017-08-15 13:00:00
position_1553,-2120.81,-489.86519999999996,1.5,13,35.7,48.639393340468146,34.4,5.1,41,hot,2017-08-15 13:00:00
position_1554,-2120.81,-479.86519999999996,1.5,13,36.9,54.2911330071631,34.4,5.1,41,hot,2017-08-15 13:00:00
position_1555,-2120.81,-469.86519999999996,1.5,13,36.9,54.30464917255795,34.4,5.1,41,hot,2017-08-15 13:00:00
position_1556,-2120.81,-459.86519999999996,1.5,13,37.2,55.58695015072502,34.4,5.1,41,hot,2017-08-15 13:00:00
position_1557,-2120.81,-449.86519999999996,1.5,13,37.4,56.49075070658992,34.4,5.1,41,hot,2017-08-15 13:00:00
position_1558,-2120.81,-439.86519999999996,1.5,13,37.4,56.47718875097484,34.4,5.1,41,hot,2017-08-15 13:00:00
position_1559,-2120.81,-429.86519999999996,1.5,13,37.3,56.011726517427306,34.4,5.1,41,hot,2017-08-15 13:00:00
position_1560,-2120.81,-419.86519999999996,1.5,13,37.3,56.011726517427306,34.4,5.1,41,hot,2017-08-15 13:00:00
position_1561,-2120.81,-409.86519999999996,1.5,13,37.3,56.166880595276496,34.4,5.1,41,hot,2017-08-15 13:00:00
position_1562,-2120.81,-399.86519999999996,1.5,13,37.3,56.166880595276496,34.4,5.1,41,hot,2017-08-15 13:00:00
position_1563,-2120.81,-389.86519999999996,1.5,13,36.9,53.994218457925754,34.4,5.1,41,hot,2017-08-15 13:00:00
position_1564,-2120.81,-379.86519999999996,1.5,13,35.5,47.75860262521109,34.4,5.1,41,hot,2017-08-15 13:00:00
position_1565,-2120.81,-369.86519999999996,1.5,13,35.3,46.443039085270684,34.4,5.1,41,hot,2017-08-15 13:00:00
position_1566,-2120.81,-359.86519999999996,1.5,13,36.4,52.04636975214405,34.4,5.1,41,hot,2017-08-15 13:00:00
position_1567,-2120.81,-349.86519999999996,1.5,13,36.5,52.19002332434642,34.4,5.1,41,hot,2017-08-15 13:00:00
position_1568,-2120.81,-339.86519999999996,1.5,13,36.0,49.97854912403165,34.4,5.1,41,hot,2017-08-15 13:00:00
position_1569,-2120.81,-329.86519999999996,1.5,13,35.1,45.79420167319757,34.4,5.1,41,hot,2017-08-15 13:00:00
position_1570,-2120.81,-319.86519999999996,1.5,13,32.7,34.4,34.4,5.1,41,hot,2017-08-15 13:00:00
position_1571,-2120.81,-309.86519999999996,1.5,13,32.7,34.4,34.4,5.1,41,hot,2017-08-15 13:00:00
position_1572,-2120.81,-299.86519999999996,1.5,13,32.7,34.4,34.4,5.1,41,hot,2017-08-15 13:00:00
position_1573,-2120.81,-289.86519999999996,1.5,13,32.7,34.4,34.4,5.1,41,hot,2017-08-15 13:00:00
position_1574,-2120.81,-279.86519999999996,1.5,13,32.7,34.4,34.4,5.1,41,hot,2017-08-15 13:00:00
position_1575,-2120.81,-269.86519999999996,1.5,13,32.7,34.4,34.4,5.1,41,hot,2017-08-15 13:00:00
position_1576,-2120.81,-259.86519999999996,1.5,13,35.9,49.36945261521472,34.4,5.1,41,hot,2017-08-15 13:00:00
position_1577,-2120.81,-249.86519999999996,1.5,13,36.0,49.85218850234259,34.4,5.1,41,hot,2017-08-15 13:00:00
position_1578,-2120.81,-239.86519999999996,1.5,13,35.8,48.925937772866554,34.4,5.1,41,hot,2017-08-15 13:00:00
position_1579,-2120.81,-229.86519999999996,1.5,13,35.0,45.07345957253736,34.4,5.1,41,hot,2017-08-15 13:00:00
position_1580,-2120.81,-219.86519999999996,1.5,13,32.7,34.4,34.4,5.1,41,hot,2017-08-15 13:00:00
position_1581,-2120.81,-209.86519999999996,1.5,13,32.7,34.4,34.4,5.1,41,hot,2017-08-15 13:00:00
position_1582,-2120.81,-199.86519999999996,1.5,13,32.7,34.4,34.4,5.1,41,hot,2017-08-15 13:00:00
position_1583,-2120.81,-189.86519999999996,1.5,13,38.7,62.51494497016919,34.4,5.1,41,very_hot,2017-08-15 13:00:00
position_1584,-2110.81,-619.8652,1.5,13,36.8,53.72523477933116,34.4,5.1,41,hot,2017-08-15 13:00:00
position_1585,-2110.81,-609.8652,1.5,13,37.1,54.95260353455915,34.4,5.1,41,hot,2017-08-15 13:00:00
position_1586,-2110.81,-599.8652,1.5,13,37.0,54.78371915194081,34.4,5.1,41,hot,2017-08-15 13:00:00
position_1587,-2110.81,-589.8652,1.5,13,37.1,54.959384512366704,34.4,5.1,41,hot,2017-08-15 13:00:00
position_1588,-2110.81,-579.8652,1.5,13,37.2,55.728542272959125,34.4,5.1,41,hot,2017-08-15 13:00:00
position_1589,-2110.81,-569.8652,1.5,13,37.3,55.87691537300075,34.4,5.1,41,hot,2017-08-15 13:00:00
position_1590,-2110.81,-559.8652,1.5,13,37.4,56.632342828824015,34.4,5.1,41,hot,2017-08-15 13:00:00
position_1591,-2110.81,-549.8652,1.5,13,37.4,56.47718875097484,34.4,5.1,41,hot,2017-08-15 13:00:00
position_1592,-2110.81,-539.8652,1.5,13,37.4,56.632342828824015,34.4,5.1,41,hot,2017-08-15 13:00:00
position_1593,-2110.81,-529.8652,1.5,13,37.2,55.54626428387977,34.4,5.1,41,hot,2017-08-15 13:00:00
position_1594,-2110.81,-519.8652,1.5,13,37.0,54.62890177239979,34.4,5.1,41,hot,2017-08-15 13:00:00
position_1595,-2110.81,-509.86519999999996,1.5,13,35.8,48.867668046707436,34.4,5.1,41,hot,2017-08-15 13:00:00
position_1596,-2110.81,-499.86519999999996,1.5,13,32.7,34.4,34.4,5.1,41,hot,2017-08-15 13:00:00
position_1597,-2110.81,-489.86519999999996,1.5,13,35.6,47.98436709257148,34.4,5.1,41,hot,2017-08-15 13:00:00
position_1598,-2110.81,-479.86519999999996,1.5,13,36.7,53.37360214652903,34.4,5.1,41,hot,2017-08-15 13:00:00
position_1599,-2110.81,-469.86519999999996,1.5,13,36.3,51.562595056648796,34.4,5.1,41,hot,2017-08-15 13:00:00
position_1600,-2110.81,-459.86519999999996,1.5,13,35.9,49.677618744366754,34.4,5.1,41,hot,2017-08-15 13:00:00
position_1601,-2110.81,-449.86519999999996,1.5,13,37.2,55.37009387599164,34.4,5.1,41,hot,2017-08-15 13:00:00
position_1602,-2110.81,-439.86519999999996,1.5,13,37.4,56.632342828824015,34.4,5.1,41,hot,2017-08-15 13:00:00
position_1603,-2110.81,-429.86519999999996,1.5,13,37.4,56.322034673125664,34.4,5.1,41,hot,2017-08-15 13:00:00
position_1604,-2110.81,-419.86519999999996,1.5,13,37.2,55.397891183838134,34.4,5.1,41,hot,2017-08-15 13:00:00
position_1605,-2110.81,-409.86519999999996,1.5,13,37.3,56.011726517427306,34.4,5.1,41,hot,2017-08-15 13:00:00
position_1606,-2110.81,-399.86519999999996,1.5,13,37.3,56.166880595276496,34.4,5.1,41,hot,2017-08-15 13:00:00
position_1607,-2110.81,-389.86519999999996,1.5,13,37.2,55.55982623949485,34.4,5.1,41,hot,2017-08-15 13:00:00
position_1608,-2110.81,-379.86519999999996,1.5,13,36.9,54.284015331047385,34.4,5.1,41,hot,2017-08-15 13:00:00
position_1609,-2110.81,-369.86519999999996,1.5,13,36.7,53.33569465143815,34.4,5.1,41,hot,2017-08-15 13:00:00
position_1610,-2110.81,-359.86519999999996,1.5,13,35.6,48.01518408181928,34.4,5.1,41,hot,2017-08-15 13:00:00
position_1611,-2110.81,-349.86519999999996,1.5,13,35.3,46.59671574983939,34.4,5.1,41,hot,2017-08-15 13:00:00
position_1612,-2110.81,-339.86519999999996,1.5,13,35.8,48.844917458352505,34.4,5.1,41,hot,2017-08-15 13:00:00
position_1613,-2110.81,-329.86519999999996,1.5,13,35.7,48.493051389243085,34.4,5.1,41,hot,2017-08-15 13:00:00
position_1614,-2110.81,-319.86519999999996,1.5,13,34.9,44.870349091641664,34.4,5.1,41,hot,2017-08-15 13:00:00
position_1615,-2110.81,-309.86519999999996,1.5,13,32.7,34.4,34.4,5.1,41,hot,2017-08-15 13:00:00
position_1616,-2110.81,-299.86519999999996,1.5,13,32.7,34.4,34.4,5.1,41,hot,2017-08-15 13:00:00
position_1617,-2110.81,-289.86519999999996,1.5,13,32.7,34.4,34.4,5.1,41,hot,2017-08-15 13:00:00
position_1618,-2110.81,-279.86519999999996,1.5,13,32.7,34.4,34.4,5.1,41,hot,2017-08-15 13:00:00
position_1619,-2110.81,-269.86519999999996,1.5,13,34.7,43.67569804256087,34.4,5.1,41,hot,2017-08-15 13:00:00
position_1620,-2110.81,-259.86519999999996,1.5,13,35.8,49.12666559455434,34.4,5.1,41,hot,2017-08-15 13:00:00
position_1621,-2110.81,-249.86519999999996,1.5,13,35.8,49.21442109629938,34.4,5.1,41,hot,2017-08-15 13:00:00
position_1622,-2110.81,-239.86519999999996,1.5,13,35.4,47.348523765835836,34.4,5.1,41,hot,2017-08-15 13:00:00
position_1623,-2110.81,-229.86519999999996,1.5,13,34.9,44.889761640889226,34.4,5.1,41,hot,2017-08-15 13:00:00
position_1624,-2110.81,-219.86519999999996,1.5,13,32.7,34.4,34.4,5.1,41,hot,2017-08-15 13:00:00
position_1625,-2110.81,-209.86519999999996,1.5,13,32.7,34.4,34.4,5.1,41,hot,2017-08-15 13:00:00
position_1626,-2110.81,-199.86519999999996,1.5,13,35.4,46.92321431485747,34.4,5.1,41,hot,2017-08-15 13:00:00
position_1627,-2110.81,-189.86519999999996,1.5,13,39.5,66.0918896860657,34.4,5.1,41,very_hot,2017-08-15 13:00:00
position_1628,-2100.81,-619.8652,1.5,13,36.5,52.33644204357247,34.4,5.1,41,hot,2017-08-15 13:00:00
position_1629,-2100.81,-609.8652,1.5,13,36.8,53.516079539703306,34.4,5.1,41,hot,2017-08-15 13:00:00
position_1630,-2100.81,-599.8652,1.5,13,36.4,51.77255730165298,34.4,5.1,41,hot,2017-08-15 13:00:00
position_1631,-2100.81,-589.8652,1.5,13,36.8,53.63922182932897,34.4,5.1,41,hot,2017-08-15 13:00:00
position_1632,-2100.81,-579.8652,1.5,13,36.6,52.63749430518586,34.4,5.1,41,hot,2017-08-15 13:00:00
position_1633,-2100.81,-569.8652,1.5,13,37.2,55.33618898695393,34.4,5.1,41,hot,2017-08-15 13:00:00
position_1634,-2100.81,-559.8652,1.5,13,37.1,55.235956128181414,34.4,5.1,41,hot,2017-08-15 13:00:00
position_1635,-2100.81,-549.8652,1.5,13,37.2,55.39111020603059,34.4,5.1,41,hot,2017-08-15 13:00:00
position_1636,-2100.81,-539.8652,1.5,13,37.3,55.85657243957812,34.4,5.1,41,hot,2017-08-15 13:00:00
position_1637,-2100.81,-529.8652,1.5,13,37.1,55.08080205033223,34.4,5.1,41,hot,2017-08-15 13:00:00
position_1638,-2100.81,-519.8652,1.5,13,36.9,54.17700149446734,34.4,5.1,41,hot,2017-08-15 13:00:00
position_1639,-2100.81,-509.86519999999996,1.5,13,36.1,50.57338918254685,34.4,5.1,41,hot,2017-08-15 13:00:00
position_1640,-2100.81,-499.86519999999996,1.5,13,32.7,34.4,34.4,5.1,41,hot,2017-08-15 13:00:00
position_1641,-2100.81,-489.86519999999996,1.5,13,34.8,44.42768854209661,34.4,5.1,41,hot,2017-08-15 13:00:00
position_1642,-2100.81,-479.86519999999996,1.5,13,36.1,50.48010632772131,34.4,5.1,41,hot,2017-08-15 13:00:00
position_1643,-2100.81,-469.86519999999996,1.5,13,35.8,49.2119771574464,34.4,5.1,41,hot,2017-08-15 13:00:00
position_1644,-2100.81,-459.86519999999996,1.5,13,35.1,45.888216072692785,34.4,5.1,41,hot,2017-08-15 13:00:00
position_1645,-2100.81,-449.86519999999996,1.5,13,36.9,54.14208651050515,34.4,5.1,41,hot,2017-08-15 13:00:00
position_1646,-2100.81,-439.86519999999996,1.5,13,37.3,56.173661573084026,34.4,5.1,41,hot,2017-08-15 13:00:00
position_1647,-2100.81,-429.86519999999996,1.5,13,37.3,55.86121519870379,34.4,5.1,41,hot,2017-08-15 13:00:00
position_1648,-2100.81,-419.86519999999996,1.5,13,37.2,55.37737990126142,34.4,5.1,41,hot,2017-08-15 13:00:00
position_1649,-2100.81,-409.86519999999996,1.5,13,37.3,56.011726517427306,34.4,5.1,41,hot,2017-08-15 13:00:00
position_1650,-2100.81,-399.86519999999996,1.5,13,37.3,56.173661573084026,34.4,5.1,41,hot,2017-08-15 13:00:00
position_1651,-2100.81,-389.86519999999996,1.5,13,37.2,55.546095934725685,34.4,5.1,41,hot,2017-08-15 13:00:00
position_1652,-2100.81,-379.86519999999996,1.5,13,37.2,55.411453139453215,34.4,5.1,41,hot,2017-08-15 13:00:00
position_1653,-2100.81,-369.86519999999996,1.5,13,37.0,54.48031453298383,34.4,5.1,41,hot,2017-08-15 13:00:00
position_1654,-2100.81,-359.86519999999996,1.5,13,36.2,51.04494645060919,34.4,5.1,41,hot,2017-08-15 13:00:00
position_1655,-2100.81,-349.86519999999996,1.5,13,35.9,49.528267438973764,34.4,5.1,41,hot,2017-08-15 13:00:00
position_1656,-2100.81,-339.86519999999996,1.5,13,36.3,51.4064331489256,34.4,5.1,41,hot,2017-08-15 13:00:00
position_1657,-2100.81,-329.86519999999996,1.5,13,36.3,51.55567670818054,34.4,5.1,41,hot,2017-08-15 13:00:00
position_1658,-2100.81,-319.86519999999996,1.5,13,35.8,48.85142152064672,34.4,5.1,41,hot,2017-08-15 13:00:00
position_1659,-2100.81,-309.86519999999996,1.5,13,35.4,47.36825616963972,34.4,5.1,41,hot,2017-08-15 13:00:00
position_1660,-2100.81,-299.86519999999996,1.5,13,32.7,34.4,34.4,5.1,41,hot,2017-08-15 13:00:00
position_1661,-2100.81,-289.86519999999996,1.5,13,32.7,34.4,34.4,5.1,41,hot,2017-08-15 13:00:00
position_1662,-2100.81,-279.86519999999996,1.5,13,35.1,45.70233943756985,34.4,5.1,41,hot,2017-08-15 13:00:00
position_1663,-2100.81,-269.86519999999996,1.5,13,35.5,47.67031245326268,34.4,5.1,41,hot,2017-08-15 13:00:00
position_1664,-2100.81,-259.86519999999996,1.5,13,35.9,49.696988634273175,34.4,5.1,41,hot,2017-08-15 13:00:00
position_1665,-2100.81,-249.86519999999996,1.5,13,34.7,43.67609221229334,34.4,5.1,41,hot,2017-08-15 13:00:00
position_1666,-2100.81,-239.86519999999996,1.5,13,34.5,42.897785626768645,34.4,5.1,41,hot,2017-08-15 13:00:00
position_1667,-2100.81,-229.86519999999996,1.5,13,34.2,41.33660714229254,34.4,5.1,41,hot,2017-08-15 13:00:00
position_1668,-2100.81,-219.86519999999996,1.5,13,33.7,39.00555329809626,34.4,5.1,41,hot,2017-08-15 13:00:00
position_1669,-2100.81,-209.86519999999996,1.5,13,35.1,45.821892588164104,34.4,5.1,41,hot,2017-08-15 13:00:00
position_1670,-2100.81,-199.86519999999996,1.5,13,34.2,41.49475753949117,34.4,5.1,41,hot,2017-08-15 13:00:00
position_1671,-2100.81,-189.86519999999996,1.5,13,39.7,66.84158978417568,34.4,5.1,41,very_hot,2017-08-15 13:00:00
position_1672,-2090.81,-619.8652,1.5,13,37.0,54.77689238391302,34.4,5.1,41,hot,2017-08-15 13:00:00
position_1673,-2090.81,-609.8652,1.5,13,36.2,51.07970182494188,34.4,5.1,41,hot,2017-08-15 13:00:00
position_1674,-2090.81,-599.8652,1.5,13,35.4,47.185637674031454,34.4,5.1,41,hot,2017-08-15 13:00:00
position_1675,-2090.81,-589.8652,1.5,13,36.3,51.29924715532702,34.4,5.1,41,hot,2017-08-15 13:00:00
position_1676,-2090.81,-579.8652,1.5,13,36.6,52.72573936496831,34.4,5.1,41,hot,2017-08-15 13:00:00
position_1677,-2090.81,-569.8652,1.5,13,37.0,54.44628708501227,34.4,5.1,41,hot,2017-08-15 13:00:00
position_1678,-2090.81,-559.8652,1.5,13,37.1,54.925647972483056,34.4,5.1,41,hot,2017-08-15 13:00:00
position_1679,-2090.81,-549.8652,1.5,13,37.1,55.08080205033223,34.4,5.1,41,hot,2017-08-15 13:00:00
position_1680,-2090.81,-539.8652,1.5,13,37.1,55.08080205033223,34.4,5.1,41,hot,2017-08-15 13:00:00
position_1681,-2090.81,-529.8652,1.5,13,37.0,54.62212079459224,34.4,5.1,41,hot,2017-08-15 13:00:00
position_1682,-2090.81,-519.8652,1.5,13,36.7,53.238074080316395,34.4,5.1,41,hot,2017-08-15 13:00:00
position_1683,-2090.81,-509.86519999999996,1.5,13,36.1,50.406719787323986,34.4,5.1,41,hot,2017-08-15 13:00:00
position_1684,-2090.81,-499.86519999999996,1.5,13,32.7,34.4,34.4,5.1,41,hot,2017-08-15 13:00:00
position_1685,-2090.81,-489.86519999999996,1.5,13,34.6,43.338982897418425,34.4,5.1,41,hot,2017-08-15 13:00:00
position_1686,-2090.81,-479.86519999999996,1.5,13,36.7,53.076687597291695,34.4,5.1,41,hot,2017-08-15 13:00:00
position_1687,-2090.81,-469.86519999999996,1.5,13,35.5,47.833561735237254,34.4,5.1,41,hot,2017-08-15 13:00:00
position_1688,-2090.81,-459.86519999999996,1.5,13,35.2,46.141512755401045,34.4,5.1,41,hot,2017-08-15 13:00:00
position_1689,-2090.81,-449.86519999999996,1.5,13,36.7,53.206565074504645,34.4,5.1,41,hot,2017-08-15 13:00:00
position_1690,-2090.81,-439.86519999999996,1.5,13,36.8,53.86415781947552,34.4,5.1,41,hot,2017-08-15 13:00:00
position_1691,-2090.81,-429.86519999999996,1.5,13,37.3,56.01833914608077,34.4,5.1,41,hot,2017-08-15 13:00:00
position_1692,-2090.81,-419.86519999999996,1.5,13,37.3,55.85657243957812,34.4,5.1,41,hot,2017-08-15 13:00:00
position_1693,-2090.81,-409.86519999999996,1.5,13,37.4,56.322034673125664,34.4,5.1,41,hot,2017-08-15 13:00:00
position_1694,-2090.81,-399.86519999999996,1.5,13,37.2,55.39094185687651,34.4,5.1,41,hot,2017-08-15 13:00:00
position_1695,-2090.81,-389.86519999999996,1.5,13,36.6,52.59405429517933,34.4,5.1,41,hot,2017-08-15 13:00:00
position_1696,-2090.81,-379.86519999999996,1.5,13,37.1,55.06690339640899,34.4,5.1,41,hot,2017-08-15 13:00:00
position_1697,-2090.81,-369.86519999999996,1.5,13,37.1,54.92547962332898,34.4,5.1,41,hot,2017-08-15 13:00:00
position_1698,-2090.81,-359.86519999999996,1.5,13,36.8,53.60528813634609,34.4,5.1,41,hot,2017-08-15 13:00:00
position_1699,-2090.81,-349.86519999999996,1.5,13,36.9,54.35249850573915,34.4,5.1,41,hot,2017-08-15 13:00:00
position_1700,-2090.81,-339.86519999999996,1.5,13,36.7,53.13854265390514,34.4,5.1,41,hot,2017-08-15 13:00:00
position_1701,-2090.81,-329.86519999999996,1.5,13,36.8,53.56628123094071,34.4,5.1,41,hot,2017-08-15 13:00:00
position_1702,-2090.81,-319.86519999999996,1.5,13,35.7,48.67854929809464,34.4,5.1,41,hot,2017-08-15 13:00:00
position_1703,-2090.81,-309.86519999999996,1.5,13,36.2,50.70451960750151,34.4,5.1,41,hot,2017-08-15 13:00:00
position_1704,-2090.81,-299.86519999999996,1.5,13,35.9,49.6796691904726,34.4,5.1,41,hot,2017-08-15 13:00:00
position_1705,-2090.81,-289.86519999999996,1.5,13,35.3,46.57173005693479,34.4,5.1,41,hot,2017-08-15 13:00:00
position_1706,-2090.81,-279.86519999999996,1.5,13,34.9,44.995854743185944,34.4,5.1,41,hot,2017-08-15 13:00:00
position_1707,-2090.81,-269.86519999999996,1.5,13,34.8,44.43885302677692,34.4,5.1,41,hot,2017-08-15 13:00:00
position_1708,-2090.81,-259.86519999999996,1.5,13,35.3,46.75670810695353,34.4,5.1,41,hot,2017-08-15 13:00:00
position_1709,-2090.81,-249.86519999999996,1.5,13,35.8,49.03849132142914,34.4,5.1,41,hot,2017-08-15 13:00:00
position_1710,-2090.81,-239.86519999999996,1.5,13,36.2,50.873403990119854,34.4,5.1,41,hot,2017-08-15 13:00:00
position_1711,-2090.81,-229.86519999999996,1.5,13,35.1,45.80901276868991,34.4,5.1,41,hot,2017-08-15 13:00:00
position_1712,-2090.81,-219.86519999999996,1.5,13,33.8,39.65262238915729,34.4,5.1,41,hot,2017-08-15 13:00:00
position_1713,-2090.81,-209.86519999999996,1.5,13,35.3,46.60123662772918,34.4,5.1,41,hot,2017-08-15 13:00:00
position_1714,-2090.81,-199.86519999999996,1.5,13,35.2,46.31371534395013,34.4,5.1,41,hot,2017-08-15 13:00:00
position_1715,-2090.81,-189.86519999999996,1.5,13,39.8,67.43512797456245,34.4,5.1,41,very_hot,2017-08-15 13:00:00
position_1716,-2080.81,-619.8652,1.5,13,37.3,55.88369635080829,34.4,5.1,41,hot,2017-08-15 13:00:00
position_1717,-2080.81,-609.8652,1.5,13,36.6,52.943435120065324,34.4,5.1,41,hot,2017-08-15 13:00:00
position_1718,-2080.81,-599.8652,1.5,13,35.7,48.7386448626539,34.4,5.1,41,hot,2017-08-15 13:00:00
position_1719,-2080.81,-589.8652,1.5,13,36.8,53.90737920561425,34.4,5.1,41,hot,2017-08-15 13:00:00
position_1720,-2080.81,-579.8652,1.5,13,36.7,53.286762894217524,34.4,5.1,41,hot,2017-08-15 13:00:00
position_1721,-2080.81,-569.8652,1.5,13,36.8,53.88025529438407,34.4,5.1,41,hot,2017-08-15 13:00:00
position_1722,-2080.81,-559.8652,1.5,13,36.8,53.725101216534895,34.4,5.1,41,hot,2017-08-15 13:00:00
position_1723,-2080.81,-549.8652,1.5,13,36.9,54.035409372233254,34.4,5.1,41,hot,2017-08-15 13:00:00
position_1724,-2080.81,-539.8652,1.5,13,36.9,54.021847416618165,34.4,5.1,41,hot,2017-08-15 13:00:00
position_1725,-2080.81,-529.8652,1.5,13,36.9,54.170220516659796,34.4,5.1,41,hot,2017-08-15 13:00:00
position_1726,-2080.81,-519.8652,1.5,13,36.9,54.14275990712146,34.4,5.1,41,hot,2017-08-15 13:00:00
position_1727,-2080.81,-509.86519999999996,1.5,13,36.4,52.00427807747154,34.4,5.1,41,hot,2017-08-15 13:00:00
position_1728,-2080.81,-499.86519999999996,1.5,13,35.3,46.76903708874524,34.4,5.1,41,hot,2017-08-15 13:00:00
position_1729,-2080.81,-489.86519999999996,1.5,13,35.5,47.55079476529898,34.4,5.1,41,hot,2017-08-15 13:00:00
position_1730,-2080.81,-479.86519999999996,1.5,13,36.9,54.345717527931605,34.4,5.1,41,hot,2017-08-15 13:00:00
position_1731,-2080.81,-469.86519999999996,1.5,13,36.9,54.14937253577492,34.4,5.1,41,hot,2017-08-15 13:00:00
position_1732,-2080.81,-459.86519999999996,1.5,13,36.8,53.8388960309225,34.4,5.1,41,hot,2017-08-15 13:00:00
position_1733,-2080.81,-449.86519999999996,1.5,13,36.9,54.01831887953387,34.4,5.1,41,hot,2017-08-15 13:00:00
position_1734,-2080.81,-439.86519999999996,1.5,13,37.0,54.766736406448395,34.4,5.1,41,hot,2017-08-15 13:00:00
position_1735,-2080.81,-429.86519999999996,1.5,13,37.2,55.411453139453215,34.4,5.1,41,hot,2017-08-15 13:00:00
position_1736,-2080.81,-419.86519999999996,1.5,13,37.3,55.85657243957812,34.4,5.1,41,hot,2017-08-15 13:00:00
position_1737,-2080.81,-409.86519999999996,1.5,13,37.4,56.632342828824015,34.4,5.1,41,hot,2017-08-15 13:00:00
position_1738,-2080.81,-399.86519999999996,1.5,13,37.1,54.939041578944064,34.4,5.1,41,hot,2017-08-15 13:00:00
position_1739,-2080.81,-389.86519999999996,1.5,13,36.4,51.82949350384864,34.4,5.1,41,hot,2017-08-15 13:00:00
position_1740,-2080.81,-379.86519999999996,1.5,13,32.7,34.4,34.4,5.1,41,hot,2017-08-15 13:00:00
position_1741,-2080.81,-369.86519999999996,1.5,13,36.6,52.794176749439835,34.4,5.1,41,hot,2017-08-15 13:00:00
position_1742,-2080.81,-359.86519999999996,1.5,13,36.9,54.29803654390448,34.4,5.1,41,hot,2017-08-15 13:00:00
position_1743,-2080.81,-349.86519999999996,1.5,13,36.8,53.52209780550452,34.4,5.1,41,hot,2017-08-15 13:00:00
position_1744,-2080.81,-339.86519999999996,1.5,13,37.0,54.763544567672255,34.4,5.1,41,hot,2017-08-15 13:00:00
position_1745,-2080.81,-329.86519999999996,1.5,13,36.9,54.18378247227488,34.4,5.1,41,hot,2017-08-15 13:00:00
position_1746,-2080.81,-319.86519999999996,1.5,13,36.8,53.711539260919814,34.4,5.1,41,hot,2017-08-15 13:00:00
position_1747,-2080.81,-309.86519999999996,1.5,13,36.5,52.51777348277919,34.4,5.1,41,hot,2017-08-15 13:00:00
position_1748,-2080.81,-299.86519999999996,1.5,13,35.9,49.70748131004597,34.4,5.1,41,hot,2017-08-15 13:00:00
position_1749,-2080.81,-289.86519999999996,1.5,13,34.3,41.93573464239024,34.4,5.1,41,hot,2017-08-15 13:00:00
position_1750,-2080.81,-279.86519999999996,1.5,13,34.2,41.4506154187128,34.4,5.1,41,hot,2017-08-15 13:00:00
position_1751,-2080.81,-269.86519999999996,1.5,13,35.0,45.21711314473972,34.4,5.1,41,hot,2017-08-15 13:00:00
position_1752,-2080.81,-259.86519999999996,1.5,13,36.0,49.807622588378,34.4,5.1,41,hot,2017-08-15 13:00:00
position_1753,-2080.81,-249.86519999999996,1.5,13,36.2,50.84512088613667,34.4,5.1,41,hot,2017-08-15 13:00:00
position_1754,-2080.81,-239.86519999999996,1.5,13,36.3,51.40406597914254,34.4,5.1,41,hot,2017-08-15 13:00:00
position_1755,-2080.81,-229.86519999999996,1.5,13,35.7,48.47053993598687,34.4,5.1,41,hot,2017-08-15 13:00:00
position_1756,-2080.81,-219.86519999999996,1.5,13,34.2,41.37675924823266,34.4,5.1,41,hot,2017-08-15 13:00:00
position_1757,-2080.81,-209.86519999999996,1.5,13,35.8,49.182164190208184,34.4,5.1,41,hot,2017-08-15 13:00:00
position_1758,-2080.81,-199.86519999999996,1.5,13,36.7,53.25252130687165,34.4,5.1,41,hot,2017-08-15 13:00:00
position_1759,-2080.81,-189.86519999999996,1.5,13,40.3,69.60084078495153,34.4,5.1,41,very_hot,2017-08-15 13:00:00
position_1760,-2070.81,-619.8652,1.5,13,37.2,55.71498031734403,34.4,5.1,41,hot,2017-08-15 13:00:00
position_1761,-2070.81,-609.8652,1.5,13,36.9,54.26367239762476,34.4,5.1,41,hot,2017-08-15 13:00:00
position_1762,-2070.81,-599.8652,1.5,13,36.6,52.92165607837635,34.4,5.1,41,hot,2017-08-15 13:00:00
position_1763,-2070.81,-589.8652,1.5,13,32.7,34.4,34.4,5.1,41,hot,2017-08-15 13:00:00
position_1764,-2070.81,-579.8652,1.5,13,32.7,34.4,34.4,5.1,41,hot,2017-08-15 13:00:00
position_1765,-2070.81,-569.8652,1.5,13,32.7,34.4,34.4,5.1,41,hot,2017-08-15 13:00:00
position_1766,-2070.81,-559.8652,1.5,13,32.7,34.4,34.4,5.1,41,hot,2017-08-15 13:00:00
position_1767,-2070.81,-549.8652,1.5,13,32.7,34.4,34.4,5.1,41,hot,2017-08-15 13:00:00
position_1768,-2070.81,-539.8652,1.5,13,32.7,34.4,34.4,5.1,41,hot,2017-08-15 13:00:00
position_1769,-2070.81,-529.8652,1.5,13,35.4,47.054282106196354,34.4,5.1,41,hot,2017-08-15 13:00:00
position_1770,-2070.81,-519.8652,1.5,13,35.9,49.40010506352919,34.4,5.1,41,hot,2017-08-15 13:00:00
position_1771,-2070.81,-509.86519999999996,1.5,13,36.6,52.63425735353114,34.4,5.1,41,hot,2017-08-15 13:00:00
position_1772,-2070.81,-499.86519999999996,1.5,13,36.1,50.49496253644853,34.4,5.1,41,hot,2017-08-15 13:00:00
position_1773,-2070.81,-489.86519999999996,1.5,13,37.1,54.939209928098144,34.4,5.1,41,hot,2017-08-15 13:00:00
position_1774,-2070.81,-479.86519999999996,1.5,13,37.1,55.08080205033223,34.4,5.1,41,hot,2017-08-15 13:00:00
position_1775,-2070.81,-469.86519999999996,1.5,13,37.1,54.925647972483056,34.4,5.1,41,hot,2017-08-15 13:00:00
position_1776,-2070.81,-459.86519999999996,1.5,13,37.2,55.39111020603059,34.4,5.1,41,hot,2017-08-15 13:00:00
position_1777,-2070.81,-449.86519999999996,1.5,13,37.1,55.2495180837965,34.4,5.1,41,hot,2017-08-15 13:00:00
position_1778,-2070.81,-439.86519999999996,1.5,13,37.2,55.55982623949485,34.4,5.1,41,hot,2017-08-15 13:00:00
position_1779,-2070.81,-429.86519999999996,1.5,13,37.2,55.54626428387977,34.4,5.1,41,hot,2017-08-15 13:00:00
position_1780,-2070.81,-419.86519999999996,1.5,13,37.4,56.47718875097484,34.4,5.1,41,hot,2017-08-15 13:00:00
position_1781,-2070.81,-409.86519999999996,1.5,13,37.3,56.166880595276496,34.4,5.1,41,hot,2017-08-15 13:00:00
position_1782,-2070.81,-399.86519999999996,1.5,13,37.1,54.925311274174895,34.4,5.1,41,hot,2017-08-15 13:00:00
position_1783,-2070.81,-389.86519999999996,1.5,13,36.0,49.840729979051574,34.4,5.1,41,hot,2017-08-15 13:00:00
position_1784,-2070.81,-379.86519999999996,1.5,13,37.0,54.43933775805065,34.4,5.1,41,hot,2017-08-15 13:00:00
position_1785,-2070.81,-369.86519999999996,1.5,13,37.0,54.62195244543817,34.4,5.1,41,hot,2017-08-15 13:00:00
position_1786,-2070.81,-359.86519999999996,1.5,13,36.8,53.8883040316602,34.4,5.1,41,hot,2017-08-15 13:00:00
position_1787,-2070.81,-349.86519999999996,1.5,13,36.7,53.20122020531976,34.4,5.1,41,hot,2017-08-15 13:00:00
position_1788,-2070.81,-339.86519999999996,1.5,13,36.8,53.56641927894308,34.4,5.1,41,hot,2017-08-15 13:00:00
position_1789,-2070.81,-329.86519999999996,1.5,13,36.7,53.03832311000926,34.4,5.1,41,hot,2017-08-15 13:00:00
position_1790,-2070.81,-319.86519999999996,1.5,13,36.7,53.31918597491461,34.4,5.1,41,hot,2017-08-15 13:00:00
position_1791,-2070.81,-309.86519999999996,1.5,13,36.8,53.697977305304725,34.4,5.1,41,hot,2017-08-15 13:00:00
position_1792,-2070.81,-299.86519999999996,1.5,13,36.5,52.1800047175425,34.4,5.1,41,hot,2017-08-15 13:00:00
position_1793,-2070.81,-289.86519999999996,1.5,13,35.1,45.65885744485122,34.4,5.1,41,hot,2017-08-15 13:00:00
position_1794,-2070.81,-279.86519999999996,1.5,13,33.9,39.81081476835539,34.4,5.1,41,hot,2017-08-15 13:00:00
position_1795,-2070.81,-269.86519999999996,1.5,13,34.3,41.86326652526204,34.4,5.1,41,hot,2017-08-15 13:00:00
position_1796,-2070.81,-259.86519999999996,1.5,13,32.7,34.4,34.4,5.1,41,hot,2017-08-15 13:00:00
position_1797,-2070.81,-249.86519999999996,1.5,13,32.7,34.4,34.4,5.1,41,hot,2017-08-15 13:00:00
position_1798,-2070.81,-239.86519999999996,1.5,13,32.7,34.4,34.4,5.1,41,hot,2017-08-15 13:00:00
position_1799,-2070.81,-229.86519999999996,1.5,13,32.7,34.4,34.4,5.1,41,hot,2017-08-15 13:00:00
position_1800,-2070.81,-219.86519999999996,1.5,13,34.3,41.70148283248433,34.4,5.1,41,hot,2017-08-15 13:00:00
position_1801,-2070.81,-209.86519999999996,1.5,13,35.3,46.44602127023492,34.4,5.1,41,hot,2017-08-15 13:00:00
position_1802,-2070.81,-199.86519999999996,1.5,13,35.6,48.04244984891627,34.4,5.1,41,hot,2017-08-15 13:00:00
position_1803,-2070.81,-189.86519999999996,1.5,13,40.2,69.16945178959583,34.4,5.1,41,very_hot,2017-08-15 13:00:00
position_1804,-2060.81,-619.8652,1.5,13,35.0,45.059986066483646,34.4,5.1,41,hot,2017-08-15 13:00:00
position_1805,-2060.81,-609.8652,1.5,13,32.7,34.4,34.4,5.1,41,hot,2017-08-15 13:00:00
position_1806,-2060.81,-599.8652,1.5,13,32.7,34.4,34.4,5.1,41,hot,2017-08-15 13:00:00
position_1807,-2060.81,-589.8652,1.5,13,32.7,34.4,34.4,5.1,41,hot,2017-08-15 13:00:00
position_1808,-2060.81,-579.8652,1.5,13,32.7,34.4,34.4,5.1,41,hot,2017-08-15 13:00:00
position_1809,-2060.81,-569.8652,1.5,13,32.7,34.4,34.4,5.1,41,hot,2017-08-15 13:00:00
position_1810,-2060.81,-559.8652,1.5,13,32.7,34.4,34.4,5.1,41,hot,2017-08-15 13:00:00
position_1811,-2060.81,-549.8652,1.5,13,32.7,34.4,34.4,5.1,41,hot,2017-08-15 13:00:00
position_1812,-2060.81,-539.8652,1.5,13,32.7,34.4,34.4,5.1,41,hot,2017-08-15 13:00:00
position_1813,-2060.81,-529.8652,1.5,13,32.7,34.4,34.4,5.1,41,hot,2017-08-15 13:00:00
position_1814,-2060.81,-519.8652,1.5,13,35.5,47.496728516723394,34.4,5.1,41,hot,2017-08-15 13:00:00
position_1815,-2060.81,-509.86519999999996,1.5,13,35.6,48.066513310687284,34.4,5.1,41,hot,2017-08-15 13:00:00
position_1816,-2060.81,-499.86519999999996,1.5,13,36.5,52.260062992046464,34.4,5.1,41,hot,2017-08-15 13:00:00
position_1817,-2060.81,-489.86519999999996,1.5,13,36.9,54.170220516659796,34.4,5.1,41,hot,2017-08-15 13:00:00
position_1818,-2060.81,-479.86519999999996,1.5,13,36.8,53.853131383153894,34.4,5.1,41,hot,2017-08-15 13:00:00
position_1819,-2060.81,-469.86519999999996,1.5,13,36.4,51.68370687479954,34.4,5.1,41,hot,2017-08-15 13:00:00
position_1820,-2060.81,-459.86519999999996,1.5,13,36.2,50.75244570939632,34.4,5.1,41,hot,2017-08-15 13:00:00
position_1821,-2060.81,-449.86519999999996,1.5,13,36.3,51.366281042985484,34.4,5.1,41,hot,2017-08-15 13:00:00
position_1822,-2060.81,-439.86519999999996,1.5,13,37.0,54.4666300184349,34.4,5.1,41,hot,2017-08-15 13:00:00
position_1823,-2060.81,-429.86519999999996,1.5,13,37.3,55.85657243957812,34.4,5.1,41,hot,2017-08-15 13:00:00
position_1824,-2060.81,-419.86519999999996,1.5,13,37.3,56.011726517427306,34.4,5.1,41,hot,2017-08-15 13:00:00
position_1825,-2060.81,-409.86519999999996,1.5,13,37.4,56.322034673125664,34.4,5.1,41,hot,2017-08-15 13:00:00
position_1826,-2060.81,-399.86519999999996,1.5,13,37.1,55.222057474258165,34.4,5.1,41,hot,2017-08-15 13:00:00
position_1827,-2060.81,-389.86519999999996,1.5,13,35.9,49.378841395466914,34.4,5.1,41,hot,2017-08-15 13:00:00
position_1828,-2060.81,-379.86519999999996,1.5,13,36.8,53.76380022757728,34.4,5.1,41,hot,2017-08-15 13:00:00
position_1829,-2060.81,-369.86519999999996,1.5,13,36.7,53.37691586689736,34.4,5.1,41,hot,2017-08-15 13:00:00
position_1830,-2060.81,-359.86519999999996,1.5,13,36.7,53.21149874171824,34.4,5.1,41,hot,2017-08-15 13:00:00
position_1831,-2060.81,-349.86519999999996,1.5,13,36.2,50.710001847703424,34.4,5.1,41,hot,2017-08-15 13:00:00
position_1832,-2060.81,-339.86519999999996,1.5,13,35.9,49.553832539767896,34.4,5.1,41,hot,2017-08-15 13:00:00
position_1833,-2060.81,-329.86519999999996,1.5,13,36.2,51.077080120068594,34.4,5.1,41,hot,2017-08-15 13:00:00
position_1834,-2060.81,-319.86519999999996,1.5,13,35.8,49.02069939565589,34.4,5.1,41,hot,2017-08-15 13:00:00
position_1835,-2060.81,-309.86519999999996,1.5,13,36.7,53.205054462218854,34.4,5.1,41,hot,2017-08-15 13:00:00
position_1836,-2060.81,-299.86519999999996,1.5,13,36.8,53.54265487830146,34.4,5.1,41,hot,2017-08-15 13:00:00
position_1837,-2060.81,-289.86519999999996,1.5,13,35.1,45.66535919648754,34.4,5.1,41,hot,2017-08-15 13:00:00
position_1838,-2060.81,-279.86519999999996,1.5,13,33.6,38.36636459515727,34.4,5.1,41,hot,2017-08-15 13:00:00
position_1839,-2060.81,-269.86519999999996,1.5,13,33.7,38.865945857116834,34.4,5.1,41,hot,2017-08-15 13:00:00
position_1840,-2060.81,-259.86519999999996,1.5,13,34.1,40.906760647726806,34.4,5.1,41,hot,2017-08-15 13:00:00
position_1841,-2060.81,-249.86519999999996,1.5,13,33.8,39.31118771617558,34.4,5.1,41,hot,2017-08-15 13:00:00
position_1842,-2060.81,-239.86519999999996,1.5,13,33.7,39.021390843053936,34.4,5.1,41,hot,2017-08-15 13:00:00
position_1843,-2060.81,-229.86519999999996,1.5,13,33.8,39.659464646609905,34.4,5.1,41,hot,2017-08-15 13:00:00
position_1844,-2060.81,-219.86519999999996,1.5,13,33.9,39.82133842262155,34.4,5.1,41,hot,2017-08-15 13:00:00
position_1845,-2060.81,-209.86519999999996,1.5,13,35.4,47.089623780842075,34.4,5.1,41,hot,2017-08-15 13:00:00
position_1846,-2060.81,-199.86519999999996,1.5,13,36.3,51.279441790673985,34.4,5.1,41,hot,2017-08-15 13:00:00
position_1847,-2060.81,-189.86519999999996,1.5,13,40.0,68.11049715588175,34.4,5.1,41,very_hot,2017-08-15 13:00:00
position_1848,-2050.81,-619.8652,1.5,13,35.0,45.059986066483646,34.4,5.1,41,hot,2017-08-15 13:00:00
position_1849,-2050.81,-609.8652,1.5,13,32.7,34.4,34.4,5.1,41,hot,2017-08-15 13:00:00
position_1850,-2050.81,-599.8652,1.5,13,32.7,34.4,34.4,5.1,41,hot,2017-08-15 13:00:00
position_1851,-2050.81,-589.8652,1.5,13,32.7,34.4,34.4,5.1,41,hot,2017-08-15 13:00:00
position_1852,-2050.81,-579.8652,1.5,13,32.7,34.4,34.4,5.1,41,hot,2017-08-15 13:00:00
position_1853,-2050.81,-569.8652,1.5,13,32.7,34.4,34.4,5.1,41,hot,2017-08-15 13:00:00
position_1854,-2050.81,-559.8652,1.5,13,32.7,34.4,34.4,5.1,41,hot,2017-08-15 13:00:00
position_1855,-2050.81,-549.8652,1.5,13,32.7,34.4,34.4,5.1,41,hot,2017-08-15 13:00:00
position_1856,-2050.81,-539.8652,1.5,13,32.7,34.4,34.4,5.1,41,hot,2017-08-15 13:00:00
position_1857,-2050.81,-529.8652,1.5,13,32.7,34.4,34.4,5.1,41,hot,2017-08-15 13:00:00
position_1858,-2050.81,-519.8652,1.5,13,35.3,46.531302532687896,34.4,5.1,41,hot,2017-08-15 13:00:00
position_1859,-2050.81,-509.86519999999996,1.5,13,35.0,45.28847804333265,34.4,5.1,41,hot,2017-08-15 13:00:00
position_1860,-2050.81,-499.86519999999996,1.5,13,32.7,34.4,34.4,5.1,41,hot,2017-08-15 13:00:00
position_1861,-2050.81,-489.86519999999996,1.5,13,32.7,34.4,34.4,5.1,41,hot,2017-08-15 13:00:00
position_1862,-2050.81,-479.86519999999996,1.5,13,32.7,34.4,34.4,5.1,41,hot,2017-08-15 13:00:00
position_1863,-2050.81,-469.86519999999996,1.5,13,32.7,34.4,34.4,5.1,41,hot,2017-08-15 13:00:00
position_1864,-2050.81,-459.86519999999996,1.5,13,32.7,34.4,34.4,5.1,41,hot,2017-08-15 13:00:00
position_1865,-2050.81,-449.86519999999996,1.5,13,32.7,34.4,34.4,5.1,41,hot,2017-08-15 13:00:00
position_1866,-2050.81,-439.86519999999996,1.5,13,36.1,50.25930872693613,34.4,5.1,41,hot,2017-08-15 13:00:00
position_1867,-2050.81,-429.86519999999996,1.5,13,37.1,54.94599090590569,34.4,5.1,41,hot,2017-08-15 13:00:00
position_1868,-2050.81,-419.86519999999996,1.5,13,37.1,55.24273710598896,34.4,5.1,41,hot,2017-08-15 13:00:00
position_1869,-2050.81,-409.86519999999996,1.5,13,37.3,56.011726517427306,34.4,5.1,41,hot,2017-08-15 13:00:00
position_1870,-2050.81,-399.86519999999996,1.5,13,37.0,54.77015719632571,34.4,5.1,41,hot,2017-08-15 13:00:00
position_1871,-2050.81,-389.86519999999996,1.5,13,36.6,52.78631117268835,34.4,5.1,41,hot,2017-08-15 13:00:00
position_1872,-2050.81,-379.86519999999996,1.5,13,36.9,54.3252062453549,34.4,5.1,41,hot,2017-08-15 13:00:00
position_1873,-2050.81,-369.86519999999996,1.5,13,36.7,53.366821168721486,34.4,5.1,41,hot,2017-08-15 13:00:00
position_1874,-2050.81,-359.86519999999996,1.5,13,32.7,34.4,34.4,5.1,41,hot,2017-08-15 13:00:00
position_1875,-2050.81,-349.86519999999996,1.5,13,32.7,34.4,34.4,5.1,41,hot,2017-08-15 13:00:00
position_1876,-2050.81,-339.86519999999996,1.5,13,32.7,34.4,34.4,5.1,41,hot,2017-08-15 13:00:00
position_1877,-2050.81,-329.86519999999996,1.5,13,36.4,51.680132547495006,34.4,5.1,41,hot,2017-08-15 13:00:00
position_1878,-2050.81,-319.86519999999996,1.5,13,36.7,53.401231105221456,34.4,5.1,41,hot,2017-08-15 13:00:00
position_1879,-2050.81,-309.86519999999996,1.5,13,36.7,53.38766914960637,34.4,5.1,41,hot,2017-08-15 13:00:00
position_1880,-2050.81,-299.86519999999996,1.5,13,36.7,53.25285800517982,34.4,5.1,41,hot,2017-08-15 13:00:00
position_1881,-2050.81,-289.86519999999996,1.5,13,35.7,48.564236257477866,34.4,5.1,41,hot,2017-08-15 13:00:00
position_1882,-2050.81,-279.86519999999996,1.5,13,33.7,38.89340646665517,34.4,5.1,41,hot,2017-08-15 13:00:00
position_1883,-2050.81,-269.86519999999996,1.5,13,33.5,38.0965739571501,34.4,5.1,41,hot,2017-08-15 13:00:00
position_1884,-2050.81,-259.86519999999996,1.5,13,34.1,41.070268272656065,34.4,5.1,41,hot,2017-08-15 13:00:00
position_1885,-2050.81,-249.86519999999996,1.5,13,34.0,40.63988710717434,34.4,5.1,41,hot,2017-08-15 13:00:00
position_1886,-2050.81,-239.86519999999996,1.5,13,33.8,39.65573745921982,34.4,5.1,41,hot,2017-08-15 13:00:00
position_1887,-2050.81,-229.86519999999996,1.5,13,34.8,44.432026258392824,34.4,5.1,41,hot,2017-08-15 13:00:00
position_1888,-2050.81,-219.86519999999996,1.5,13,34.1,41.008078105086945,34.4,5.1,41,hot,2017-08-15 13:00:00
position_1889,-2050.81,-209.86519999999996,1.5,13,35.1,45.51005538907561,34.4,5.1,41,hot,2017-08-15 13:00:00
position_1890,-2050.81,-199.86519999999996,1.5,13,36.0,50.01421513843978,34.4,5.1,41,hot,2017-08-15 13:00:00
position_1891,-2050.81,-189.86519999999996,1.5,13,39.6,66.35250119798889,34.4,5.1,41,very_hot,2017-08-15 13:00:00
position_1892,-2040.81,-619.8652,1.5,13,34.8,44.43237463790508,34.4,5.1,41,hot,2017-08-15 13:00:00
position_1893,-2040.81,-609.8652,1.5,13,32.7,34.4,34.4,5.1,41,hot,2017-08-15 13:00:00
position_1894,-2040.81,-599.8652,1.5,13,32.7,34.4,34.4,5.1,41,hot,2017-08-15 13:00:00
position_1895,-2040.81,-589.8652,1.5,13,32.7,34.4,34.4,5.1,41,hot,2017-08-15 13:00:00
position_1896,-2040.81,-579.8652,1.5,13,32.7,34.4,34.4,5.1,41,hot,2017-08-15 13:00:00
position_1897,-2040.81,-569.8652,1.5,13,32.7,34.4,34.4,5.1,41,hot,2017-08-15 13:00:00
position_1898,-2040.81,-559.8652,1.5,13,32.7,34.4,34.4,5.1,41,hot,2017-08-15 13:00:00
position_1899,-2040.81,-549.8652,1.5,13,32.7,34.4,34.4,5.1,41,hot,2017-08-15 13:00:00
position_1900,-2040.81,-539.8652,1.5,13,32.7,34.4,34.4,5.1,41,hot,2017-08-15 13:00:00
position_1901,-2040.81,-529.8652,1.5,13,32.7,34.4,34.4,5.1,41,hot,2017-08-15 13:00:00
position_1902,-2040.81,-519.8652,1.5,13,33.9,40.096842472443775,34.4,5.1,41,hot,2017-08-15 13:00:00
position_1903,-2040.81,-509.86519999999996,1.5,13,35.4,47.03352706007897,34.4,5.1,41,hot,2017-08-15 13:00:00
position_1904,-2040.81,-499.86519999999996,1.5,13,32.7,34.4,34.4,5.1,41,hot,2017-08-15 13:00:00
position_1905,-2040.81,-489.86519999999996,1.5,13,32.7,34.4,34.4,5.1,41,hot,2017-08-15 13:00:00
position_1906,-2040.81,-479.86519999999996,1.5,13,32.7,34.4,34.4,5.1,41,hot,2017-08-15 13:00:00
position_1907,-2040.81,-469.86519999999996,1.5,13,32.7,34.4,34.4,5.1,41,hot,2017-08-15 13:00:00
position_1908,-2040.81,-459.86519999999996,1.5,13,32.7,34.4,34.4,5.1,41,hot,2017-08-15 13:00:00
position_1909,-2040.81,-449.86519999999996,1.5,13,32.7,34.4,34.4,5.1,41,hot,2017-08-15 13:00:00
position_1910,-2040.81,-439.86519999999996,1.5,13,35.0,45.33805280551563,34.4,5.1,41,hot,2017-08-15 13:00:00
position_1911,-2040.81,-429.86519999999996,1.5,13,36.9,54.249942092855605,34.4,5.1,41,hot,2017-08-15 13:00:00
position_1912,-2040.81,-419.86519999999996,1.5,13,37.1,55.09451686567656,34.4,5.1,41,hot,2017-08-15 13:00:00
position_1913,-2040.81,-409.86519999999996,1.5,13,37.3,55.85657243957812,34.4,5.1,41,hot,2017-08-15 13:00:00
position_1914,-2040.81,-399.86519999999996,1.5,13,37.1,54.91869864552144,34.4,5.1,41,hot,2017-08-15 13:00:00
position_1915,-2040.81,-389.86519999999996,1.5,13,36.9,54.32796690788509,34.4,5.1,41,hot,2017-08-15 13:00:00
position_1916,-2040.81,-379.86519999999996,1.5,13,37.1,54.939209928098144,34.4,5.1,41,hot,2017-08-15 13:00:00
position_1917,-2040.81,-369.86519999999996,1.5,13,36.6,52.92848284640414,34.4,5.1,41,hot,2017-08-15 13:00:00
position_1918,-2040.81,-359.86519999999996,1.5,13,35.0,45.344760822830324,34.4,5.1,41,hot,2017-08-15 13:00:00
position_1919,-2040.81,-349.86519999999996,1.5,13,32.7,34.4,34.4,5.1,41,hot,2017-08-15 13:00:00
position_1920,-2040.81,-339.86519999999996,1.5,13,32.7,34.4,34.4,5.1,41,hot,2017-08-15 13:00:00
position_1921,-2040.81,-329.86519999999996,1.5,13,36.3,51.328801826643236,34.4,5.1,41,hot,2017-08-15 13:00:00
position_1922,-2040.81,-319.86519999999996,1.5,13,36.7,53.09770392733064,34.4,5.1,41,hot,2017-08-15 13:00:00
position_1923,-2040.81,-309.86519999999996,1.5,13,36.8,53.83956942753882,34.4,5.1,41,hot,2017-08-15 13:00:00
position_1924,-2040.81,-299.86519999999996,1.5,13,36.8,53.85991236096145,34.4,5.1,41,hot,2017-08-15 13:00:00
position_1925,-2040.81,-289.86519999999996,1.5,13,35.9,49.31734233373829,34.4,5.1,41,hot,2017-08-15 13:00:00
position_1926,-2040.81,-279.86519999999996,1.5,13,34.1,40.86989196100331,34.4,5.1,41,hot,2017-08-15 13:00:00
position_1927,-2040.81,-269.86519999999996,1.5,13,33.8,39.587085935373985,34.4,5.1,41,hot,2017-08-15 13:00:00
position_1928,-2040.81,-259.86519999999996,1.5,13,34.1,40.91743557436971,34.4,5.1,41,hot,2017-08-15 13:00:00
position_1929,-2040.81,-249.86519999999996,1.5,13,34.5,42.72824265997347,34.4,5.1,41,hot,2017-08-15 13:00:00
position_1930,-2040.81,-239.86519999999996,1.5,13,34.7,43.624255085142146,34.4,5.1,41,hot,2017-08-15 13:00:00
position_1931,-2040.81,-229.86519999999996,1.5,13,35.7,48.58993954951022,34.4,5.1,41,hot,2017-08-15 13:00:00
position_1932,-2040.81,-219.86519999999996,1.5,13,34.6,43.390678168702806,34.4,5.1,41,hot,2017-08-15 13:00:00
position_1933,-2040.81,-209.86519999999996,1.5,13,34.0,40.268170793558795,34.4,5.1,41,hot,2017-08-15 13:00:00
position_1934,-2040.81,-199.86519999999996,1.5,13,33.3,37.341697339009315,34.4,5.1,41,hot,2017-08-15 13:00:00
position_1935,-2040.81,-189.86519999999996,1.5,13,39.4,65.61185766667275,34.4,5.1,41,very_hot,2017-08-15 13:00:00
position_1936,-2030.81,-619.8652,1.5,13,34.4,42.450130807706586,34.4,5.1,41,hot,2017-08-15 13:00:00
position_1937,-2030.81,-609.8652,1.5,13,32.7,34.4,34.4,5.1,41,hot,2017-08-15 13:00:00
position_1938,-2030.81,-599.8652,1.5,13,32.7,34.4,34.4,5.1,41,hot,2017-08-15 13:00:00
position_1939,-2030.81,-589.8652,1.5,13,32.7,34.4,34.4,5.1,41,hot,2017-08-15 13:00:00
position_1940,-2030.81,-579.8652,1.5,13,32.7,34.4,34.4,5.1,41,hot,2017-08-15 13:00:00
position_1941,-2030.81,-569.8652,1.5,13,32.7,34.4,34.4,5.1,41,hot,2017-08-15 13:00:00
position_1942,-2030.81,-559.8652,1.5,13,32.7,34.4,34.4,5.1,41,hot,2017-08-15 13:00:00
position_1943,-2030.81,-549.8652,1.5,13,32.7,34.4,34.4,5.1,41,hot,2017-08-15 13:00:00
position_1944,-2030.81,-539.8652,1.5,13,32.7,34.4,34.4,5.1,41,hot,2017-08-15 13:00:00
position_1945,-2030.81,-529.8652,1.5,13,32.7,34.4,34.4,5.1,41,hot,2017-08-15 13:00:00
position_1946,-2030.81,-519.8652,1.5,13,32.7,34.4,34.4,5.1,41,hot,2017-08-15 13:00:00
position_1947,-2030.81,-509.86519999999996,1.5,13,35.5,47.55280974806167,34.4,5.1,41,hot,2017-08-15 13:00:00
position_1948,-2030.81,-499.86519999999996,1.5,13,36.1,50.52369539030524,34.4,5.1,41,hot,2017-08-15 13:00:00
position_1949,-2030.81,-489.86519999999996,1.5,13,36.7,53.259547402546886,34.4,5.1,41,hot,2017-08-15 13:00:00
position_1950,-2030.81,-479.86519999999996,1.5,13,36.9,54.183905031208724,34.4,5.1,41,hot,2017-08-15 13:00:00
position_1951,-2030.81,-469.86519999999996,1.5,13,36.3,51.36304341398911,34.4,5.1,41,hot,2017-08-15 13:00:00
position_1952,-2030.81,-459.86519999999996,1.5,13,34.9,44.77240282607416,34.4,5.1,41,hot,2017-08-15 13:00:00
position_1953,-2030.81,-449.86519999999996,1.5,13,35.1,45.58144026194318,34.4,5.1,41,hot,2017-08-15 13:00:00
position_1954,-2030.81,-439.86519999999996,1.5,13,36.2,50.75253728983678,34.4,5.1,41,hot,2017-08-15 13:00:00
position_1955,-2030.81,-429.86519999999996,1.5,13,36.9,54.35927948354669,34.4,5.1,41,hot,2017-08-15 13:00:00
position_1956,-2030.81,-419.86519999999996,1.5,13,37.2,55.38416087906897,34.4,5.1,41,hot,2017-08-15 13:00:00
position_1957,-2030.81,-409.86519999999996,1.5,13,37.2,55.397891183838134,34.4,5.1,41,hot,2017-08-15 13:00:00
position_1958,-2030.81,-399.86519999999996,1.5,13,37.2,55.36364959649225,34.4,5.1,41,hot,2017-08-15 13:00:00
position_1959,-2030.81,-389.86519999999996,1.5,13,36.8,53.674823433925546,34.4,5.1,41,hot,2017-08-15 13:00:00
position_1960,-2030.81,-379.86519999999996,1.5,13,37.1,54.9324289502906,34.4,5.1,41,hot,2017-08-15 13:00:00
position_1961,-2030.81,-369.86519999999996,1.5,13,36.6,52.92848284640414,34.4,5.1,41,hot,2017-08-15 13:00:00
position_1962,-2030.81,-359.86519999999996,1.5,13,35.1,45.64831830187284,34.4,5.1,41,hot,2017-08-15 13:00:00
position_1963,-2030.81,-349.86519999999996,1.5,13,32.7,34.4,34.4,5.1,41,hot,2017-08-15 13:00:00
position_1964,-2030.81,-339.86519999999996,1.5,13,32.7,34.4,34.4,5.1,41,hot,2017-08-15 13:00:00
position_1965,-2030.81,-329.86519999999996,1.5,13,36.1,50.55981241520489,34.4,5.1,41,hot,2017-08-15 13:00:00
position_1966,-2030.81,-319.86519999999996,1.5,13,36.7,53.25285800517982,34.4,5.1,41,hot,2017-08-15 13:00:00
position_1967,-2030.81,-309.86519999999996,1.5,13,36.8,53.684415349689644,34.4,5.1,41,hot,2017-08-15 13:00:00
position_1968,-2030.81,-299.86519999999996,1.5,13,36.7,53.401231105221456,34.4,5.1,41,hot,2017-08-15 13:00:00
position_1969,-2030.81,-289.86519999999996,1.5,13,34.7,43.851531752140836,34.4,5.1,41,hot,2017-08-15 13:00:00
position_1970,-2030.81,-279.86519999999996,1.5,13,32.7,34.4,34.4,5.1,41,hot,2017-08-15 13:00:00
position_1971,-2030.81,-269.86519999999996,1.5,13,32.7,34.4,34.4,5.1,41,hot,2017-08-15 13:00:00
position_1972,-2030.81,-259.86519999999996,1.5,13,32.7,34.4,34.4,5.1,41,hot,2017-08-15 13:00:00
position_1973,-2030.81,-249.86519999999996,1.5,13,32.7,34.4,34.4,5.1,41,hot,2017-08-15 13:00:00
position_1974,-2030.81,-239.86519999999996,1.5,13,32.7,34.4,34.4,5.1,41,hot,2017-08-15 13:00:00
position_1975,-2030.81,-229.86519999999996,1.5,13,32.7,34.4,34.4,5.1,41,hot,2017-08-15 13:00:00
position_1976,-2030.81,-219.86519999999996,1.5,13,34.7,43.985193211182846,34.4,5.1,41,hot,2017-08-15 13:00:00
position_1977,-2030.81,-209.86519999999996,1.5,13,34.2,41.4776987022705,34.4,5.1,41,hot,2017-08-15 13:00:00
position_1978,-2030.81,-199.86519999999996,1.5,13,33.8,39.66606178583853,34.4,5.1,41,hot,2017-08-15 13:00:00
position_1979,-2030.81,-189.86519999999996,1.5,13,39.9,67.50344280010013,34.4,5.1,41,very_hot,2017-08-15 13:00:00
position_1980,-2020.81,-619.8652,1.5,13,32.7,34.4,34.4,5.1,41,hot,2017-08-15 13:00:00
position_1981,-2020.81,-609.8652,1.5,13,32.7,34.4,34.4,5.1,41,hot,2017-08-15 13:00:00
position_1982,-2020.81,-599.8652,1.5,13,36.5,52.21551406435695,34.4,5.1,41,hot,2017-08-15 13:00:00
position_1983,-2020.81,-589.8652,1.5,13,32.7,34.4,34.4,5.1,41,hot,2017-08-15 13:00:00
position_1984,-2020.81,-579.8652,1.5,13,32.7,34.4,34.4,5.1,41,hot,2017-08-15 13:00:00
position_1985,-2020.81,-569.8652,1.5,13,32.7,34.4,34.4,5.1,41,hot,2017-08-15 13:00:00
position_1986,-2020.81,-559.8652,1.5,13,32.7,34.4,34.4,5.1,41,hot,2017-08-15 13:00:00
position_1987,-2020.81,-549.8652,1.5,13,32.7,34.4,34.4,5.1,41,hot,2017-08-15 13:00:00
position_1988,-2020.81,-539.8652,1.5,13,32.7,34.4,34.4,5.1,41,hot,2017-08-15 13:00:00
position_1989,-2020.81,-529.8652,1.5,13,32.7,34.4,34.4,5.1,41,hot,2017-08-15 13:00:00
position_1990,-2020.81,-519.8652,1.5,13,32.7,34.4,34.4,5.1,41,hot,2017-08-15 13:00:00
position_1991,-2020.81,-509.86519999999996,1.5,13,35.3,46.450802077362965,34.4,5.1,41,hot,2017-08-15 13:00:00
position_1992,-2020.81,-499.86519999999996,1.5,13,35.6,48.18118302246164,34.4,5.1,41,hot,2017-08-15 13:00:00
position_1993,-2020.81,-489.86519999999996,1.5,13,36.7,53.36694372765534,34.4,5.1,41,hot,2017-08-15 13:00:00
position_1994,-2020.81,-479.86519999999996,1.5,13,36.7,53.232178373449024,34.4,5.1,41,hot,2017-08-15 13:00:00
position_1995,-2020.81,-469.86519999999996,1.5,13,36.0,49.885376469594206,34.4,5.1,41,hot,2017-08-15 13:00:00
position_1996,-2020.81,-459.86519999999996,1.5,13,36.1,50.62130047271478,34.4,5.1,41,hot,2017-08-15 13:00:00
position_1997,-2020.81,-449.86519999999996,1.5,13,35.2,46.200847105873144,34.4,5.1,41,hot,2017-08-15 13:00:00
position_1998,-2020.81,-439.86519999999996,1.5,13,36.4,51.632114865159735,34.4,5.1,41,hot,2017-08-15 13:00:00
position_1999,-2020.81,-429.86519999999996,1.5,13,36.4,51.860654806420875,34.4,5.1,41,hot,2017-08-15 13:00:00
position_2000,-2020.81,-419.86519999999996,1.5,13,37.0,54.601272813707375,34.4,5.1,41,hot,2017-08-15 13:00:00
position_2001,-2020.81,-409.86519999999996,1.5,13,37.2,55.36364959649225,34.4,5.1,41,hot,2017-08-15 13:00:00
position_2002,-2020.81,-399.86519999999996,1.5,13,37.0,54.78401006002873,34.4,5.1,41,hot,2017-08-15 13:00:00
position_2003,-2020.81,-389.86519999999996,1.5,13,36.9,54.342541178223996,34.4,5.1,41,hot,2017-08-15 13:00:00
position_2004,-2020.81,-379.86519999999996,1.5,13,37.0,54.77049389463387,34.4,5.1,41,hot,2017-08-15 13:00:00
position_2005,-2020.81,-369.86519999999996,1.5,13,36.5,52.49014452408677,34.4,5.1,41,hot,2017-08-15 13:00:00
position_2006,-2020.81,-359.86519999999996,1.5,13,35.0,45.36530240655874,34.4,5.1,41,hot,2017-08-15 13:00:00
position_2007,-2020.81,-349.86519999999996,1.5,13,32.7,34.4,34.4,5.1,41,hot,2017-08-15 13:00:00
position_2008,-2020.81,-339.86519999999996,1.5,13,32.7,34.4,34.4,5.1,41,hot,2017-08-15 13:00:00
position_2009,-2020.81,-329.86519999999996,1.5,13,36.2,50.87012057090324,34.4,5.1,41,hot,2017-08-15 13:00:00
position_2010,-2020.81,-319.86519999999996,1.5,13,36.7,53.09770392733064,34.4,5.1,41,hot,2017-08-15 13:00:00
position_2011,-2020.81,-309.86519999999996,1.5,13,36.8,53.52926127184046,34.4,5.1,41,hot,2017-08-15 13:00:00
position_2012,-2020.81,-299.86519999999996,1.5,13,36.9,54.021847416618165,34.4,5.1,41,hot,2017-08-15 13:00:00
position_2013,-2020.81,-289.86519999999996,1.5,13,36.3,51.39867531938109,34.4,5.1,41,hot,2017-08-15 13:00:00
position_2014,-2020.81,-279.86519999999996,1.5,13,35.5,47.54133573605842,34.4,5.1,41,hot,2017-08-15 13:00:00
position_2015,-2020.81,-269.86519999999996,1.5,13,34.5,43.104133736304405,34.4,5.1,41,hot,2017-08-15 13:00:00
position_2016,-2020.81,-259.86519999999996,1.5,13,35.4,47.03569490292721,34.4,5.1,41,hot,2017-08-15 13:00:00
position_2017,-2020.81,-249.86519999999996,1.5,13,34.6,43.355185808163434,34.4,5.1,41,hot,2017-08-15 13:00:00
position_2018,-2020.81,-239.86519999999996,1.5,13,35.6,48.148685484777765,34.4,5.1,41,hot,2017-08-15 13:00:00
position_2019,-2020.81,-229.86519999999996,1.5,13,35.2,46.37414312196775,34.4,5.1,41,hot,2017-08-15 13:00:00
position_2020,-2020.81,-219.86519999999996,1.5,13,34.2,41.41356515846085,34.4,5.1,41,hot,2017-08-15 13:00:00
position_2021,-2020.81,-209.86519999999996,1.5,13,33.8,39.32921375488518,34.4,5.1,41,hot,2017-08-15 13:00:00
position_2022,-2020.81,-199.86519999999996,1.5,13,33.8,39.66606178583853,34.4,5.1,41,hot,2017-08-15 13:00:00
position_2023,-2020.81,-189.86519999999996,1.5,13,40.0,68.1037161780742,34.4,5.1,41,very_hot,2017-08-15 13:00:00
position_2024,-2010.81,-619.8652,1.5,13,32.7,34.4,34.4,5.1,41,hot,2017-08-15 13:00:00
position_2025,-2010.81,-609.8652,1.5,13,32.7,34.4,34.4,5.1,41,hot,2017-08-15 13:00:00
position_2026,-2010.81,-599.8652,1.5,13,36.6,52.807570355900836,34.4,5.1,41,hot,2017-08-15 13:00:00
position_2027,-2010.81,-589.8652,1.5,13,32.7,34.4,34.4,5.1,41,hot,2017-08-15 13:00:00
position_2028,-2010.81,-579.8652,1.5,13,32.7,34.4,34.4,5.1,41,hot,2017-08-15 13:00:00
position_2029,-2010.81,-569.8652,1.5,13,32.7,34.4,34.4,5.1,41,hot,2017-08-15 13:00:00
position_2030,-2010.81,-559.8652,1.5,13,32.7,34.4,34.4,5.1,41,hot,2017-08-15 13:00:00
position_2031,-2010.81,-549.8652,1.5,13,32.7,34.4,34.4,5.1,41,hot,2017-08-15 13:00:00
position_2032,-2010.81,-539.8652,1.5,13,32.7,34.4,34.4,5.1,41,hot,2017-08-15 13:00:00
position_2033,-2010.81,-529.8652,1.5,13,32.7,34.4,34.4,5.1,41,hot,2017-08-15 13:00:00
position_2034,-2010.81,-519.8652,1.5,13,32.7,34.4,34.4,5.1,41,hot,2017-08-15 13:00:00
position_2035,-2010.81,-509.86519999999996,1.5,13,35.1,45.68029978894465,34.4,5.1,41,hot,2017-08-15 13:00:00
position_2036,-2010.81,-499.86519999999996,1.5,13,32.7,34.4,34.4,5.1,41,hot,2017-08-15 13:00:00
position_2037,-2010.81,-489.86519999999996,1.5,13,32.7,34.4,34.4,5.1,41,hot,2017-08-15 13:00:00
position_2038,-2010.81,-479.86519999999996,1.5,13,32.7,34.4,34.4,5.1,41,hot,2017-08-15 13:00:00
position_2039,-2010.81,-469.86519999999996,1.5,13,32.7,34.4,34.4,5.1,41,hot,2017-08-15 13:00:00
position_2040,-2010.81,-459.86519999999996,1.5,13,32.7,34.4,34.4,5.1,41,hot,2017-08-15 13:00:00
position_2041,-2010.81,-449.86519999999996,1.5,13,32.7,34.4,34.4,5.1,41,hot,2017-08-15 13:00:00
position_2042,-2010.81,-439.86519999999996,1.5,13,35.3,46.63338578661342,34.4,5.1,41,hot,2017-08-15 13:00:00
position_2043,-2010.81,-429.86519999999996,1.5,13,35.1,45.81115474891619,34.4,5.1,41,hot,2017-08-15 13:00:00
position_2044,-2010.81,-419.86519999999996,1.5,13,36.6,52.929704815652464,34.4,5.1,41,hot,2017-08-15 13:00:00
position_2045,-2010.81,-409.86519999999996,1.5,13,37.1,55.222057474258165,34.4,5.1,41,hot,2017-08-15 13:00:00
position_2046,-2010.81,-399.86519999999996,1.5,13,37.2,55.418356676194605,34.4,5.1,41,hot,2017-08-15 13:00:00
position_2047,-2010.81,-389.86519999999996,1.5,13,37.1,55.09436400594731,34.4,5.1,41,hot,2017-08-15 13:00:00
position_2048,-2010.81,-379.86519999999996,1.5,13,37.0,54.63568275020734,34.4,5.1,41,hot,2017-08-15 13:00:00
position_2049,-2010.81,-369.86519999999996,1.5,13,36.2,50.683171018396756,34.4,5.1,41,hot,2017-08-15 13:00:00
position_2050,-2010.81,-359.86519999999996,1.5,13,34.7,43.67340628680808,34.4,5.1,41,hot,2017-08-15 13:00:00
position_2051,-2010.81,-349.86519999999996,1.5,13,32.7,34.4,34.4,5.1,41,hot,2017-08-15 13:00:00
position_2052,-2010.81,-339.86519999999996,1.5,13,32.7,34.4,34.4,5.1,41,hot,2017-08-15 13:00:00
position_2053,-2010.81,-329.86519999999996,1.5,13,36.4,51.656292055481444,34.4,5.1,41,hot,2017-08-15 13:00:00
position_2054,-2010.81,-319.86519999999996,1.5,13,36.9,54.17700149446734,34.4,5.1,41,hot,2017-08-15 13:00:00
position_2055,-2010.81,-309.86519999999996,1.5,13,36.8,53.82583912276964,34.4,5.1,41,hot,2017-08-15 13:00:00
position_2056,-2010.81,-299.86519999999996,1.5,13,36.9,54.17700149446734,34.4,5.1,41,hot,2017-08-15 13:00:00
position_2057,-2010.81,-289.86519999999996,1.5,13,35.9,49.39300065597006,34.4,5.1,41,hot,2017-08-15 13:00:00
position_2058,-2010.81,-279.86519999999996,1.5,13,35.8,49.17991890201729,34.4,5.1,41,hot,2017-08-15 13:00:00
position_2059,-2010.81,-269.86519999999996,1.5,13,34.8,44.27844185196257,34.4,5.1,41,hot,2017-08-15 13:00:00
position_2060,-2010.81,-259.86519999999996,1.5,13,35.4,47.079692946970496,34.4,5.1,41,hot,2017-08-15 13:00:00
position_2061,-2010.81,-249.86519999999996,1.5,13,35.4,47.22882875937477,34.4,5.1,41,hot,2017-08-15 13:00:00
position_2062,-2010.81,-239.86519999999996,1.5,13,36.1,50.32354644240118,34.4,5.1,41,hot,2017-08-15 13:00:00
position_2063,-2010.81,-229.86519999999996,1.5,13,35.9,49.33765496636552,34.4,5.1,41,hot,2017-08-15 13:00:00
position_2064,-2010.81,-219.86519999999996,1.5,13,34.3,41.85624269463728,34.4,5.1,41,hot,2017-08-15 13:00:00
position_2065,-2010.81,-209.86519999999996,1.5,13,34.1,41.17776066341109,34.4,5.1,41,hot,2017-08-15 13:00:00
position_2066,-2010.81,-199.86519999999996,1.5,13,33.8,39.510907707989354,34.4,5.1,41,hot,2017-08-15 13:00:00
position_2067,-2010.81,-189.86519999999996,1.5,13,39.9,67.79340802237584,34.4,5.1,41,very_hot,2017-08-15 13:00:00
position_2068,-2000.81,-619.8652,1.5,13,32.7,34.4,34.4,5.1,41,hot,2017-08-15 13:00:00
position_2069,-2000.81,-609.8652,1.5,13,32.7,34.4,34.4,5.1,41,hot,2017-08-15 13:00:00
position_2070,-2000.81,-599.8652,1.5,13,37.0,54.78405585024896,34.4,5.1,41,hot,2017-08-15 13:00:00
position_2071,-2000.81,-589.8652,1.5,13,36.7,53.04939533690742,34.4,5.1,41,hot,2017-08-15 13:00:00
position_2072,-2000.81,-579.8652,1.5,13,36.5,52.44234098112582,34.4,5.1,41,hot,2017-08-15 13:00:00
position_2073,-2000.81,-569.8652,1.5,13,36.4,51.82172466972909,34.4,5.1,41,hot,2017-08-15 13:00:00
position_2074,-2000.81,-559.8652,1.5,13,36.3,51.51141651403075,34.4,5.1,41,hot,2017-08-15 13:00:00
position_2075,-2000.81,-549.8652,1.5,13,36.1,50.59388565339668,34.4,5.1,41,hot,2017-08-15 13:00:00
position_2076,-2000.81,-539.8652,1.5,13,35.4,47.20024224623468,34.4,5.1,41,hot,2017-08-15 13:00:00
position_2077,-2000.81,-529.8652,1.5,13,35.4,47.33838260009808,34.4,5.1,41,hot,2017-08-15 13:00:00
position_2078,-2000.81,-519.8652,1.5,13,35.2,46.14832851992271,34.4,5.1,41,hot,2017-08-15 13:00:00
position_2079,-2000.81,-509.86519999999996,1.5,13,36.5,52.33166123680074,34.4,5.1,41,hot,2017-08-15 13:00:00
position_2080,-2000.81,-499.86519999999996,1.5,13,32.7,34.4,34.4,5.1,41,hot,2017-08-15 13:00:00
position_2081,-2000.81,-489.86519999999996,1.5,13,32.7,34.4,34.4,5.1,41,hot,2017-08-15 13:00:00
position_2082,-2000.81,-479.86519999999996,1.5,13,32.7,34.4,34.4,5.1,41,hot,2017-08-15 13:00:00
position_2083,-2000.81,-469.86519999999996,1.5,13,32.7,34.4,34.4,5.1,41,hot,2017-08-15 13:00:00
position_2084,-2000.81,-459.86519999999996,1.5,13,32.7,34.4,34.4,5.1,41,hot,2017-08-15 13:00:00
position_2085,-2000.81,-449.86519999999996,1.5,13,32.7,34.4,34.4,5.1,41,hot,2017-08-15 13:00:00
position_2086,-2000.81,-439.86519999999996,1.5,13,35.7,48.748285466135535,34.4,5.1,41,hot,2017-08-15 13:00:00
position_2087,-2000.81,-429.86519999999996,1.5,13,36.5,52.43213921344094,34.4,5.1,41,hot,2017-08-15 13:00:00
position_2088,-2000.81,-419.86519999999996,1.5,13,36.8,53.576559767339184,34.4,5.1,41,hot,2017-08-15 13:00:00
position_2089,-2000.81,-409.86519999999996,1.5,13,37.3,56.011726517427306,34.4,5.1,41,hot,2017-08-15 13:00:00
position_2090,-2000.81,-399.86519999999996,1.5,13,37.1,55.06690339640899,34.4,5.1,41,hot,2017-08-15 13:00:00
position_2091,-2000.81,-389.86519999999996,1.5,13,37.2,55.397891183838134,34.4,5.1,41,hot,2017-08-15 13:00:00
position_2092,-2000.81,-379.86519999999996,1.5,13,37.0,54.77032554547981,34.4,5.1,41,hot,2017-08-15 13:00:00
position_2093,-2000.81,-369.86519999999996,1.5,13,36.6,52.63890011265681,34.4,5.1,41,hot,2017-08-15 13:00:00
position_2094,-2000.81,-359.86519999999996,1.5,13,36.3,51.364097034083365,34.4,5.1,41,hot,2017-08-15 13:00:00
position_2095,-2000.81,-349.86519999999996,1.5,13,35.5,47.705474097550244,34.4,5.1,41,hot,2017-08-15 13:00:00
position_2096,-2000.81,-339.86519999999996,1.5,13,35.9,49.39106330810592,34.4,5.1,41,hot,2017-08-15 13:00:00
position_2097,-2000.81,-329.86519999999996,1.5,13,36.7,53.25252130687165,34.4,5.1,41,hot,2017-08-15 13:00:00
position_2098,-2000.81,-319.86519999999996,1.5,13,37.1,54.91869864552144,34.4,5.1,41,hot,2017-08-15 13:00:00
position_2099,-2000.81,-309.86519999999996,1.5,13,37.0,54.615339816784704,34.4,5.1,41,hot,2017-08-15 13:00:00
position_2100,-2000.81,-299.86519999999996,1.5,13,37.0,54.78405585024896,34.4,5.1,41,hot,2017-08-15 13:00:00
position_2101,-2000.81,-289.86519999999996,1.5,13,36.8,53.83914114879018,34.4,5.1,41,hot,2017-08-15 13:00:00
position_2102,-2000.81,-279.86519999999996,1.5,13,36.8,53.8388960309225,34.4,5.1,41,hot,2017-08-15 13:00:00
position_2103,-2000.81,-269.86519999999996,1.5,13,36.6,52.61463134189461,34.4,5.1,41,hot,2017-08-15 13:00:00
position_2104,-2000.81,-259.86519999999996,1.5,13,36.7,53.21149874171824,34.4,5.1,41,hot,2017-08-15 13:00:00
position_2105,-2000.81,-249.86519999999996,1.5,13,36.9,54.19056345008242,34.4,5.1,41,hot,2017-08-15 13:00:00
position_2106,-2000.81,-239.86519999999996,1.5,13,36.7,53.43513599425917,34.4,5.1,41,hot,2017-08-15 13:00:00
position_2107,-2000.81,-229.86519999999996,1.5,13,36.1,50.273084821925536,34.4,5.1,41,hot,2017-08-15 13:00:00
position_2108,-2000.81,-219.86519999999996,1.5,13,35.1,45.841238696287746,34.4,5.1,41,hot,2017-08-15 13:00:00
position_2109,-2000.81,-209.86519999999996,1.5,13,34.6,43.37426329277538,34.4,5.1,41,hot,2017-08-15 13:00:00
position_2110,-2000.81,-199.86519999999996,1.5,13,32.9,35.175938738399964,34.4,5.1,41,hot,2017-08-15 13:00:00
position_2111,-2000.81,-189.86519999999996,1.5,13,40.0,67.95534307803257,34.4,5.1,41,very_hot,2017-08-15 13:00:00
position_2112,-1990.81,-619.8652,1.5,13,32.7,34.4,34.4,5.1,41,hot,2017-08-15 13:00:00
position_2113,-1990.81,-609.8652,1.5,13,32.7,34.4,34.4,5.1,41,hot,2017-08-15 13:00:00
position_2114,-1990.81,-599.8652,1.5,13,37.1,55.235956128181414,34.4,5.1,41,hot,2017-08-15 13:00:00
position_2115,-1990.81,-589.8652,1.5,13,32.7,34.4,34.4,5.1,41,hot,2017-08-15 13:00:00
position_2116,-1990.81,-579.8652,1.5,13,32.7,34.4,34.4,5.1,41,hot,2017-08-15 13:00:00
position_2117,-1990.81,-569.8652,1.5,13,32.7,34.4,34.4,5.1,41,hot,2017-08-15 13:00:00
position_2118,-1990.81,-559.8652,1.5,13,32.7,34.4,34.4,5.1,41,hot,2017-08-15 13:00:00
position_2119,-1990.81,-549.8652,1.5,13,36.4,51.99755837930907,34.4,5.1,41,hot,2017-08-15 13:00:00
position_2120,-1990.81,-539.8652,1.5,13,32.7,34.4,34.4,5.1,41,hot,2017-08-15 13:00:00
position_2121,-1990.81,-529.8652,1.5,13,32.7,34.4,34.4,5.1,41,hot,2017-08-15 13:00:00
position_2122,-1990.81,-519.8652,1.5,13,32.7,34.4,34.4,5.1,41,hot,2017-08-15 13:00:00
position_2123,-1990.81,-509.86519999999996,1.5,13,35.8,49.26118583089296,34.4,5.1,41,hot,2017-08-15 13:00:00
position_2124,-1990.81,-499.86519999999996,1.5,13,32.7,34.4,34.4,5.1,41,hot,2017-08-15 13:00:00
position_2125,-1990.81,-489.86519999999996,1.5,13,32.7,34.4,34.4,5.1,41,hot,2017-08-15 13:00:00
position_2126,-1990.81,-479.86519999999996,1.5,13,32.7,34.4,34.4,5.1,41,hot,2017-08-15 13:00:00
position_2127,-1990.81,-469.86519999999996,1.5,13,32.7,34.4,34.4,5.1,41,hot,2017-08-15 13:00:00
position_2128,-1990.81,-459.86519999999996,1.5,13,32.7,34.4,34.4,5.1,41,hot,2017-08-15 13:00:00
position_2129,-1990.81,-449.86519999999996,1.5,13,32.7,34.4,34.4,5.1,41,hot,2017-08-15 13:00:00
position_2130,-1990.81,-439.86519999999996,1.5,13,35.9,49.638692415539424,34.4,5.1,41,hot,2017-08-15 13:00:00
position_2131,-1990.81,-429.86519999999996,1.5,13,36.0,50.12073719647048,34.4,5.1,41,hot,2017-08-15 13:00:00
position_2132,-1990.81,-419.86519999999996,1.5,13,37.0,54.56719957551557,34.4,5.1,41,hot,2017-08-15 13:00:00
position_2133,-1990.81,-409.86519999999996,1.5,13,37.1,54.90259600913405,34.4,5.1,41,hot,2017-08-15 13:00:00
position_2134,-1990.81,-399.86519999999996,1.5,13,37.0,54.76800035805251,34.4,5.1,41,hot,2017-08-15 13:00:00
position_2135,-1990.81,-389.86519999999996,1.5,13,37.2,55.39111020603059,34.4,5.1,41,hot,2017-08-15 13:00:00
position_2136,-1990.81,-379.86519999999996,1.5,13,37.1,55.08063370117815,34.4,5.1,41,hot,2017-08-15 13:00:00
position_2137,-1990.81,-369.86519999999996,1.5,13,36.8,53.83556682148564,34.4,5.1,41,hot,2017-08-15 13:00:00
position_2138,-1990.81,-359.86519999999996,1.5,13,36.7,53.25925649445896,34.4,5.1,41,hot,2017-08-15 13:00:00
position_2139,-1990.81,-349.86519999999996,1.5,13,35.9,49.6413481823962,34.4,5.1,41,hot,2017-08-15 13:00:00
position_2140,-1990.81,-339.86519999999996,1.5,13,35.4,47.35578913913303,34.4,5.1,41,hot,2017-08-15 13:00:00
position_2141,-1990.81,-329.86519999999996,1.5,13,36.3,51.33368970363659,34.4,5.1,41,hot,2017-08-15 13:00:00
position_2142,-1990.81,-319.86519999999996,1.5,13,32.7,34.4,34.4,5.1,41,hot,2017-08-15 13:00:00
position_2143,-1990.81,-309.86519999999996,1.5,13,32.7,34.4,34.4,5.1,41,hot,2017-08-15 13:00:00
position_2144,-1990.81,-299.86519999999996,1.5,13,32.7,34.4,34.4,5.1,41,hot,2017-08-15 13:00:00
position_2145,-1990.81,-289.86519999999996,1.5,13,32.7,34.4,34.4,5.1,41,hot,2017-08-15 13:00:00
position_2146,-1990.81,-279.86519999999996,1.5,13,32.7,34.4,34.4,5.1,41,hot,2017-08-15 13:00:00
position_2147,-1990.81,-269.86519999999996,1.5,13,32.7,34.4,34.4,5.1,41,hot,2017-08-15 13:00:00
position_2148,-1990.81,-259.86519999999996,1.5,13,32.7,34.4,34.4,5.1,41,hot,2017-08-15 13:00:00
position_2149,-1990.81,-249.86519999999996,1.5,13,36.5,52.49064957154901,34.4,5.1,41,hot,2017-08-15 13:00:00
position_2150,-1990.81,-239.86519999999996,1.5,13,36.6,52.73230620340154,34.4,5.1,41,hot,2017-08-15 13:00:00
position_2151,-1990.81,-229.86519999999996,1.5,13,34.6,43.458074570258724,34.4,5.1,41,hot,2017-08-15 13:00:00
position_2152,-1990.81,-219.86519999999996,1.5,13,34.5,42.71491033208861,34.4,5.1,41,hot,2017-08-15 13:00:00
position_2153,-1990.81,-209.86519999999996,1.5,13,34.6,43.210658014847056,34.4,5.1,41,hot,2017-08-15 13:00:00
position_2154,-1990.81,-199.86519999999996,1.5,13,35.2,46.258363625256564,34.4,5.1,41,hot,2017-08-15 13:00:00
position_2155,-1990.81,-189.86519999999996,1.5,13,39.9,67.60724998617717,34.4,5.1,41,very_hot,2017-08-15 13:00:00
position_2156,-1980.81,-619.8652,1.5,13,32.7,34.4,34.4,5.1,41,hot,2017-08-15 13:00:00
position_2157,-1980.81,-609.8652,1.5,13,32.7,34.4,34.4,5.1,41,hot,2017-08-15 13:00:00
position_2158,-1980.81,-599.8652,1.5,13,37.3,56.011726517427306,34.4,5.1,41,hot,2017-08-15 13:00:00
position_2159,-1980.81,-589.8652,1.5,13,32.7,34.4,34.4,5.1,41,hot,2017-08-15 13:00:00
position_2160,-1980.81,-579.8652,1.5,13,32.7,34.4,34.4,5.1,41,hot,2017-08-15 13:00:00
position_2161,-1980.81,-569.8652,1.5,13,32.7,34.4,34.4,5.1,41,hot,2017-08-15 13:00:00
position_2162,-1980.81,-559.8652,1.5,13,32.7,34.4,34.4,5.1,41,hot,2017-08-15 13:00:00
position_2163,-1980.81,-549.8652,1.5,13,36.4,51.67351991884154,34.4,5.1,41,hot,2017-08-15 13:00:00
position_2164,-1980.81,-539.8652,1.5,13,32.7,34.4,34.4,5.1,41,hot,2017-08-15 13:00:00
position_2165,-1980.81,-529.8652,1.5,13,32.7,34.4,34.4,5.1,41,hot,2017-08-15 13:00:00
position_2166,-1980.81,-519.8652,1.5,13,32.7,34.4,34.4,5.1,41,hot,2017-08-15 13:00:00
position_2167,-1980.81,-509.86519999999996,1.5,13,35.8,48.9645163995233,34.4,5.1,41,hot,2017-08-15 13:00:00
position_2168,-1980.81,-499.86519999999996,1.5,13,32.7,34.4,34.4,5.1,41,hot,2017-08-15 13:00:00
position_2169,-1980.81,-489.86519999999996,1.5,13,32.7,34.4,34.4,5.1,41,hot,2017-08-15 13:00:00
position_2170,-1980.81,-479.86519999999996,1.5,13,32.7,34.4,34.4,5.1,41,hot,2017-08-15 13:00:00
position_2171,-1980.81,-469.86519999999996,1.5,13,32.7,34.4,34.4,5.1,41,hot,2017-08-15 13:00:00
position_2172,-1980.81,-459.86519999999996,1.5,13,32.7,34.4,34.4,5.1,41,hot,2017-08-15 13:00:00
position_2173,-1980.81,-449.86519999999996,1.5,13,32.7,34.4,34.4,5.1,41,hot,2017-08-15 13:00:00
position_2174,-1980.81,-439.86519999999996,1.5,13,36.0,50.13839623643283,34.4,5.1,41,hot,2017-08-15 13:00:00
position_2175,-1980.81,-429.86519999999996,1.5,13,36.9,54.26367239762476,34.4,5.1,41,hot,2017-08-15 13:00:00
position_2176,-1980.81,-419.86519999999996,1.5,13,37.0,54.64924470582242,34.4,5.1,41,hot,2017-08-15 13:00:00
position_2177,-1980.81,-409.86519999999996,1.5,13,37.3,55.86335341738567,34.4,5.1,41,hot,2017-08-15 13:00:00
position_2178,-1980.81,-399.86519999999996,1.5,13,37.2,55.54626428387977,34.4,5.1,41,hot,2017-08-15 13:00:00
position_2179,-1980.81,-389.86519999999996,1.5,13,37.1,55.2495180837965,34.4,5.1,41,hot,2017-08-15 13:00:00
position_2180,-1980.81,-379.86519999999996,1.5,13,36.8,53.83914114879018,34.4,5.1,41,hot,2017-08-15 13:00:00
position_2181,-1980.81,-369.86519999999996,1.5,13,35.7,48.35191403904489,34.4,5.1,41,hot,2017-08-15 13:00:00
position_2182,-1980.81,-359.86519999999996,1.5,13,36.7,53.04922698775335,34.4,5.1,41,hot,2017-08-15 13:00:00
position_2183,-1980.81,-349.86519999999996,1.5,13,36.3,51.541179205842624,34.4,5.1,41,hot,2017-08-15 13:00:00
position_2184,-1980.81,-339.86519999999996,1.5,13,35.7,48.739058329319356,34.4,5.1,41,hot,2017-08-15 13:00:00
position_2185,-1980.81,-329.86519999999996,1.5,13,36.3,51.16361433026326,34.4,5.1,41,hot,2017-08-15 13:00:00
position_2186,-1980.81,-319.86519999999996,1.5,13,32.7,34.4,34.4,5.1,41,hot,2017-08-15 13:00:00
position_2187,-1980.81,-309.86519999999996,1.5,13,32.7,34.4,34.4,5.1,41,hot,2017-08-15 13:00:00
position_2188,-1980.81,-299.86519999999996,1.5,13,32.7,34.4,34.4,5.1,41,hot,2017-08-15 13:00:00
position_2189,-1980.81,-289.86519999999996,1.5,13,32.7,34.4,34.4,5.1,41,hot,2017-08-15 13:00:00
position_2190,-1980.81,-279.86519999999996,1.5,13,32.7,34.4,34.4,5.1,41,hot,2017-08-15 13:00:00
position_2191,-1980.81,-269.86519999999996,1.5,13,32.7,34.4,34.4,5.1,41,hot,2017-08-15 13:00:00
position_2192,-1980.81,-259.86519999999996,1.5,13,32.7,34.4,34.4,5.1,41,hot,2017-08-15 13:00:00
position_2193,-1980.81,-249.86519999999996,1.5,13,36.4,51.72844113791821,34.4,5.1,41,hot,2017-08-15 13:00:00
position_2194,-1980.81,-239.86519999999996,1.5,13,36.6,52.71857589863238,34.4,5.1,41,hot,2017-08-15 13:00:00
position_2195,-1980.81,-229.86519999999996,1.5,13,34.5,42.7630815518511,34.4,5.1,41,hot,2017-08-15 13:00:00
position_2196,-1980.81,-219.86519999999996,1.5,13,34.5,42.915424692100046,34.4,5.1,41,hot,2017-08-15 13:00:00
position_2197,-1980.81,-209.86519999999996,1.5,13,35.3,46.446769170514386,34.4,5.1,41,hot,2017-08-15 13:00:00
position_2198,-1980.81,-199.86519999999996,1.5,13,34.7,43.81841606804039,34.4,5.1,41,hot,2017-08-15 13:00:00
position_2199,-1980.81,-189.86519999999996,1.5,13,39.6,66.37241585266288,34.4,5.1,41,very_hot,2017-08-15 13:00:00
position_2200,-1970.81,-619.8652,1.5,13,37.5,56.7874969066732,34.4,5.1,41,hot,2017-08-15 13:00:00
position_2201,-1970.81,-609.8652,1.5,13,37.5,56.7874969066732,34.4,5.1,41,hot,2017-08-15 13:00:00
position_2202,-1970.81,-599.8652,1.5,13,37.5,56.7874969066732,34.4,5.1,41,hot,2017-08-15 13:00:00
position_2203,-1970.81,-589.8652,1.5,13,32.7,34.4,34.4,5.1,41,hot,2017-08-15 13:00:00
position_2204,-1970.81,-579.8652,1.5,13,36.7,53.24607702737227,34.4,5.1,41,hot,2017-08-15 13:00:00
position_2205,-1970.81,-569.8652,1.5,13,36.8,53.711539260919814,34.4,5.1,41,hot,2017-08-15 13:00:00
position_2206,-1970.81,-559.8652,1.5,13,32.7,34.4,34.4,5.1,41,hot,2017-08-15 13:00:00
position_2207,-1970.81,-549.8652,1.5,13,36.3,51.40406597914254,34.4,5.1,41,hot,2017-08-15 13:00:00
position_2208,-1970.81,-539.8652,1.5,13,35.2,46.294150611602355,34.4,5.1,41,hot,2017-08-15 13:00:00
position_2209,-1970.81,-529.8652,1.5,13,36.1,50.65865713012319,34.4,5.1,41,hot,2017-08-15 13:00:00
position_2210,-1970.81,-519.8652,1.5,13,36.1,50.45905969724326,34.4,5.1,41,hot,2017-08-15 13:00:00
position_2211,-1970.81,-509.86519999999996,1.5,13,36.7,53.150852339476494,34.4,5.1,41,hot,2017-08-15 13:00:00
position_2212,-1970.81,-499.86519999999996,1.5,13,36.9,54.011354740845384,34.4,5.1,41,hot,2017-08-15 13:00:00
position_2213,-1970.81,-489.86519999999996,1.5,13,35.8,48.9168464193586,34.4,5.1,41,hot,2017-08-15 13:00:00
position_2214,-1970.81,-479.86519999999996,1.5,13,35.9,49.392373049930285,34.4,5.1,41,hot,2017-08-15 13:00:00
position_2215,-1970.81,-469.86519999999996,1.5,13,35.5,47.64541834044224,34.4,5.1,41,hot,2017-08-15 13:00:00
position_2216,-1970.81,-459.86519999999996,1.5,13,36.2,51.038745023927035,34.4,5.1,41,hot,2017-08-15 13:00:00
position_2217,-1970.81,-449.86519999999996,1.5,13,35.8,48.93125166355807,34.4,5.1,41,hot,2017-08-15 13:00:00
position_2218,-1970.81,-439.86519999999996,1.5,13,36.7,53.35654263232303,34.4,5.1,41,hot,2017-08-15 13:00:00
position_2219,-1970.81,-429.86519999999996,1.5,13,36.7,53.2689561567174,34.4,5.1,41,hot,2017-08-15 13:00:00
position_2220,-1970.81,-419.86519999999996,1.5,13,37.0,54.44628708501227,34.4,5.1,41,hot,2017-08-15 13:00:00
position_2221,-1970.81,-409.86519999999996,1.5,13,37.3,56.011726517427306,34.4,5.1,41,hot,2017-08-15 13:00:00
position_2222,-1970.81,-399.86519999999996,1.5,13,37.2,55.397891183838134,34.4,5.1,41,hot,2017-08-15 13:00:00
position_2223,-1970.81,-389.86519999999996,1.5,13,37.0,54.642463728014874,34.4,5.1,41,hot,2017-08-15 13:00:00
position_2224,-1970.81,-379.86519999999996,1.5,13,36.5,52.29042453227301,34.4,5.1,41,hot,2017-08-15 13:00:00
position_2225,-1970.81,-369.86519999999996,1.5,13,35.9,49.66393422981782,34.4,5.1,41,hot,2017-08-15 13:00:00
position_2226,-1970.81,-359.86519999999996,1.5,13,36.7,53.400726057759215,34.4,5.1,41,hot,2017-08-15 13:00:00
position_2227,-1970.81,-349.86519999999996,1.5,13,36.8,53.532039643594835,34.4,5.1,41,hot,2017-08-15 13:00:00
position_2228,-1970.81,-339.86519999999996,1.5,13,36.6,52.79510781060024,34.4,5.1,41,hot,2017-08-15 13:00:00
position_2229,-1970.81,-329.86519999999996,1.5,13,36.7,53.090877159302856,34.4,5.1,41,hot,2017-08-15 13:00:00
position_2230,-1970.81,-319.86519999999996,1.5,13,32.7,34.4,34.4,5.1,41,hot,2017-08-15 13:00:00
position_2231,-1970.81,-309.86519999999996,1.5,13,32.7,34.4,34.4,5.1,41,hot,2017-08-15 13:00:00
position_2232,-1970.81,-299.86519999999996,1.5,13,32.7,34.4,34.4,5.1,41,hot,2017-08-15 13:00:00
position_2233,-1970.81,-289.86519999999996,1.5,13,32.7,34.4,34.4,5.1,41,hot,2017-08-15 13:00:00
position_2234,-1970.81,-279.86519999999996,1.5,13,32.7,34.4,34.4,5.1,41,hot,2017-08-15 13:00:00
position_2235,-1970.81,-269.86519999999996,1.5,13,32.7,34.4,34.4,5.1,41,hot,2017-08-15 13:00:00
position_2236,-1970.81,-259.86519999999996,1.5,13,32.7,34.4,34.4,5.1,41,hot,2017-08-15 13:00:00
position_2237,-1970.81,-249.86519999999996,1.5,13,36.0,50.094350181657354,34.4,5.1,41,hot,2017-08-15 13:00:00
position_2238,-1970.81,-239.86519999999996,1.5,13,36.8,53.52197524657068,34.4,5.1,41,hot,2017-08-15 13:00:00
position_2239,-1970.81,-229.86519999999996,1.5,13,35.8,49.17440636066368,34.4,5.1,41,hot,2017-08-15 13:00:00
position_2240,-1970.81,-219.86519999999996,1.5,13,35.4,46.9433572440036,34.4,5.1,41,hot,2017-08-15 13:00:00
position_2241,-1970.81,-209.86519999999996,1.5,13,35.9,49.37847820387149,34.4,5.1,41,hot,2017-08-15 13:00:00
position_2242,-1970.81,-199.86519999999996,1.5,13,34.5,42.85531146392404,34.4,5.1,41,hot,2017-08-15 13:00:00
position_2243,-1970.81,-189.86519999999996,1.5,13,38.5,61.45623096911669,34.4,5.1,41,very_hot,2017-08-15 13:00:00
position_2244,-1960.81,-619.8652,1.5,13,37.5,56.7874969066732,34.4,5.1,41,hot,2017-08-15 13:00:00
position_2245,-1960.81,-609.8652,1.5,13,37.5,56.7874969066732,34.4,5.1,41,hot,2017-08-15 13:00:00
position_2246,-1960.81,-599.8652,1.5,13,36.2,51.05925630650374,34.4,5.1,41,hot,2017-08-15 13:00:00
position_2247,-1960.81,-589.8652,1.5,13,32.7,34.4,34.4,5.1,41,hot,2017-08-15 13:00:00
position_2248,-1960.81,-579.8652,1.5,13,32.7,34.4,34.4,5.1,41,hot,2017-08-15 13:00:00
position_2249,-1960.81,-569.8652,1.5,13,32.7,34.4,34.4,5.1,41,hot,2017-08-15 13:00:00
position_2250,-1960.81,-559.8652,1.5,13,32.7,34.4,34.4,5.1,41,hot,2017-08-15 13:00:00
position_2251,-1960.81,-549.8652,1.5,13,32.7,34.4,34.4,5.1,41,hot,2017-08-15 13:00:00
position_2252,-1960.81,-539.8652,1.5,13,37.0,54.64924470582242,34.4,5.1,41,hot,2017-08-15 13:00:00
position_2253,-1960.81,-529.8652,1.5,13,36.4,51.856302955026834,34.4,5.1,41,hot,2017-08-15 13:00:00
position_2254,-1960.81,-519.8652,1.5,13,35.9,49.41105251098158,34.4,5.1,41,hot,2017-08-15 13:00:00
position_2255,-1960.81,-509.86519999999996,1.5,13,36.9,54.320578297956104,34.4,5.1,41,hot,2017-08-15 13:00:00
position_2256,-1960.81,-499.86519999999996,1.5,13,37.1,55.11470693936996,34.4,5.1,41,hot,2017-08-15 13:00:00
position_2257,-1960.81,-489.86519999999996,1.5,13,37.0,54.642295378860794,34.4,5.1,41,hot,2017-08-15 13:00:00
position_2258,-1960.81,-479.86519999999996,1.5,13,37.0,54.66958763924505,34.4,5.1,41,hot,2017-08-15 13:00:00
position_2259,-1960.81,-469.86519999999996,1.5,13,36.7,53.19767685650859,34.4,5.1,41,hot,2017-08-15 13:00:00
position_2260,-1960.81,-459.86519999999996,1.5,13,36.2,50.740055447603226,34.4,5.1,41,hot,2017-08-15 13:00:00
position_2261,-1960.81,-449.86519999999996,1.5,13,36.8,53.65324304218606,34.4,5.1,41,hot,2017-08-15 13:00:00
position_2262,-1960.81,-439.86519999999996,1.5,13,37.0,54.459849040627375,34.4,5.1,41,hot,2017-08-15 13:00:00
position_2263,-1960.81,-429.86519999999996,1.5,13,36.7,53.18306128079925,34.4,5.1,41,hot,2017-08-15 13:00:00
position_2264,-1960.81,-419.86519999999996,1.5,13,37.1,55.07368437421653,34.4,5.1,41,hot,2017-08-15 13:00:00
position_2265,-1960.81,-409.86519999999996,1.5,13,36.8,53.85082100745349,34.4,5.1,41,hot,2017-08-15 13:00:00
position_2266,-1960.81,-399.86519999999996,1.5,13,37.3,56.011726517427306,34.4,5.1,41,hot,2017-08-15 13:00:00
position_2267,-1960.81,-389.86519999999996,1.5,13,36.8,53.683910302227396,34.4,5.1,41,hot,2017-08-15 13:00:00
position_2268,-1960.81,-379.86519999999996,1.5,13,35.4,47.3681143137729,34.4,5.1,41,hot,2017-08-15 13:00:00
position_2269,-1960.81,-369.86519999999996,1.5,13,35.2,46.18806253111172,34.4,5.1,41,hot,2017-08-15 13:00:00
position_2270,-1960.81,-359.86519999999996,1.5,13,35.8,48.946249727795816,34.4,5.1,41,hot,2017-08-15 13:00:00
position_2271,-1960.81,-349.86519999999996,1.5,13,36.6,52.779056126268244,34.4,5.1,41,hot,2017-08-15 13:00:00
position_2272,-1960.81,-339.86519999999996,1.5,13,36.8,53.697640606996565,34.4,5.1,41,hot,2017-08-15 13:00:00
position_2273,-1960.81,-329.86519999999996,1.5,13,36.7,53.259638982987354,34.4,5.1,41,hot,2017-08-15 13:00:00
position_2274,-1960.81,-319.86519999999996,1.5,13,32.7,34.4,34.4,5.1,41,hot,2017-08-15 13:00:00
position_2275,-1960.81,-309.86519999999996,1.5,13,32.7,34.4,34.4,5.1,41,hot,2017-08-15 13:00:00
position_2276,-1960.81,-299.86519999999996,1.5,13,32.7,34.4,34.4,5.1,41,hot,2017-08-15 13:00:00
position_2277,-1960.81,-289.86519999999996,1.5,13,32.7,34.4,34.4,5.1,41,hot,2017-08-15 13:00:00
position_2278,-1960.81,-279.86519999999996,1.5,13,32.7,34.4,34.4,5.1,41,hot,2017-08-15 13:00:00
position_2279,-1960.81,-269.86519999999996,1.5,13,32.7,34.4,34.4,5.1,41,hot,2017-08-15 13:00:00
position_2280,-1960.81,-259.86519999999996,1.5,13,32.7,34.4,34.4,5.1,41,hot,2017-08-15 13:00:00
position_2281,-1960.81,-249.86519999999996,1.5,13,37.0,54.46018573893552,34.4,5.1,41,hot,2017-08-15 13:00:00
position_2282,-1960.81,-239.86519999999996,1.5,13,37.0,54.43933775805065,34.4,5.1,41,hot,2017-08-15 13:00:00
position_2283,-1960.81,-229.86519999999996,1.5,13,36.0,50.14018004722607,34.4,5.1,41,hot,2017-08-15 13:00:00
position_2284,-1960.81,-219.86519999999996,1.5,13,36.1,50.325378263926616,34.4,5.1,41,hot,2017-08-15 13:00:00
position_2285,-1960.81,-209.86519999999996,1.5,13,36.2,50.93237134041947,34.4,5.1,41,hot,2017-08-15 13:00:00
position_2286,-1960.81,-199.86519999999996,1.5,13,35.7,48.74049665809767,34.4,5.1,41,hot,2017-08-15 13:00:00
position_2287,-1960.81,-189.86519999999996,1.5,13,38.9,63.0943658827649,34.4,5.1,41,very_hot,2017-08-15 13:00:00
position_2288,-1950.81,-619.8652,1.5,13,37.4,56.632342828824015,34.4,5.1,41,hot,2017-08-15 13:00:00
position_2289,-1950.81,-609.8652,1.5,13,37.5,56.7874969066732,34.4,5.1,41,hot,2017-08-15 13:00:00
position_2290,-1950.81,-599.8652,1.5,13,32.7,34.4,34.4,5.1,41,hot,2017-08-15 13:00:00
position_2291,-1950.81,-589.8652,1.5,13,32.7,34.4,34.4,5.1,41,hot,2017-08-15 13:00:00
position_2292,-1950.81,-579.8652,1.5,13,32.7,34.4,34.4,5.1,41,hot,2017-08-15 13:00:00
position_2293,-1950.81,-569.8652,1.5,13,32.7,34.4,34.4,5.1,41,hot,2017-08-15 13:00:00
position_2294,-1950.81,-559.8652,1.5,13,32.7,34.4,34.4,5.1,41,hot,2017-08-15 13:00:00
position_2295,-1950.81,-549.8652,1.5,13,32.7,34.4,34.4,5.1,41,hot,2017-08-15 13:00:00
position_2296,-1950.81,-539.8652,1.5,13,36.8,53.71832023872735,34.4,5.1,41,hot,2017-08-15 13:00:00
position_2297,-1950.81,-529.8652,1.5,13,32.7,34.4,34.4,5.1,41,hot,2017-08-15 13:00:00
position_2298,-1950.81,-519.8652,1.5,13,36.6,52.90135893517396,34.4,5.1,41,hot,2017-08-15 13:00:00
position_2299,-1950.81,-509.86519999999996,1.5,13,32.7,34.4,34.4,5.1,41,hot,2017-08-15 13:00:00
position_2300,-1950.81,-499.86519999999996,1.5,13,35.9,49.69243745558799,34.4,5.1,41,hot,2017-08-15 13:00:00
position_2301,-1950.81,-489.86519999999996,1.5,13,37.3,56.01850749523485,34.4,5.1,41,hot,2017-08-15 13:00:00
position_2302,-1950.81,-479.86519999999996,1.5,13,37.3,55.87013439519321,34.4,5.1,41,hot,2017-08-15 13:00:00
position_2303,-1950.81,-469.86519999999996,1.5,13,37.1,55.26308003941159,34.4,5.1,41,hot,2017-08-15 13:00:00
position_2304,-1950.81,-459.86519999999996,1.5,13,36.9,54.270453375432304,34.4,5.1,41,hot,2017-08-15 13:00:00
position_2305,-1950.81,-449.86519999999996,1.5,13,37.1,55.09436400594731,34.4,5.1,41,hot,2017-08-15 13:00:00
position_2306,-1950.81,-439.86519999999996,1.5,13,37.1,54.884457058175556,34.4,5.1,41,hot,2017-08-15 13:00:00
position_2307,-1950.81,-429.86519999999996,1.5,13,36.3,51.24890741644356,34.4,5.1,41,hot,2017-08-15 13:00:00
position_2308,-1950.81,-419.86519999999996,1.5,13,37.1,55.07713614258723,34.4,5.1,41,hot,2017-08-15 13:00:00
position_2309,-1950.81,-409.86519999999996,1.5,13,37.2,55.50507336957227,34.4,5.1,41,hot,2017-08-15 13:00:00
position_2310,-1950.81,-399.86519999999996,1.5,13,37.2,55.55536664125014,34.4,5.1,41,hot,2017-08-15 13:00:00
position_2311,-1950.81,-389.86519999999996,1.5,13,36.9,54.35927948354669,34.4,5.1,41,hot,2017-08-15 13:00:00
position_2312,-1950.81,-379.86519999999996,1.5,13,35.9,49.68206733839273,34.4,5.1,41,hot,2017-08-15 13:00:00
position_2313,-1950.81,-369.86519999999996,1.5,13,34.7,43.63858423832599,34.4,5.1,41,hot,2017-08-15 13:00:00
position_2314,-1950.81,-359.86519999999996,1.5,13,32.7,34.4,34.4,5.1,41,hot,2017-08-15 13:00:00
position_2315,-1950.81,-349.86519999999996,1.5,13,35.6,48.15224432230116,34.4,5.1,41,hot,2017-08-15 13:00:00
position_2316,-1950.81,-339.86519999999996,1.5,13,36.6,52.597663408129065,34.4,5.1,41,hot,2017-08-15 13:00:00
position_2317,-1950.81,-329.86519999999996,1.5,13,32.7,34.4,34.4,5.1,41,hot,2017-08-15 13:00:00
position_2318,-1950.81,-319.86519999999996,1.5,13,32.7,34.4,34.4,5.1,41,hot,2017-08-15 13:00:00
position_2319,-1950.81,-309.86519999999996,1.5,13,32.7,34.4,34.4,5.1,41,hot,2017-08-15 13:00:00
position_2320,-1950.81,-299.86519999999996,1.5,13,32.7,34.4,34.4,5.1,41,hot,2017-08-15 13:00:00
position_2321,-1950.81,-289.86519999999996,1.5,13,32.7,34.4,34.4,5.1,41,hot,2017-08-15 13:00:00
position_2322,-1950.81,-279.86519999999996,1.5,13,32.7,34.4,34.4,5.1,41,hot,2017-08-15 13:00:00
position_2323,-1950.81,-269.86519999999996,1.5,13,32.7,34.4,34.4,5.1,41,hot,2017-08-15 13:00:00
position_2324,-1950.81,-259.86519999999996,1.5,13,32.7,34.4,34.4,5.1,41,hot,2017-08-15 13:00:00
position_2325,-1950.81,-249.86519999999996,1.5,13,36.6,52.89456314528324,34.4,5.1,41,hot,2017-08-15 13:00:00
position_2326,-1950.81,-239.86519999999996,1.5,13,36.7,53.40106275606736,34.4,5.1,41,hot,2017-08-15 13:00:00
position_2327,-1950.81,-229.86519999999996,1.5,13,36.7,53.44869794987425,34.4,5.1,41,hot,2017-08-15 13:00:00
position_2328,-1950.81,-219.86519999999996,1.5,13,35.9,49.582918400509875,34.4,5.1,41,hot,2017-08-15 13:00:00
position_2329,-1950.81,-209.86519999999996,1.5,13,34.6,43.194393778493236,34.4,5.1,41,hot,2017-08-15 13:00:00
position_2330,-1950.81,-199.86519999999996,1.5,13,34.9,44.61091375874656,34.4,5.1,41,hot,2017-08-15 13:00:00
position_2331,-1950.81,-189.86519999999996,1.5,13,40.0,68.23140964638503,34.4,5.1,41,very_hot,2017-08-15 13:00:00
position_2332,-1940.81,-619.8652,1.5,13,37.5,56.7874969066732,34.4,5.1,41,hot,2017-08-15 13:00:00
position_2333,-1940.81,-609.8652,1.5,13,37.5,56.7874969066732,34.4,5.1,41,hot,2017-08-15 13:00:00
position_2334,-1940.81,-599.8652,1.5,13,32.7,34.4,34.4,5.1,41,hot,2017-08-15 13:00:00
position_2335,-1940.81,-589.8652,1.5,13,32.7,34.4,34.4,5.1,41,hot,2017-08-15 13:00:00
position_2336,-1940.81,-579.8652,1.5,13,32.7,34.4,34.4,5.1,41,hot,2017-08-15 13:00:00
position_2337,-1940.81,-569.8652,1.5,13,32.7,34.4,34.4,5.1,41,hot,2017-08-15 13:00:00
position_2338,-1940.81,-559.8652,1.5,13,32.7,34.4,34.4,5.1,41,hot,2017-08-15 13:00:00
position_2339,-1940.81,-549.8652,1.5,13,32.7,34.4,34.4,5.1,41,hot,2017-08-15 13:00:00
position_2340,-1940.81,-539.8652,1.5,13,37.0,54.77727487244142,34.4,5.1,41,hot,2017-08-15 13:00:00
position_2341,-1940.81,-529.8652,1.5,13,32.7,34.4,34.4,5.1,41,hot,2017-08-15 13:00:00
position_2342,-1940.81,-519.8652,1.5,13,37.0,54.58787920724636,34.4,5.1,41,hot,2017-08-15 13:00:00
position_2343,-1940.81,-509.86519999999996,1.5,13,32.7,34.4,34.4,5.1,41,hot,2017-08-15 13:00:00
position_2344,-1940.81,-499.86519999999996,1.5,13,37.1,55.06690339640899,34.4,5.1,41,hot,2017-08-15 13:00:00
position_2345,-1940.81,-489.86519999999996,1.5,13,36.7,53.26614454177551,34.4,5.1,41,hot,2017-08-15 13:00:00
position_2346,-1940.81,-479.86519999999996,1.5,13,36.9,54.025069556189706,34.4,5.1,41,hot,2017-08-15 13:00:00
position_2347,-1940.81,-469.86519999999996,1.5,13,36.8,53.62109320560385,34.4,5.1,41,hot,2017-08-15 13:00:00
position_2348,-1940.81,-459.86519999999996,1.5,13,37.1,54.91843871592688,34.4,5.1,41,hot,2017-08-15 13:00:00
position_2349,-1940.81,-449.86519999999996,1.5,13,37.2,55.71498031734403,34.4,5.1,41,hot,2017-08-15 13:00:00
position_2350,-1940.81,-439.86519999999996,1.5,13,37.2,55.55982623949485,34.4,5.1,41,hot,2017-08-15 13:00:00
position_2351,-1940.81,-429.86519999999996,1.5,13,37.0,54.75659524071063,34.4,5.1,41,hot,2017-08-15 13:00:00
position_2352,-1940.81,-419.86519999999996,1.5,13,37.0,54.615003118476544,34.4,5.1,41,hot,2017-08-15 13:00:00
position_2353,-1940.81,-409.86519999999996,1.5,13,37.1,55.2495180837965,34.4,5.1,41,hot,2017-08-15 13:00:00
position_2354,-1940.81,-399.86519999999996,1.5,13,37.1,55.09222578726545,34.4,5.1,41,hot,2017-08-15 13:00:00
position_2355,-1940.81,-389.86519999999996,1.5,13,36.9,54.345717527931605,34.4,5.1,41,hot,2017-08-15 13:00:00
position_2356,-1940.81,-379.86519999999996,1.5,13,36.4,51.64917437936574,34.4,5.1,41,hot,2017-08-15 13:00:00
position_2357,-1940.81,-369.86519999999996,1.5,13,35.0,45.490674495306756,34.4,5.1,41,hot,2017-08-15 13:00:00
position_2358,-1940.81,-359.86519999999996,1.5,13,32.7,34.4,34.4,5.1,41,hot,2017-08-15 13:00:00
position_2359,-1940.81,-349.86519999999996,1.5,13,35.2,46.42228784773037,34.4,5.1,41,hot,2017-08-15 13:00:00
position_2360,-1940.81,-339.86519999999996,1.5,13,36.4,51.81031574452277,34.4,5.1,41,hot,2017-08-15 13:00:00
position_2361,-1940.81,-329.86519999999996,1.5,13,32.7,34.4,34.4,5.1,41,hot,2017-08-15 13:00:00
position_2362,-1940.81,-319.86519999999996,1.5,13,32.7,34.4,34.4,5.1,41,hot,2017-08-15 13:00:00
position_2363,-1940.81,-309.86519999999996,1.5,13,32.7,34.4,34.4,5.1,41,hot,2017-08-15 13:00:00
position_2364,-1940.81,-299.86519999999996,1.5,13,32.7,34.4,34.4,5.1,41,hot,2017-08-15 13:00:00
position_2365,-1940.81,-289.86519999999996,1.5,13,32.7,34.4,34.4,5.1,41,hot,2017-08-15 13:00:00
position_2366,-1940.81,-279.86519999999996,1.5,13,32.7,34.4,34.4,5.1,41,hot,2017-08-15 13:00:00
position_2367,-1940.81,-269.86519999999996,1.5,13,32.7,34.4,34.4,5.1,41,hot,2017-08-15 13:00:00
position_2368,-1940.81,-259.86519999999996,1.5,13,32.7,34.4,34.4,5.1,41,hot,2017-08-15 13:00:00
position_2369,-1940.81,-249.86519999999996,1.5,13,35.9,49.37589915940825,34.4,5.1,41,hot,2017-08-15 13:00:00
position_2370,-1940.81,-239.86519999999996,1.5,13,36.5,52.26346897019692,34.4,5.1,41,hot,2017-08-15 13:00:00
position_2371,-1940.81,-229.86519999999996,1.5,13,36.5,52.31443337344065,34.4,5.1,41,hot,2017-08-15 13:00:00
position_2372,-1940.81,-219.86519999999996,1.5,13,35.2,45.96719640836344,34.4,5.1,41,hot,2017-08-15 13:00:00
position_2373,-1940.81,-209.86519999999996,1.5,13,33.6,38.66660835383147,34.4,5.1,41,hot,2017-08-15 13:00:00
position_2374,-1940.81,-199.86519999999996,1.5,13,33.6,38.55221691154116,34.4,5.1,41,hot,2017-08-15 13:00:00
position_2375,-1940.81,-189.86519999999996,1.5,13,39.7,66.65219411898062,34.4,5.1,41,very_hot,2017-08-15 13:00:00
position_2376,-1930.81,-619.8652,1.5,13,37.4,56.34482154504495,34.4,5.1,41,hot,2017-08-15 13:00:00
position_2377,-1930.81,-609.8652,1.5,13,37.4,56.35273291166037,34.4,5.1,41,hot,2017-08-15 13:00:00
position_2378,-1930.81,-599.8652,1.5,13,37.2,55.70141836172894,34.4,5.1,41,hot,2017-08-15 13:00:00
position_2379,-1930.81,-589.8652,1.5,13,32.7,34.4,34.4,5.1,41,hot,2017-08-15 13:00:00
position_2380,-1930.81,-579.8652,1.5,13,32.7,34.4,34.4,5.1,41,hot,2017-08-15 13:00:00
position_2381,-1930.81,-569.8652,1.5,13,32.7,34.4,34.4,5.1,41,hot,2017-08-15 13:00:00
position_2382,-1930.81,-559.8652,1.5,13,32.7,34.4,34.4,5.1,41,hot,2017-08-15 13:00:00
position_2383,-1930.81,-549.8652,1.5,13,32.7,34.4,34.4,5.1,41,hot,2017-08-15 13:00:00
position_2384,-1930.81,-539.8652,1.5,13,37.2,55.58695015072502,34.4,5.1,41,hot,2017-08-15 13:00:00
position_2385,-1930.81,-529.8652,1.5,13,36.8,53.87675773579315,34.4,5.1,41,hot,2017-08-15 13:00:00
position_2386,-1930.81,-519.8652,1.5,13,36.6,52.75420780438067,34.4,5.1,41,hot,2017-08-15 13:00:00
position_2387,-1930.81,-509.86519999999996,1.5,13,32.7,34.4,34.4,5.1,41,hot,2017-08-15 13:00:00
position_2388,-1930.81,-499.86519999999996,1.5,13,36.6,52.947039748521576,34.4,5.1,41,hot,2017-08-15 13:00:00
position_2389,-1930.81,-489.86519999999996,1.5,13,37.0,54.7565494504904,34.4,5.1,41,hot,2017-08-15 13:00:00
position_2390,-1930.81,-479.86519999999996,1.5,13,32.7,34.4,34.4,5.1,41,hot,2017-08-15 13:00:00
position_2391,-1930.81,-469.86519999999996,1.5,13,36.0,49.77751716952526,34.4,5.1,41,hot,2017-08-15 13:00:00
position_2392,-1930.81,-459.86519999999996,1.5,13,36.8,53.83547524104517,34.4,5.1,41,hot,2017-08-15 13:00:00
position_2393,-1930.81,-449.86519999999996,1.5,13,37.2,55.5666072173024,34.4,5.1,41,hot,2017-08-15 13:00:00
position_2394,-1930.81,-439.86519999999996,1.5,13,37.1,55.25629906160404,34.4,5.1,41,hot,2017-08-15 13:00:00
position_2395,-1930.81,-429.86519999999996,1.5,13,37.0,54.63345295108497,34.4,5.1,41,hot,2017-08-15 13:00:00
position_2396,-1930.81,-419.86519999999996,1.5,13,36.9,54.164493158946506,34.4,5.1,41,hot,2017-08-15 13:00:00
position_2397,-1930.81,-409.86519999999996,1.5,13,36.9,54.20443112551231,34.4,5.1,41,hot,2017-08-15 13:00:00
position_2398,-1930.81,-399.86519999999996,1.5,13,37.1,55.24273710598896,34.4,5.1,41,hot,2017-08-15 13:00:00
position_2399,-1930.81,-389.86519999999996,1.5,13,36.9,54.19734442788998,34.4,5.1,41,hot,2017-08-15 13:00:00
position_2400,-1930.81,-379.86519999999996,1.5,13,36.4,51.95619911584749,34.4,5.1,41,hot,2017-08-15 13:00:00
position_2401,-1930.81,-369.86519999999996,1.5,13,35.3,46.604703884812096,34.4,5.1,41,hot,2017-08-15 13:00:00
position_2402,-1930.81,-359.86519999999996,1.5,13,32.7,34.4,34.4,5.1,41,hot,2017-08-15 13:00:00
position_2403,-1930.81,-349.86519999999996,1.5,13,35.0,45.33914053498235,34.4,5.1,41,hot,2017-08-15 13:00:00
position_2404,-1930.81,-339.86519999999996,1.5,13,36.3,51.49073688229995,34.4,5.1,41,hot,2017-08-15 13:00:00
position_2405,-1930.81,-329.86519999999996,1.5,13,32.7,34.4,34.4,5.1,41,hot,2017-08-15 13:00:00
position_2406,-1930.81,-319.86519999999996,1.5,13,32.7,34.4,34.4,5.1,41,hot,2017-08-15 13:00:00
position_2407,-1930.81,-309.86519999999996,1.5,13,32.7,34.4,34.4,5.1,41,hot,2017-08-15 13:00:00
position_2408,-1930.81,-299.86519999999996,1.5,13,32.7,34.4,34.4,5.1,41,hot,2017-08-15 13:00:00
position_2409,-1930.81,-289.86519999999996,1.5,13,32.7,34.4,34.4,5.1,41,hot,2017-08-15 13:00:00
position_2410,-1930.81,-279.86519999999996,1.5,13,32.7,34.4,34.4,5.1,41,hot,2017-08-15 13:00:00
position_2411,-1930.81,-269.86519999999996,1.5,13,32.7,34.4,34.4,5.1,41,hot,2017-08-15 13:00:00
position_2412,-1930.81,-259.86519999999996,1.5,13,32.7,34.4,34.4,5.1,41,hot,2017-08-15 13:00:00
position_2413,-1930.81,-249.86519999999996,1.5,13,36.1,50.34673129227372,34.4,5.1,41,hot,2017-08-15 13:00:00
position_2414,-1930.81,-239.86519999999996,1.5,13,36.6,52.75622346412871,34.4,5.1,41,hot,2017-08-15 13:00:00
position_2415,-1930.81,-229.86519999999996,1.5,13,36.3,51.51705229130356,34.4,5.1,41,hot,2017-08-15 13:00:00
position_2416,-1930.81,-219.86519999999996,1.5,13,34.9,44.61464094578034,34.4,5.1,41,hot,2017-08-15 13:00:00
position_2417,-1930.81,-209.86519999999996,1.5,13,34.6,43.135351880348274,34.4,5.1,41,hot,2017-08-15 13:00:00
position_2418,-1930.81,-199.86519999999996,1.5,13,34.2,41.63074105472506,34.4,5.1,41,hot,2017-08-15 13:00:00
position_2419,-1930.81,-189.86519999999996,1.5,13,39.6,66.34516938249888,34.4,5.1,41,very_hot,2017-08-15 13:00:00
position_2420,-1920.81,-619.8652,1.5,13,37.4,56.47369119238391,34.4,5.1,41,hot,2017-08-15 13:00:00
position_2421,-1920.81,-609.8652,1.5,13,37.4,56.63912380663156,34.4,5.1,41,hot,2017-08-15 13:00:00
position_2422,-1920.81,-599.8652,1.5,13,37.5,56.7874969066732,34.4,5.1,41,hot,2017-08-15 13:00:00
position_2423,-1920.81,-589.8652,1.5,13,32.7,34.4,34.4,5.1,41,hot,2017-08-15 13:00:00
position_2424,-1920.81,-579.8652,1.5,13,32.7,34.4,34.4,5.1,41,hot,2017-08-15 13:00:00
position_2425,-1920.81,-569.8652,1.5,13,32.7,34.4,34.4,5.1,41,hot,2017-08-15 13:00:00
position_2426,-1920.81,-559.8652,1.5,13,32.7,34.4,34.4,5.1,41,hot,2017-08-15 13:00:00
position_2427,-1920.81,-549.8652,1.5,13,32.7,34.4,34.4,5.1,41,hot,2017-08-15 13:00:00
position_2428,-1920.81,-539.8652,1.5,13,37.1,55.296984928449305,34.4,5.1,41,hot,2017-08-15 13:00:00
position_2429,-1920.81,-529.8652,1.5,13,36.6,52.86478265303232,34.4,5.1,41,hot,2017-08-15 13:00:00
position_2430,-1920.81,-519.8652,1.5,13,36.5,52.30432318619626,34.4,5.1,41,hot,2017-08-15 13:00:00
position_2431,-1920.81,-509.86519999999996,1.5,13,32.7,34.4,34.4,5.1,41,hot,2017-08-15 13:00:00
position_2432,-1920.81,-499.86519999999996,1.5,13,32.7,34.4,34.4,5.1,41,hot,2017-08-15 13:00:00
position_2433,-1920.81,-489.86519999999996,1.5,13,32.7,34.4,34.4,5.1,41,hot,2017-08-15 13:00:00
position_2434,-1920.81,-479.86519999999996,1.5,13,32.7,34.4,34.4,5.1,41,hot,2017-08-15 13:00:00
position_2435,-1920.81,-469.86519999999996,1.5,13,35.6,48.16224295518675,34.4,5.1,41,hot,2017-08-15 13:00:00
position_2436,-1920.81,-459.86519999999996,1.5,13,36.4,51.707256458725176,34.4,5.1,41,hot,2017-08-15 13:00:00
position_2437,-1920.81,-449.86519999999996,1.5,13,37.2,55.418234117260766,34.4,5.1,41,hot,2017-08-15 13:00:00
position_2438,-1920.81,-439.86519999999996,1.5,13,37.2,55.397891183838134,34.4,5.1,41,hot,2017-08-15 13:00:00
position_2439,-1920.81,-429.86519999999996,1.5,13,37.1,55.12506224448204,34.4,5.1,41,hot,2017-08-15 13:00:00
position_2440,-1920.81,-419.86519999999996,1.5,13,37.1,54.969908166632855,34.4,5.1,41,hot,2017-08-15 13:00:00
position_2441,-1920.81,-409.86519999999996,1.5,13,37.1,55.046392113832276,34.4,5.1,41,hot,2017-08-15 13:00:00
position_2442,-1920.81,-399.86519999999996,1.5,13,37.1,54.898187362944725,34.4,5.1,41,hot,2017-08-15 13:00:00
position_2443,-1920.81,-389.86519999999996,1.5,13,36.8,53.738663172149984,34.4,5.1,41,hot,2017-08-15 13:00:00
position_2444,-1920.81,-379.86519999999996,1.5,13,36.5,52.12508349846584,34.4,5.1,41,hot,2017-08-15 13:00:00
position_2445,-1920.81,-369.86519999999996,1.5,13,35.3,46.757536583098435,34.4,5.1,41,hot,2017-08-15 13:00:00
position_2446,-1920.81,-359.86519999999996,1.5,13,32.7,34.4,34.4,5.1,41,hot,2017-08-15 13:00:00
position_2447,-1920.81,-349.86519999999996,1.5,13,32.7,34.4,34.4,5.1,41,hot,2017-08-15 13:00:00
position_2448,-1920.81,-339.86519999999996,1.5,13,36.1,50.614473704687,34.4,5.1,41,hot,2017-08-15 13:00:00
position_2449,-1920.81,-329.86519999999996,1.5,13,32.7,34.4,34.4,5.1,41,hot,2017-08-15 13:00:00
position_2450,-1920.81,-319.86519999999996,1.5,13,32.7,34.4,34.4,5.1,41,hot,2017-08-15 13:00:00
position_2451,-1920.81,-309.86519999999996,1.5,13,32.7,34.4,34.4,5.1,41,hot,2017-08-15 13:00:00
position_2452,-1920.81,-299.86519999999996,1.5,13,32.7,34.4,34.4,5.1,41,hot,2017-08-15 13:00:00
position_2453,-1920.81,-289.86519999999996,1.5,13,32.7,34.4,34.4,5.1,41,hot,2017-08-15 13:00:00
position_2454,-1920.81,-279.86519999999996,1.5,13,32.7,34.4,34.4,5.1,41,hot,2017-08-15 13:00:00
position_2455,-1920.81,-269.86519999999996,1.5,13,32.7,34.4,34.4,5.1,41,hot,2017-08-15 13:00:00
position_2456,-1920.81,-259.86519999999996,1.5,13,32.7,34.4,34.4,5.1,41,hot,2017-08-15 13:00:00
position_2457,-1920.81,-249.86519999999996,1.5,13,36.4,52.004507706270694,34.4,5.1,41,hot,2017-08-15 13:00:00
position_2458,-1920.81,-239.86519999999996,1.5,13,36.6,52.93193461477482,34.4,5.1,41,hot,2017-08-15 13:00:00
position_2459,-1920.81,-229.86519999999996,1.5,13,36.5,52.49949199932483,34.4,5.1,41,hot,2017-08-15 13:00:00
position_2460,-1920.81,-219.86519999999996,1.5,13,35.7,48.628686525321044,34.4,5.1,41,hot,2017-08-15 13:00:00
position_2461,-1920.81,-209.86519999999996,1.5,13,34.5,42.85146239494177,34.4,5.1,41,hot,2017-08-15 13:00:00
position_2462,-1920.81,-199.86519999999996,1.5,13,34.2,41.63074105472506,34.4,5.1,41,hot,2017-08-15 13:00:00
position_2463,-1920.81,-189.86519999999996,1.5,13,39.5,65.87970714895134,34.4,5.1,41,very_hot,2017-08-15 13:00:00
position_2464,-1910.81,-619.8652,1.5,13,37.4,56.63912380663156,34.4,5.1,41,hot,2017-08-15 13:00:00
position_2465,-1910.81,-609.8652,1.5,13,37.4,56.35273291166037,34.4,5.1,41,hot,2017-08-15 13:00:00
position_2466,-1910.81,-599.8652,1.5,13,37.4,56.49765424333131,34.4,5.1,41,hot,2017-08-15 13:00:00
position_2467,-1910.81,-589.8652,1.5,13,32.7,34.4,34.4,5.1,41,hot,2017-08-15 13:00:00
position_2468,-1910.81,-579.8652,1.5,13,32.7,34.4,34.4,5.1,41,hot,2017-08-15 13:00:00
position_2469,-1910.81,-569.8652,1.5,13,32.7,34.4,34.4,5.1,41,hot,2017-08-15 13:00:00
position_2470,-1910.81,-559.8652,1.5,13,32.7,34.4,34.4,5.1,41,hot,2017-08-15 13:00:00
position_2471,-1910.81,-549.8652,1.5,13,32.7,34.4,34.4,5.1,41,hot,2017-08-15 13:00:00
position_2472,-1910.81,-539.8652,1.5,13,35.6,48.06291466428739,34.4,5.1,41,hot,2017-08-15 13:00:00
position_2473,-1910.81,-529.8652,1.5,13,36.0,49.86805254058753,34.4,5.1,41,hot,2017-08-15 13:00:00
position_2474,-1910.81,-519.8652,1.5,13,36.4,51.99746679886859,34.4,5.1,41,hot,2017-08-15 13:00:00
position_2475,-1910.81,-509.86519999999996,1.5,13,32.7,34.4,34.4,5.1,41,hot,2017-08-15 13:00:00
position_2476,-1910.81,-499.86519999999996,1.5,13,32.7,34.4,34.4,5.1,41,hot,2017-08-15 13:00:00
position_2477,-1910.81,-489.86519999999996,1.5,13,32.7,34.4,34.4,5.1,41,hot,2017-08-15 13:00:00
position_2478,-1910.81,-479.86519999999996,1.5,13,32.7,34.4,34.4,5.1,41,hot,2017-08-15 13:00:00
position_2479,-1910.81,-469.86519999999996,1.5,13,36.4,51.62887723616335,34.4,5.1,41,hot,2017-08-15 13:00:00
position_2480,-1910.81,-459.86519999999996,1.5,13,36.5,52.284651383983174,34.4,5.1,41,hot,2017-08-15 13:00:00
position_2481,-1910.81,-449.86519999999996,1.5,13,37.1,55.09419565679325,34.4,5.1,41,hot,2017-08-15 13:00:00
position_2482,-1910.81,-439.86519999999996,1.5,13,37.2,55.70141836172894,34.4,5.1,41,hot,2017-08-15 13:00:00
position_2483,-1910.81,-429.86519999999996,1.5,13,37.1,55.087583028139775,34.4,5.1,41,hot,2017-08-15 13:00:00
position_2484,-1910.81,-419.86519999999996,1.5,13,37.1,55.09436400594731,34.4,5.1,41,hot,2017-08-15 13:00:00
position_2485,-1910.81,-409.86519999999996,1.5,13,37.1,55.20849551864308,34.4,5.1,41,hot,2017-08-15 13:00:00
position_2486,-1910.81,-399.86519999999996,1.5,13,37.0,54.78978320796226,34.4,5.1,41,hot,2017-08-15 13:00:00
position_2487,-1910.81,-389.86519999999996,1.5,13,36.8,53.89381724999917,34.4,5.1,41,hot,2017-08-15 13:00:00
position_2488,-1910.81,-379.86519999999996,1.5,13,36.5,52.12508349846584,34.4,5.1,41,hot,2017-08-15 13:00:00
position_2489,-1910.81,-369.86519999999996,1.5,13,35.3,46.60238250524926,34.4,5.1,41,hot,2017-08-15 13:00:00
position_2490,-1910.81,-359.86519999999996,1.5,13,32.7,34.4,34.4,5.1,41,hot,2017-08-15 13:00:00
position_2491,-1910.81,-349.86519999999996,1.5,13,34.9,44.76225133345933,34.4,5.1,41,hot,2017-08-15 13:00:00
position_2492,-1910.81,-339.86519999999996,1.5,13,36.1,50.28702926606903,34.4,5.1,41,hot,2017-08-15 13:00:00
position_2493,-1910.81,-329.86519999999996,1.5,13,32.7,34.4,34.4,5.1,41,hot,2017-08-15 13:00:00
position_2494,-1910.81,-319.86519999999996,1.5,13,32.7,34.4,34.4,5.1,41,hot,2017-08-15 13:00:00
position_2495,-1910.81,-309.86519999999996,1.5,13,32.7,34.4,34.4,5.1,41,hot,2017-08-15 13:00:00
position_2496,-1910.81,-299.86519999999996,1.5,13,32.7,34.4,34.4,5.1,41,hot,2017-08-15 13:00:00
position_2497,-1910.81,-289.86519999999996,1.5,13,32.7,34.4,34.4,5.1,41,hot,2017-08-15 13:00:00
position_2498,-1910.81,-279.86519999999996,1.5,13,32.7,34.4,34.4,5.1,41,hot,2017-08-15 13:00:00
position_2499,-1910.81,-269.86519999999996,1.5,13,32.7,34.4,34.4,5.1,41,hot,2017-08-15 13:00:00
position_2500,-1910.81,-259.86519999999996,1.5,13,32.7,34.4,34.4,5.1,41,hot,2017-08-15 13:00:00
position_2501,-1910.81,-249.86519999999996,1.5,13,35.6,48.298310854863146,34.4,5.1,41,hot,2017-08-15 13:00:00
position_2502,-1910.81,-239.86519999999996,1.5,13,36.2,50.90072722899747,34.4,5.1,41,hot,2017-08-15 13:00:00
position_2503,-1910.81,-229.86519999999996,1.5,13,35.6,48.13165627101084,34.4,5.1,41,hot,2017-08-15 13:00:00
position_2504,-1910.81,-219.86519999999996,1.5,13,32.7,34.4,34.4,5.1,41,hot,2017-08-15 13:00:00
position_2505,-1910.81,-209.86519999999996,1.5,13,34.3,41.75267999505,34.4,5.1,41,hot,2017-08-15 13:00:00
position_2506,-1910.81,-199.86519999999996,1.5,13,34.5,42.90418860089759,34.4,5.1,41,hot,2017-08-15 13:00:00
position_2507,-1910.81,-189.86519999999996,1.5,13,39.6,66.47640619962087,34.4,5.1,41,very_hot,2017-08-15 13:00:00
position_2508,-1900.81,-619.8652,1.5,13,37.5,56.7874969066732,34.4,5.1,41,hot,2017-08-15 13:00:00
position_2509,-1900.81,-609.8652,1.5,13,37.4,56.46345844620568,34.4,5.1,41,hot,2017-08-15 13:00:00
position_2510,-1900.81,-599.8652,1.5,13,37.4,56.47023942401322,34.4,5.1,41,hot,2017-08-15 13:00:00
position_2511,-1900.81,-589.8652,1.5,13,37.3,56.166880595276496,34.4,5.1,41,hot,2017-08-15 13:00:00
position_2512,-1900.81,-579.8652,1.5,13,37.1,55.24273710598896,34.4,5.1,41,hot,2017-08-15 13:00:00
position_2513,-1900.81,-569.8652,1.5,13,37.0,54.77727487244142,34.4,5.1,41,hot,2017-08-15 13:00:00
position_2514,-1900.81,-559.8652,1.5,13,37.1,55.26308003941159,34.4,5.1,41,hot,2017-08-15 13:00:00
position_2515,-1900.81,-549.8652,1.5,13,36.8,53.51965386700784,34.4,5.1,41,hot,2017-08-15 13:00:00
position_2516,-1900.81,-539.8652,1.5,13,36.1,50.20379083399301,34.4,5.1,41,hot,2017-08-15 13:00:00
position_2517,-1900.81,-529.8652,1.5,13,36.4,51.729310919433544,34.4,5.1,41,hot,2017-08-15 13:00:00
position_2518,-1900.81,-519.8652,1.5,13,36.4,51.96655442095957,34.4,5.1,41,hot,2017-08-15 13:00:00
position_2519,-1900.81,-509.86519999999996,1.5,13,32.7,34.4,34.4,5.1,41,hot,2017-08-15 13:00:00
position_2520,-1900.81,-499.86519999999996,1.5,13,32.7,34.4,34.4,5.1,41,hot,2017-08-15 13:00:00
position_2521,-1900.81,-489.86519999999996,1.5,13,32.7,34.4,34.4,5.1,41,hot,2017-08-15 13:00:00
position_2522,-1900.81,-479.86519999999996,1.5,13,32.7,34.4,34.4,5.1,41,hot,2017-08-15 13:00:00
position_2523,-1900.81,-469.86519999999996,1.5,13,34.9,44.6936278001073,34.4,5.1,41,hot,2017-08-15 13:00:00
position_2524,-1900.81,-459.86519999999996,1.5,13,32.7,34.4,34.4,5.1,41,hot,2017-08-15 13:00:00
position_2525,-1900.81,-449.86519999999996,1.5,13,37.1,55.2495180837965,34.4,5.1,41,hot,2017-08-15 13:00:00
position_2526,-1900.81,-439.86519999999996,1.5,13,37.2,55.54626428387977,34.4,5.1,41,hot,2017-08-15 13:00:00
position_2527,-1900.81,-429.86519999999996,1.5,13,37.2,55.39111020603059,34.4,5.1,41,hot,2017-08-15 13:00:00
position_2528,-1900.81,-419.86519999999996,1.5,13,37.3,55.85657243957812,34.4,5.1,41,hot,2017-08-15 13:00:00
position_2529,-1900.81,-409.86519999999996,1.5,13,37.2,55.40812393001637,34.4,5.1,41,hot,2017-08-15 13:00:00
position_2530,-1900.81,-399.86519999999996,1.5,13,37.1,54.939164137877896,34.4,5.1,41,hot,2017-08-15 13:00:00
position_2531,-1900.81,-389.86519999999996,1.5,13,36.8,53.89381724999917,34.4,5.1,41,hot,2017-08-15 13:00:00
position_2532,-1900.81,-379.86519999999996,1.5,13,36.5,52.138813803234996,34.4,5.1,41,hot,2017-08-15 13:00:00
position_2533,-1900.81,-369.86519999999996,1.5,13,35.3,46.447228427400084,34.4,5.1,41,hot,2017-08-15 13:00:00
position_2534,-1900.81,-359.86519999999996,1.5,13,32.7,34.4,34.4,5.1,41,hot,2017-08-15 13:00:00
position_2535,-1900.81,-349.86519999999996,1.5,13,34.9,44.90240734707077,34.4,5.1,41,hot,2017-08-15 13:00:00
position_2536,-1900.81,-339.86519999999996,1.5,13,35.9,49.48726484738236,34.4,5.1,41,hot,2017-08-15 13:00:00
position_2537,-1900.81,-329.86519999999996,1.5,13,36.3,51.559556755299866,34.4,5.1,41,hot,2017-08-15 13:00:00
position_2538,-1900.81,-319.86519999999996,1.5,13,32.7,34.4,34.4,5.1,41,hot,2017-08-15 13:00:00
position_2539,-1900.81,-309.86519999999996,1.5,13,32.7,34.4,34.4,5.1,41,hot,2017-08-15 13:00:00
position_2540,-1900.81,-299.86519999999996,1.5,13,32.7,34.4,34.4,5.1,41,hot,2017-08-15 13:00:00
position_2541,-1900.81,-289.86519999999996,1.5,13,32.7,34.4,34.4,5.1,41,hot,2017-08-15 13:00:00
position_2542,-1900.81,-279.86519999999996,1.5,13,32.7,34.4,34.4,5.1,41,hot,2017-08-15 13:00:00
position_2543,-1900.81,-269.86519999999996,1.5,13,32.7,34.4,34.4,5.1,41,hot,2017-08-15 13:00:00
position_2544,-1900.81,-259.86519999999996,1.5,13,32.7,34.4,34.4,5.1,41,hot,2017-08-15 13:00:00
position_2545,-1900.81,-249.86519999999996,1.5,13,35.1,45.81642516004537,34.4,5.1,41,hot,2017-08-15 13:00:00
position_2546,-1900.81,-239.86519999999996,1.5,13,35.5,47.79142807856526,34.4,5.1,41,hot,2017-08-15 13:00:00
position_2547,-1900.81,-229.86519999999996,1.5,13,34.0,40.64263676548581,34.4,5.1,41,hot,2017-08-15 13:00:00
position_2548,-1900.81,-219.86519999999996,1.5,13,32.7,34.4,34.4,5.1,41,hot,2017-08-15 13:00:00
position_2549,-1900.81,-209.86519999999996,1.5,13,34.1,41.013319712983574,34.4,5.1,41,hot,2017-08-15 13:00:00
position_2550,-1900.81,-199.86519999999996,1.5,13,34.3,41.80089319681198,34.4,5.1,41,hot,2017-08-15 13:00:00
position_2551,-1900.81,-189.86519999999996,1.5,13,39.5,65.90481540043348,34.4,5.1,41,very_hot,2017-08-15 13:00:00
position_2552,-1890.81,-619.8652,1.5,13,37.5,56.7874969066732,34.4,5.1,41,hot,2017-08-15 13:00:00
position_2553,-1890.81,-609.8652,1.5,13,37.5,56.7874969066732,34.4,5.1,41,hot,2017-08-15 13:00:00
position_2554,-1890.81,-599.8652,1.5,13,37.4,56.63912380663156,34.4,5.1,41,hot,2017-08-15 13:00:00
position_2555,-1890.81,-589.8652,1.5,13,37.0,54.77226443651423,34.4,5.1,41,hot,2017-08-15 13:00:00
position_2556,-1890.81,-579.8652,1.5,13,37.2,55.7058469814803,34.4,5.1,41,hot,2017-08-15 13:00:00
position_2557,-1890.81,-569.8652,1.5,13,37.3,56.00477719046568,34.4,5.1,41,hot,2017-08-15 13:00:00
position_2558,-1890.81,-559.8652,1.5,13,37.4,56.48396972878238,34.4,5.1,41,hot,2017-08-15 13:00:00
position_2559,-1890.81,-549.8652,1.5,13,37.2,55.59516723715523,34.4,5.1,41,hot,2017-08-15 13:00:00
position_2560,-1890.81,-539.8652,1.5,13,36.8,53.5490533672243,34.4,5.1,41,hot,2017-08-15 13:00:00
position_2561,-1890.81,-529.8652,1.5,13,36.5,52.42059223987593,34.4,5.1,41,hot,2017-08-15 13:00:00
position_2562,-1890.81,-519.8652,1.5,13,36.6,52.88067930344317,34.4,5.1,41,hot,2017-08-15 13:00:00
position_2563,-1890.81,-509.86519999999996,1.5,13,32.7,34.4,34.4,5.1,41,hot,2017-08-15 13:00:00
position_2564,-1890.81,-499.86519999999996,1.5,13,32.7,34.4,34.4,5.1,41,hot,2017-08-15 13:00:00
position_2565,-1890.81,-489.86519999999996,1.5,13,32.7,34.4,34.4,5.1,41,hot,2017-08-15 13:00:00
position_2566,-1890.81,-479.86519999999996,1.5,13,32.7,34.4,34.4,5.1,41,hot,2017-08-15 13:00:00
position_2567,-1890.81,-469.86519999999996,1.5,13,34.8,44.38663186757072,34.4,5.1,41,hot,2017-08-15 13:00:00
position_2568,-1890.81,-459.86519999999996,1.5,13,32.7,34.4,34.4,5.1,41,hot,2017-08-15 13:00:00
position_2569,-1890.81,-449.86519999999996,1.5,13,37.2,55.70141836172894,34.4,5.1,41,hot,2017-08-15 13:00:00
position_2570,-1890.81,-439.86519999999996,1.5,13,37.2,55.70141836172894,34.4,5.1,41,hot,2017-08-15 13:00:00
position_2571,-1890.81,-429.86519999999996,1.5,13,37.2,55.39111020603059,34.4,5.1,41,hot,2017-08-15 13:00:00
position_2572,-1890.81,-419.86519999999996,1.5,13,37.2,55.54626428387977,34.4,5.1,41,hot,2017-08-15 13:00:00
position_2573,-1890.81,-409.86519999999996,1.5,13,37.2,55.40134295220883,34.4,5.1,41,hot,2017-08-15 13:00:00
position_2574,-1890.81,-399.86519999999996,1.5,13,37.0,54.650680814445074,34.4,5.1,41,hot,2017-08-15 13:00:00
position_2575,-1890.81,-389.86519999999996,1.5,13,36.9,54.04219035004079,34.4,5.1,41,hot,2017-08-15 13:00:00
position_2576,-1890.81,-379.86519999999996,1.5,13,36.6,52.59071408116745,34.4,5.1,41,hot,2017-08-15 13:00:00
position_2577,-1890.81,-369.86519999999996,1.5,13,35.3,46.90590968314007,34.4,5.1,41,hot,2017-08-15 13:00:00
position_2578,-1890.81,-359.86519999999996,1.5,13,32.7,34.4,34.4,5.1,41,hot,2017-08-15 13:00:00
position_2579,-1890.81,-349.86519999999996,1.5,13,34.6,43.33773062701838,34.4,5.1,41,hot,2017-08-15 13:00:00
position_2580,-1890.81,-339.86519999999996,1.5,13,34.8,44.16427936112975,34.4,5.1,41,hot,2017-08-15 13:00:00
position_2581,-1890.81,-329.86519999999996,1.5,13,32.7,34.4,34.4,5.1,41,hot,2017-08-15 13:00:00
position_2582,-1890.81,-319.86519999999996,1.5,13,32.7,34.4,34.4,5.1,41,hot,2017-08-15 13:00:00
position_2583,-1890.81,-309.86519999999996,1.5,13,32.7,34.4,34.4,5.1,41,hot,2017-08-15 13:00:00
position_2584,-1890.81,-299.86519999999996,1.5,13,32.7,34.4,34.4,5.1,41,hot,2017-08-15 13:00:00
position_2585,-1890.81,-289.86519999999996,1.5,13,32.7,34.4,34.4,5.1,41,hot,2017-08-15 13:00:00
position_2586,-1890.81,-279.86519999999996,1.5,13,32.7,34.4,34.4,5.1,41,hot,2017-08-15 13:00:00
position_2587,-1890.81,-269.86519999999996,1.5,13,32.7,34.4,34.4,5.1,41,hot,2017-08-15 13:00:00
position_2588,-1890.81,-259.86519999999996,1.5,13,32.7,34.4,34.4,5.1,41,hot,2017-08-15 13:00:00
position_2589,-1890.81,-249.86519999999996,1.5,13,34.6,43.46821573599649,34.4,5.1,41,hot,2017-08-15 13:00:00
position_2590,-1890.81,-239.86519999999996,1.5,13,34.7,43.649562663915425,34.4,5.1,41,hot,2017-08-15 13:00:00
position_2591,-1890.81,-229.86519999999996,1.5,13,33.9,40.21561742125055,34.4,5.1,41,hot,2017-08-15 13:00:00
position_2592,-1890.81,-219.86519999999996,1.5,13,32.7,34.4,34.4,5.1,41,hot,2017-08-15 13:00:00
position_2593,-1890.81,-209.86519999999996,1.5,13,34.0,40.43661140800367,34.4,5.1,41,hot,2017-08-15 13:00:00
position_2594,-1890.81,-199.86519999999996,1.5,13,35.1,45.63826939391722,34.4,5.1,41,hot,2017-08-15 13:00:00
position_2595,-1890.81,-189.86519999999996,1.5,13,39.3,64.95205061164805,34.4,5.1,41,very_hot,2017-08-15 13:00:00
position_2596,-1880.81,-619.8652,1.5,13,37.5,56.7874969066732,34.4,5.1,41,hot,2017-08-15 13:00:00
position_2597,-1880.81,-609.8652,1.5,13,37.4,56.632342828824015,34.4,5.1,41,hot,2017-08-15 13:00:00
position_2598,-1880.81,-599.8652,1.5,13,37.4,56.49075070658992,34.4,5.1,41,hot,2017-08-15 13:00:00
position_2599,-1880.81,-589.8652,1.5,13,37.4,56.449728141436516,34.4,5.1,41,hot,2017-08-15 13:00:00
position_2600,-1880.81,-579.8652,1.5,13,37.3,55.82911183003979,34.4,5.1,41,hot,2017-08-15 13:00:00
position_2601,-1880.81,-569.8652,1.5,13,37.3,56.00708375794534,34.4,5.1,41,hot,2017-08-15 13:00:00
position_2602,-1880.81,-559.8652,1.5,13,37.4,56.61861252405485,34.4,5.1,41,hot,2017-08-15 13:00:00
position_2603,-1880.81,-549.8652,1.5,13,37.3,55.87013439519321,34.4,5.1,41,hot,2017-08-15 13:00:00
position_2604,-1880.81,-539.8652,1.5,13,37.1,54.979895794943396,34.4,5.1,41,hot,2017-08-15 13:00:00
position_2605,-1880.81,-529.8652,1.5,13,36.6,52.75839130626433,34.4,5.1,41,hot,2017-08-15 13:00:00
position_2606,-1880.81,-519.8652,1.5,13,36.6,52.780232305296344,34.4,5.1,41,hot,2017-08-15 13:00:00
position_2607,-1880.81,-509.86519999999996,1.5,13,32.7,34.4,34.4,5.1,41,hot,2017-08-15 13:00:00
position_2608,-1880.81,-499.86519999999996,1.5,13,36.7,53.07702429559984,34.4,5.1,41,hot,2017-08-15 13:00:00
position_2609,-1880.81,-489.86519999999996,1.5,13,36.6,52.61463134189461,34.4,5.1,41,hot,2017-08-15 13:00:00
position_2610,-1880.81,-479.86519999999996,1.5,13,35.8,49.14112613598622,34.4,5.1,41,hot,2017-08-15 13:00:00
position_2611,-1880.81,-469.86519999999996,1.5,13,35.5,47.778656005585425,34.4,5.1,41,hot,2017-08-15 13:00:00
position_2612,-1880.81,-459.86519999999996,1.5,13,32.7,34.4,34.4,5.1,41,hot,2017-08-15 13:00:00
position_2613,-1880.81,-449.86519999999996,1.5,13,37.3,56.011726517427306,34.4,5.1,41,hot,2017-08-15 13:00:00
position_2614,-1880.81,-439.86519999999996,1.5,13,37.2,55.70141836172894,34.4,5.1,41,hot,2017-08-15 13:00:00
position_2615,-1880.81,-429.86519999999996,1.5,13,37.2,55.70141836172894,34.4,5.1,41,hot,2017-08-15 13:00:00
position_2616,-1880.81,-419.86519999999996,1.5,13,37.3,55.85657243957812,34.4,5.1,41,hot,2017-08-15 13:00:00
position_2617,-1880.81,-409.86519999999996,1.5,13,37.2,55.397891183838134,34.4,5.1,41,hot,2017-08-15 13:00:00
position_2618,-1880.81,-399.86519999999996,1.5,13,37.2,55.397891183838134,34.4,5.1,41,hot,2017-08-15 13:00:00
position_2619,-1880.81,-389.86519999999996,1.5,13,37.0,54.642463728014874,34.4,5.1,41,hot,2017-08-15 13:00:00
position_2620,-1880.81,-379.86519999999996,1.5,13,36.8,53.683910302227396,34.4,5.1,41,hot,2017-08-15 13:00:00
position_2621,-1880.81,-369.86519999999996,1.5,13,35.7,48.44526333535065,34.4,5.1,41,hot,2017-08-15 13:00:00
position_2622,-1880.81,-359.86519999999996,1.5,13,32.7,34.4,34.4,5.1,41,hot,2017-08-15 13:00:00
position_2623,-1880.81,-349.86519999999996,1.5,13,32.7,34.4,34.4,5.1,41,hot,2017-08-15 13:00:00
position_2624,-1880.81,-339.86519999999996,1.5,13,35.0,45.02462890276939,34.4,5.1,41,hot,2017-08-15 13:00:00
position_2625,-1880.81,-329.86519999999996,1.5,13,32.7,34.4,34.4,5.1,41,hot,2017-08-15 13:00:00
position_2626,-1880.81,-319.86519999999996,1.5,13,32.7,34.4,34.4,5.1,41,hot,2017-08-15 13:00:00
position_2627,-1880.81,-309.86519999999996,1.5,13,32.7,34.4,34.4,5.1,41,hot,2017-08-15 13:00:00
position_2628,-1880.81,-299.86519999999996,1.5,13,32.7,34.4,34.4,5.1,41,hot,2017-08-15 13:00:00
position_2629,-1880.81,-289.86519999999996,1.5,13,32.7,34.4,34.4,5.1,41,hot,2017-08-15 13:00:00
position_2630,-1880.81,-279.86519999999996,1.5,13,32.7,34.4,34.4,5.1,41,hot,2017-08-15 13:00:00
position_2631,-1880.81,-269.86519999999996,1.5,13,32.7,34.4,34.4,5.1,41,hot,2017-08-15 13:00:00
position_2632,-1880.81,-259.86519999999996,1.5,13,32.7,34.4,34.4,5.1,41,hot,2017-08-15 13:00:00
position_2633,-1880.81,-249.86519999999996,1.5,13,34.3,42.08616919240015,34.4,5.1,41,hot,2017-08-15 13:00:00
position_2634,-1880.81,-239.86519999999996,1.5,13,35.2,46.2745858796109,34.4,5.1,41,hot,2017-08-15 13:00:00
position_2635,-1880.81,-229.86519999999996,1.5,13,34.4,42.26619088906988,34.4,5.1,41,hot,2017-08-15 13:00:00
position_2636,-1880.81,-219.86519999999996,1.5,13,32.7,34.4,34.4,5.1,41,hot,2017-08-15 13:00:00
position_2637,-1880.81,-209.86519999999996,1.5,13,33.7,38.941378358770216,34.4,5.1,41,hot,2017-08-15 13:00:00
position_2638,-1880.81,-199.86519999999996,1.5,13,34.1,40.89014331398546,34.4,5.1,41,hot,2017-08-15 13:00:00
position_2639,-1880.81,-189.86519999999996,1.5,13,39.3,65.13464980996703,34.4,5.1,41,very_hot,2017-08-15 13:00:00
position_2640,-1870.81,-619.8652,1.5,13,37.5,56.7874969066732,34.4,5.1,41,hot,2017-08-15 13:00:00
position_2641,-1870.81,-609.8652,1.5,13,37.4,56.634664208386845,34.4,5.1,41,hot,2017-08-15 13:00:00
position_2642,-1870.81,-599.8652,1.5,13,37.4,56.63912380663156,34.4,5.1,41,hot,2017-08-15 13:00:00
position_2643,-1870.81,-589.8652,1.5,13,37.5,56.7874969066732,34.4,5.1,41,hot,2017-08-15 13:00:00
position_2644,-1870.81,-579.8652,1.5,13,37.4,56.632342828824015,34.4,5.1,41,hot,2017-08-15 13:00:00
position_2645,-1870.81,-569.8652,1.5,13,37.4,56.322034673125664,34.4,5.1,41,hot,2017-08-15 13:00:00
position_2646,-1870.81,-559.8652,1.5,13,37.4,56.632342828824015,34.4,5.1,41,hot,2017-08-15 13:00:00
position_2647,-1870.81,-549.8652,1.5,13,37.3,55.88369635080829,34.4,5.1,41,hot,2017-08-15 13:00:00
position_2648,-1870.81,-539.8652,1.5,13,36.9,54.187157471931975,34.4,5.1,41,hot,2017-08-15 13:00:00
position_2649,-1870.81,-529.8652,1.5,13,36.9,54.3605627320838,34.4,5.1,41,hot,2017-08-15 13:00:00
position_2650,-1870.81,-519.8652,1.5,13,36.8,53.590290072108345,34.4,5.1,41,hot,2017-08-15 13:00:00
position_2651,-1870.81,-509.86519999999996,1.5,13,36.0,50.12756912704603,34.4,5.1,41,hot,2017-08-15 13:00:00
position_2652,-1870.81,-499.86519999999996,1.5,13,35.7,48.507511885067544,34.4,5.1,41,hot,2017-08-15 13:00:00
position_2653,-1870.81,-489.86519999999996,1.5,13,32.7,34.4,34.4,5.1,41,hot,2017-08-15 13:00:00
position_2654,-1870.81,-479.86519999999996,1.5,13,32.7,34.4,34.4,5.1,41,hot,2017-08-15 13:00:00
position_2655,-1870.81,-469.86519999999996,1.5,13,32.7,34.4,34.4,5.1,41,hot,2017-08-15 13:00:00
position_2656,-1870.81,-459.86519999999996,1.5,13,32.7,34.4,34.4,5.1,41,hot,2017-08-15 13:00:00
position_2657,-1870.81,-449.86519999999996,1.5,13,37.4,56.632342828824015,34.4,5.1,41,hot,2017-08-15 13:00:00
position_2658,-1870.81,-439.86519999999996,1.5,13,37.2,55.708199339536485,34.4,5.1,41,hot,2017-08-15 13:00:00
position_2659,-1870.81,-429.86519999999996,1.5,13,37.2,55.40598571133449,34.4,5.1,41,hot,2017-08-15 13:00:00
position_2660,-1870.81,-419.86519999999996,1.5,13,37.3,55.86680518575637,34.4,5.1,41,hot,2017-08-15 13:00:00
position_2661,-1870.81,-409.86519999999996,1.5,13,37.2,55.708199339536485,34.4,5.1,41,hot,2017-08-15 13:00:00
position_2662,-1870.81,-399.86519999999996,1.5,13,37.2,55.39111020603059,34.4,5.1,41,hot,2017-08-15 13:00:00
position_2663,-1870.81,-389.86519999999996,1.5,13,37.0,54.47374769455061,34.4,5.1,41,hot,2017-08-15 13:00:00
position_2664,-1870.81,-379.86519999999996,1.5,13,36.7,53.41462471168246,34.4,5.1,41,hot,2017-08-15 13:00:00
position_2665,-1870.81,-369.86519999999996,1.5,13,36.5,52.30782074478719,34.4,5.1,41,hot,2017-08-15 13:00:00
position_2666,-1870.81,-359.86519999999996,1.5,13,36.1,50.449041090439344,34.4,5.1,41,hot,2017-08-15 13:00:00
position_2667,-1870.81,-349.86519999999996,1.5,13,35.7,48.331100844517835,34.4,5.1,41,hot,2017-08-15 13:00:00
position_2668,-1870.81,-339.86519999999996,1.5,13,34.9,44.90608425903451,34.4,5.1,41,hot,2017-08-15 13:00:00
position_2669,-1870.81,-329.86519999999996,1.5,13,32.7,34.4,34.4,5.1,41,hot,2017-08-15 13:00:00
position_2670,-1870.81,-319.86519999999996,1.5,13,32.7,34.4,34.4,5.1,41,hot,2017-08-15 13:00:00
position_2671,-1870.81,-309.86519999999996,1.5,13,32.7,34.4,34.4,5.1,41,hot,2017-08-15 13:00:00
position_2672,-1870.81,-299.86519999999996,1.5,13,32.7,34.4,34.4,5.1,41,hot,2017-08-15 13:00:00
position_2673,-1870.81,-289.86519999999996,1.5,13,32.7,34.4,34.4,5.1,41,hot,2017-08-15 13:00:00
position_2674,-1870.81,-279.86519999999996,1.5,13,32.7,34.4,34.4,5.1,41,hot,2017-08-15 13:00:00
position_2675,-1870.81,-269.86519999999996,1.5,13,32.7,34.4,34.4,5.1,41,hot,2017-08-15 13:00:00
position_2676,-1870.81,-259.86519999999996,1.5,13,32.7,34.4,34.4,5.1,41,hot,2017-08-15 13:00:00
position_2677,-1870.81,-249.86519999999996,1.5,13,34.3,41.779179241919906,34.4,5.1,41,hot,2017-08-15 13:00:00
position_2678,-1870.81,-239.86519999999996,1.5,13,35.8,49.23473305122865,34.4,5.1,41,hot,2017-08-15 13:00:00
position_2679,-1870.81,-229.86519999999996,1.5,13,35.1,45.534018440023004,34.4,5.1,41,hot,2017-08-15 13:00:00
position_2680,-1870.81,-219.86519999999996,1.5,13,32.7,34.4,34.4,5.1,41,hot,2017-08-15 13:00:00
position_2681,-1870.81,-209.86519999999996,1.5,13,34.1,41.01962662182225,34.4,5.1,41,hot,2017-08-15 13:00:00
position_2682,-1870.81,-199.86519999999996,1.5,13,33.7,38.96663797313135,34.4,5.1,41,hot,2017-08-15 13:00:00
position_2683,-1870.81,-189.86519999999996,1.5,13,39.0,63.58054321103008,34.4,5.1,41,very_hot,2017-08-15 13:00:00
position_2684,-1860.81,-619.8652,1.5,13,37.5,56.7874969066732,34.4,5.1,41,hot,2017-08-15 13:00:00
position_2685,-1860.81,-609.8652,1.5,13,37.5,56.7874969066732,34.4,5.1,41,hot,2017-08-15 13:00:00
position_2686,-1860.81,-599.8652,1.5,13,37.5,56.7874969066732,34.4,5.1,41,hot,2017-08-15 13:00:00
position_2687,-1860.81,-589.8652,1.5,13,37.5,56.7874969066732,34.4,5.1,41,hot,2017-08-15 13:00:00
position_2688,-1860.81,-579.8652,1.5,13,37.4,56.32881565093321,34.4,5.1,41,hot,2017-08-15 13:00:00
position_2689,-1860.81,-569.8652,1.5,13,37.4,56.322034673125664,34.4,5.1,41,hot,2017-08-15 13:00:00
position_2690,-1860.81,-559.8652,1.5,13,37.4,56.32881565093321,34.4,5.1,41,hot,2017-08-15 13:00:00
position_2691,-1860.81,-549.8652,1.5,13,37.2,55.67724117140723,34.4,5.1,41,hot,2017-08-15 13:00:00
position_2692,-1860.81,-539.8652,1.5,13,36.9,54.13472665855756,34.4,5.1,41,hot,2017-08-15 13:00:00
position_2693,-1860.81,-529.8652,1.5,13,37.2,55.67378940303652,34.4,5.1,41,hot,2017-08-15 13:00:00
position_2694,-1860.81,-519.8652,1.5,13,37.2,55.72176129515157,34.4,5.1,41,hot,2017-08-15 13:00:00
position_2695,-1860.81,-509.86519999999996,1.5,13,37.1,54.925311274174895,34.4,5.1,41,hot,2017-08-15 13:00:00
position_2696,-1860.81,-499.86519999999996,1.5,13,37.1,55.0667350472549,34.4,5.1,41,hot,2017-08-15 13:00:00
position_2697,-1860.81,-489.86519999999996,1.5,13,37.2,55.72176129515157,34.4,5.1,41,hot,2017-08-15 13:00:00
position_2698,-1860.81,-479.86519999999996,1.5,13,37.3,56.173661573084026,34.4,5.1,41,hot,2017-08-15 13:00:00
position_2699,-1860.81,-469.86519999999996,1.5,13,37.4,56.47718875097484,34.4,5.1,41,hot,2017-08-15 13:00:00
position_2700,-1860.81,-459.86519999999996,1.5,13,37.4,56.322034673125664,34.4,5.1,41,hot,2017-08-15 13:00:00
position_2701,-1860.81,-449.86519999999996,1.5,13,32.7,34.4,34.4,5.1,41,hot,2017-08-15 13:00:00
position_2702,-1860.81,-439.86519999999996,1.5,13,32.7,34.4,34.4,5.1,41,hot,2017-08-15 13:00:00
position_2703,-1860.81,-429.86519999999996,1.5,13,37.0,54.463667808101626,34.4,5.1,41,hot,2017-08-15 13:00:00
position_2704,-1860.81,-419.86519999999996,1.5,13,37.3,55.8496231126165,34.4,5.1,41,hot,2017-08-15 13:00:00
position_2705,-1860.81,-409.86519999999996,1.5,13,37.2,55.40134295220883,34.4,5.1,41,hot,2017-08-15 13:00:00
position_2706,-1860.81,-399.86519999999996,1.5,13,37.1,55.08080205033223,34.4,5.1,41,hot,2017-08-15 13:00:00
position_2707,-1860.81,-389.86519999999996,1.5,13,36.9,54.021847416618165,34.4,5.1,41,hot,2017-08-15 13:00:00
position_2708,-1860.81,-379.86519999999996,1.5,13,36.2,51.088321373462506,34.4,5.1,41,hot,2017-08-15 13:00:00
position_2709,-1860.81,-369.86519999999996,1.5,13,36.4,52.019123281980036,34.4,5.1,41,hot,2017-08-15 13:00:00
position_2710,-1860.81,-359.86519999999996,1.5,13,36.3,51.417459585603545,34.4,5.1,41,hot,2017-08-15 13:00:00
position_2711,-1860.81,-349.86519999999996,1.5,13,35.5,47.57142860680954,34.4,5.1,41,hot,2017-08-15 13:00:00
position_2712,-1860.81,-339.86519999999996,1.5,13,35.2,46.01030623978705,34.4,5.1,41,hot,2017-08-15 13:00:00
position_2713,-1860.81,-329.86519999999996,1.5,13,32.7,34.4,34.4,5.1,41,hot,2017-08-15 13:00:00
position_2714,-1860.81,-319.86519999999996,1.5,13,32.7,34.4,34.4,5.1,41,hot,2017-08-15 13:00:00
position_2715,-1860.81,-309.86519999999996,1.5,13,32.7,34.4,34.4,5.1,41,hot,2017-08-15 13:00:00
position_2716,-1860.81,-299.86519999999996,1.5,13,32.7,34.4,34.4,5.1,41,hot,2017-08-15 13:00:00
position_2717,-1860.81,-289.86519999999996,1.5,13,32.7,34.4,34.4,5.1,41,hot,2017-08-15 13:00:00
position_2718,-1860.81,-279.86519999999996,1.5,13,32.7,34.4,34.4,5.1,41,hot,2017-08-15 13:00:00
position_2719,-1860.81,-269.86519999999996,1.5,13,32.7,34.4,34.4,5.1,41,hot,2017-08-15 13:00:00
position_2720,-1860.81,-259.86519999999996,1.5,13,32.7,34.4,34.4,5.1,41,hot,2017-08-15 13:00:00
position_2721,-1860.81,-249.86519999999996,1.5,13,32.7,34.4,34.4,5.1,41,hot,2017-08-15 13:00:00
position_2722,-1860.81,-239.86519999999996,1.5,13,35.9,49.69013088775203,34.4,5.1,41,hot,2017-08-15 13:00:00
position_2723,-1860.81,-229.86519999999996,1.5,13,35.2,45.97003538277753,34.4,5.1,41,hot,2017-08-15 13:00:00
position_2724,-1860.81,-219.86519999999996,1.5,13,32.7,34.4,34.4,5.1,41,hot,2017-08-15 13:00:00
position_2725,-1860.81,-209.86519999999996,1.5,13,34.2,41.38946845457122,34.4,5.1,41,hot,2017-08-15 13:00:00
position_2726,-1860.81,-199.86519999999996,1.5,13,34.1,40.79215506641848,34.4,5.1,41,hot,2017-08-15 13:00:00
position_2727,-1860.81,-189.86519999999996,1.5,13,39.3,64.9781363922088,34.4,5.1,41,very_hot,2017-08-15 13:00:00
position_2728,-1850.81,-619.8652,1.5,13,37.5,56.7874969066732,34.4,5.1,41,hot,2017-08-15 13:00:00
position_2729,-1850.81,-609.8652,1.5,13,37.4,56.47718875097484,34.4,5.1,41,hot,2017-08-15 13:00:00
position_2730,-1850.81,-599.8652,1.5,13,37.5,56.7874969066732,34.4,5.1,41,hot,2017-08-15 13:00:00
position_2731,-1850.81,-589.8652,1.5,13,37.4,56.61861252405485,34.4,5.1,41,hot,2017-08-15 13:00:00
position_2732,-1850.81,-579.8652,1.5,13,37.3,56.18966746719578,34.4,5.1,41,hot,2017-08-15 13:00:00
position_2733,-1850.81,-569.8652,1.5,13,37.5,56.7874969066732,34.4,5.1,41,hot,2017-08-15 13:00:00
position_2734,-1850.81,-559.8652,1.5,13,37.4,56.47718875097484,34.4,5.1,41,hot,2017-08-15 13:00:00
position_2735,-1850.81,-549.8652,1.5,13,37.3,55.9705356031198,34.4,5.1,41,hot,2017-08-15 13:00:00
position_2736,-1850.81,-539.8652,1.5,13,37.0,54.61509469891701,34.4,5.1,41,hot,2017-08-15 13:00:00
position_2737,-1850.81,-529.8652,1.5,13,37.3,56.03206945084993,34.4,5.1,41,hot,2017-08-15 13:00:00
position_2738,-1850.81,-519.8652,1.5,13,37.4,56.322034673125664,34.4,5.1,41,hot,2017-08-15 13:00:00
position_2739,-1850.81,-509.86519999999996,1.5,13,37.3,56.139419985738144,34.4,5.1,41,hot,2017-08-15 13:00:00
position_2740,-1850.81,-499.86519999999996,1.5,13,37.1,54.95749141155249,34.4,5.1,41,hot,2017-08-15 13:00:00
position_2741,-1850.81,-489.86519999999996,1.5,13,37.2,55.42513765400215,34.4,5.1,41,hot,2017-08-15 13:00:00
position_2742,-1850.81,-479.86519999999996,1.5,13,37.3,56.18734608763295,34.4,5.1,41,hot,2017-08-15 13:00:00
position_2743,-1850.81,-469.86519999999996,1.5,13,37.2,55.6875197078057,34.4,5.1,41,hot,2017-08-15 13:00:00
position_2744,-1850.81,-459.86519999999996,1.5,13,37.3,56.025288473042394,34.4,5.1,41,hot,2017-08-15 13:00:00
position_2745,-1850.81,-449.86519999999996,1.5,13,32.7,34.4,34.4,5.1,41,hot,2017-08-15 13:00:00
position_2746,-1850.81,-439.86519999999996,1.5,13,32.7,34.4,34.4,5.1,41,hot,2017-08-15 13:00:00
position_2747,-1850.81,-429.86519999999996,1.5,13,36.8,53.55995951001886,34.4,5.1,41,hot,2017-08-15 13:00:00
position_2748,-1850.81,-419.86519999999996,1.5,13,37.1,55.232458569590484,34.4,5.1,41,hot,2017-08-15 13:00:00
position_2749,-1850.81,-409.86519999999996,1.5,13,37.2,55.54626428387977,34.4,5.1,41,hot,2017-08-15 13:00:00
position_2750,-1850.81,-399.86519999999996,1.5,13,37.2,55.39111020603059,34.4,5.1,41,hot,2017-08-15 13:00:00
position_2751,-1850.81,-389.86519999999996,1.5,13,36.9,54.18378247227488,34.4,5.1,41,hot,2017-08-15 13:00:00
position_2752,-1850.81,-379.86519999999996,1.5,13,35.9,49.33145131917141,34.4,5.1,41,hot,2017-08-15 13:00:00
position_2753,-1850.81,-369.86519999999996,1.5,13,35.7,48.79147433061059,34.4,5.1,41,hot,2017-08-15 13:00:00
position_2754,-1850.81,-359.86519999999996,1.5,13,35.8,49.236047277902806,34.4,5.1,41,hot,2017-08-15 13:00:00
position_2755,-1850.81,-349.86519999999996,1.5,13,34.5,42.95617410328454,34.4,5.1,41,hot,2017-08-15 13:00:00
position_2756,-1850.81,-339.86519999999996,1.5,13,36.0,49.83273083986013,34.4,5.1,41,hot,2017-08-15 13:00:00
position_2757,-1850.81,-329.86519999999996,1.5,13,35.9,49.37977694183343,34.4,5.1,41,hot,2017-08-15 13:00:00
position_2758,-1850.81,-319.86519999999996,1.5,13,32.7,34.4,34.4,5.1,41,hot,2017-08-15 13:00:00
position_2759,-1850.81,-309.86519999999996,1.5,13,32.7,34.4,34.4,5.1,41,hot,2017-08-15 13:00:00
position_2760,-1850.81,-299.86519999999996,1.5,13,32.7,34.4,34.4,5.1,41,hot,2017-08-15 13:00:00
position_2761,-1850.81,-289.86519999999996,1.5,13,32.7,34.4,34.4,5.1,41,hot,2017-08-15 13:00:00
position_2762,-1850.81,-279.86519999999996,1.5,13,32.7,34.4,34.4,5.1,41,hot,2017-08-15 13:00:00
position_2763,-1850.81,-269.86519999999996,1.5,13,32.7,34.4,34.4,5.1,41,hot,2017-08-15 13:00:00
position_2764,-1850.81,-259.86519999999996,1.5,13,32.7,34.4,34.4,5.1,41,hot,2017-08-15 13:00:00
position_2765,-1850.81,-249.86519999999996,1.5,13,32.7,34.4,34.4,5.1,41,hot,2017-08-15 13:00:00
position_2766,-1850.81,-239.86519999999996,1.5,13,35.8,49.22347766344952,34.4,5.1,41,hot,2017-08-15 13:00:00
position_2767,-1850.81,-229.86519999999996,1.5,13,35.1,45.514898152834064,34.4,5.1,41,hot,2017-08-15 13:00:00
position_2768,-1850.81,-219.86519999999996,1.5,13,32.7,34.4,34.4,5.1,41,hot,2017-08-15 13:00:00
position_2769,-1850.81,-209.86519999999996,1.5,13,32.7,34.4,34.4,5.1,41,hot,2017-08-15 13:00:00
position_2770,-1850.81,-199.86519999999996,1.5,13,35.1,45.506910017861365,34.4,5.1,41,hot,2017-08-15 13:00:00
position_2771,-1850.81,-189.86519999999996,1.5,13,39.3,65.22451255190059,34.4,5.1,41,very_hot,2017-08-15 13:00:00
position_2772,-1840.81,-619.8652,1.5,13,37.4,56.48396972878238,34.4,5.1,41,hot,2017-08-15 13:00:00
position_2773,-1840.81,-609.8652,1.5,13,37.3,56.139419985738144,34.4,5.1,41,hot,2017-08-15 13:00:00
position_2774,-1840.81,-599.8652,1.5,13,37.4,56.294574063587326,34.4,5.1,41,hot,2017-08-15 13:00:00
position_2775,-1840.81,-589.8652,1.5,13,37.4,56.32881565093321,34.4,5.1,41,hot,2017-08-15 13:00:00
position_2776,-1840.81,-579.8652,1.5,13,37.4,56.64257557500225,34.4,5.1,41,hot,2017-08-15 13:00:00
position_2777,-1840.81,-569.8652,1.5,13,37.4,56.48396972878238,34.4,5.1,41,hot,2017-08-15 13:00:00
position_2778,-1840.81,-559.8652,1.5,13,37.5,56.7874969066732,34.4,5.1,41,hot,2017-08-15 13:00:00
position_2779,-1840.81,-549.8652,1.5,13,37.3,56.166712246122394,34.4,5.1,41,hot,2017-08-15 13:00:00
position_2780,-1840.81,-539.8652,1.5,13,37.2,55.38399252991489,34.4,5.1,41,hot,2017-08-15 13:00:00
position_2781,-1840.81,-529.8652,1.5,13,37.3,56.18044255089156,34.4,5.1,41,hot,2017-08-15 13:00:00
position_2782,-1840.81,-519.8652,1.5,13,37.4,56.632342828824015,34.4,5.1,41,hot,2017-08-15 13:00:00
position_2783,-1840.81,-509.86519999999996,1.5,13,37.0,54.58787920724636,34.4,5.1,41,hot,2017-08-15 13:00:00
position_2784,-1840.81,-499.86519999999996,1.5,13,36.8,53.866770107482594,34.4,5.1,41,hot,2017-08-15 13:00:00
position_2785,-1840.81,-489.86519999999996,1.5,13,36.9,54.02875095335955,34.4,5.1,41,hot,2017-08-15 13:00:00
position_2786,-1840.81,-479.86519999999996,1.5,13,36.9,54.180575821771875,34.4,5.1,41,hot,2017-08-15 13:00:00
position_2787,-1840.81,-469.86519999999996,1.5,13,36.9,54.236380137240516,34.4,5.1,41,hot,2017-08-15 13:00:00
position_2788,-1840.81,-459.86519999999996,1.5,13,37.0,54.65280354370212,34.4,5.1,41,hot,2017-08-15 13:00:00
position_2789,-1840.81,-449.86519999999996,1.5,13,32.7,34.4,34.4,5.1,41,hot,2017-08-15 13:00:00
position_2790,-1840.81,-439.86519999999996,1.5,13,32.7,34.4,34.4,5.1,41,hot,2017-08-15 13:00:00
position_2791,-1840.81,-429.86519999999996,1.5,13,37.0,54.432725129397184,34.4,5.1,41,hot,2017-08-15 13:00:00
position_2792,-1840.81,-419.86519999999996,1.5,13,37.2,55.70141836172894,34.4,5.1,41,hot,2017-08-15 13:00:00
position_2793,-1840.81,-409.86519999999996,1.5,13,37.3,55.85657243957812,34.4,5.1,41,hot,2017-08-15 13:00:00
position_2794,-1840.81,-399.86519999999996,1.5,13,37.2,55.70141836172894,34.4,5.1,41,hot,2017-08-15 13:00:00
position_2795,-1840.81,-389.86519999999996,1.5,13,37.1,55.087583028139775,34.4,5.1,41,hot,2017-08-15 13:00:00
position_2796,-1840.81,-379.86519999999996,1.5,13,36.7,53.1840381321799,34.4,5.1,41,hot,2017-08-15 13:00:00
position_2797,-1840.81,-369.86519999999996,1.5,13,36.4,51.65952968447782,34.4,5.1,41,hot,2017-08-15 13:00:00
position_2798,-1840.81,-359.86519999999996,1.5,13,36.3,51.14117887787674,34.4,5.1,41,hot,2017-08-15 13:00:00
position_2799,-1840.81,-349.86519999999996,1.5,13,35.7,48.3365372941432,34.4,5.1,41,hot,2017-08-15 13:00:00
position_2800,-1840.81,-339.86519999999996,1.5,13,36.0,50.18060979234122,34.4,5.1,41,hot,2017-08-15 13:00:00
position_2801,-1840.81,-329.86519999999996,1.5,13,35.0,45.18077980627386,34.4,5.1,41,hot,2017-08-15 13:00:00
position_2802,-1840.81,-319.86519999999996,1.5,13,33.0,35.458468883541116,34.4,5.1,41,hot,2017-08-15 13:00:00
position_2803,-1840.81,-309.86519999999996,1.5,13,32.7,34.4,34.4,5.1,41,hot,2017-08-15 13:00:00
position_2804,-1840.81,-299.86519999999996,1.5,13,32.7,34.4,34.4,5.1,41,hot,2017-08-15 13:00:00
position_2805,-1840.81,-289.86519999999996,1.5,13,32.7,34.4,34.4,5.1,41,hot,2017-08-15 13:00:00
position_2806,-1840.81,-279.86519999999996,1.5,13,32.7,34.4,34.4,5.1,41,hot,2017-08-15 13:00:00
position_2807,-1840.81,-269.86519999999996,1.5,13,36.4,51.71487918230313,34.4,5.1,41,hot,2017-08-15 13:00:00
position_2808,-1840.81,-259.86519999999996,1.5,13,32.7,34.4,34.4,5.1,41,hot,2017-08-15 13:00:00
position_2809,-1840.81,-249.86519999999996,1.5,13,32.7,34.4,34.4,5.1,41,hot,2017-08-15 13:00:00
position_2810,-1840.81,-239.86519999999996,1.5,13,35.8,48.90176058254483,34.4,5.1,41,hot,2017-08-15 13:00:00
position_2811,-1840.81,-229.86519999999996,1.5,13,34.9,44.597887151389116,34.4,5.1,41,hot,2017-08-15 13:00:00
position_2812,-1840.81,-219.86519999999996,1.5,13,32.7,34.4,34.4,5.1,41,hot,2017-08-15 13:00:00
position_2813,-1840.81,-209.86519999999996,1.5,13,32.7,34.4,34.4,5.1,41,hot,2017-08-15 13:00:00
position_2814,-1840.81,-199.86519999999996,1.5,13,34.1,41.03194889860852,34.4,5.1,41,hot,2017-08-15 13:00:00
position_2815,-1840.81,-189.86519999999996,1.5,13,38.3,60.68120780316491,34.4,5.1,41,very_hot,2017-08-15 13:00:00
position_2816,-1830.81,-619.8652,1.5,13,37.3,56.02874024141308,34.4,5.1,41,hot,2017-08-15 13:00:00
position_2817,-1830.81,-609.8652,1.5,13,37.3,56.051527113332384,34.4,5.1,41,hot,2017-08-15 13:00:00
position_2818,-1830.81,-599.8652,1.5,13,37.3,56.02869445119285,34.4,5.1,41,hot,2017-08-15 13:00:00
position_2819,-1830.81,-589.8652,1.5,13,37.4,56.48396972878238,34.4,5.1,41,hot,2017-08-15 13:00:00
position_2820,-1830.81,-579.8652,1.5,13,37.4,56.47718875097484,34.4,5.1,41,hot,2017-08-15 13:00:00
position_2821,-1830.81,-569.8652,1.5,13,37.5,56.7874969066732,34.4,5.1,41,hot,2017-08-15 13:00:00
position_2822,-1830.81,-559.8652,1.5,13,37.4,56.322034673125664,34.4,5.1,41,hot,2017-08-15 13:00:00
position_2823,-1830.81,-549.8652,1.5,13,37.2,55.32919386977206,34.4,5.1,41,hot,2017-08-15 13:00:00
position_2824,-1830.81,-539.8652,1.5,13,37.1,55.09776998374147,34.4,5.1,41,hot,2017-08-15 13:00:00
position_2825,-1830.81,-529.8652,1.5,13,37.3,56.18044255089156,34.4,5.1,41,hot,2017-08-15 13:00:00
position_2826,-1830.81,-519.8652,1.5,13,37.4,56.632342828824015,34.4,5.1,41,hot,2017-08-15 13:00:00
position_2827,-1830.81,-509.86519999999996,1.5,13,32.7,34.4,34.4,5.1,41,hot,2017-08-15 13:00:00
position_2828,-1830.81,-499.86519999999996,1.5,13,32.7,34.4,34.4,5.1,41,hot,2017-08-15 13:00:00
position_2829,-1830.81,-489.86519999999996,1.5,13,32.7,34.4,34.4,5.1,41,hot,2017-08-15 13:00:00
position_2830,-1830.81,-479.86519999999996,1.5,13,32.7,34.4,34.4,5.1,41,hot,2017-08-15 13:00:00
position_2831,-1830.81,-469.86519999999996,1.5,13,32.7,34.4,34.4,5.1,41,hot,2017-08-15 13:00:00
position_2832,-1830.81,-459.86519999999996,1.5,13,37.0,54.44734070510653,34.4,5.1,41,hot,2017-08-15 13:00:00
position_2833,-1830.81,-449.86519999999996,1.5,13,32.7,34.4,34.4,5.1,41,hot,2017-08-15 13:00:00
position_2834,-1830.81,-439.86519999999996,1.5,13,32.7,34.4,34.4,5.1,41,hot,2017-08-15 13:00:00
position_2835,-1830.81,-429.86519999999996,1.5,13,37.1,54.925647972483056,34.4,5.1,41,hot,2017-08-15 13:00:00
position_2836,-1830.81,-419.86519999999996,1.5,13,37.3,55.85657243957812,34.4,5.1,41,hot,2017-08-15 13:00:00
position_2837,-1830.81,-409.86519999999996,1.5,13,37.2,55.70141836172894,34.4,5.1,41,hot,2017-08-15 13:00:00
position_2838,-1830.81,-399.86519999999996,1.5,13,37.0,54.642295378860794,34.4,5.1,41,hot,2017-08-15 13:00:00
position_2839,-1830.81,-389.86519999999996,1.5,13,36.9,54.35249850573915,34.4,5.1,41,hot,2017-08-15 13:00:00
position_2840,-1830.81,-379.86519999999996,1.5,13,36.5,52.19265042372404,34.4,5.1,41,hot,2017-08-15 13:00:00
position_2841,-1830.81,-369.86519999999996,1.5,13,35.2,45.99130783419028,34.4,5.1,41,hot,2017-08-15 13:00:00
position_2842,-1830.81,-359.86519999999996,1.5,13,35.1,45.626600539116325,34.4,5.1,41,hot,2017-08-15 13:00:00
position_2843,-1830.81,-349.86519999999996,1.5,13,35.0,45.0434744482806,34.4,5.1,41,hot,2017-08-15 13:00:00
position_2844,-1830.81,-339.86519999999996,1.5,13,35.0,45.23449386782906,34.4,5.1,41,hot,2017-08-15 13:00:00
position_2845,-1830.81,-329.86519999999996,1.5,13,32.7,34.4,34.4,5.1,41,hot,2017-08-15 13:00:00
position_2846,-1830.81,-319.86519999999996,1.5,13,32.7,34.4,34.4,5.1,41,hot,2017-08-15 13:00:00
position_2847,-1830.81,-309.86519999999996,1.5,13,32.7,34.4,34.4,5.1,41,hot,2017-08-15 13:00:00
position_2848,-1830.81,-299.86519999999996,1.5,13,32.7,34.4,34.4,5.1,41,hot,2017-08-15 13:00:00
position_2849,-1830.81,-289.86519999999996,1.5,13,32.7,34.4,34.4,5.1,41,hot,2017-08-15 13:00:00
position_2850,-1830.81,-279.86519999999996,1.5,13,32.7,34.4,34.4,5.1,41,hot,2017-08-15 13:00:00
position_2851,-1830.81,-269.86519999999996,1.5,13,36.5,52.49064957154901,34.4,5.1,41,hot,2017-08-15 13:00:00
position_2852,-1830.81,-259.86519999999996,1.5,13,32.7,34.4,34.4,5.1,41,hot,2017-08-15 13:00:00
position_2853,-1830.81,-249.86519999999996,1.5,13,32.7,34.4,34.4,5.1,41,hot,2017-08-15 13:00:00
position_2854,-1830.81,-239.86519999999996,1.5,13,35.9,49.527004841340336,34.4,5.1,41,hot,2017-08-15 13:00:00
position_2855,-1830.81,-229.86519999999996,1.5,13,35.0,45.05527034650883,34.4,5.1,41,hot,2017-08-15 13:00:00
position_2856,-1830.81,-219.86519999999996,1.5,13,32.7,34.4,34.4,5.1,41,hot,2017-08-15 13:00:00
position_2857,-1830.81,-209.86519999999996,1.5,13,32.7,34.4,34.4,5.1,41,hot,2017-08-15 13:00:00
position_2858,-1830.81,-199.86519999999996,1.5,13,34.6,43.1829590373413,34.4,5.1,41,hot,2017-08-15 13:00:00
position_2859,-1830.81,-189.86519999999996,1.5,13,38.4,60.95466656907274,34.4,5.1,41,very_hot,2017-08-15 13:00:00
position_2860,-1820.81,-619.8652,1.5,13,37.2,55.56672977623624,34.4,5.1,41,hot,2017-08-15 13:00:00
position_2861,-1820.81,-609.8652,1.5,13,37.4,56.63912380663156,34.4,5.1,41,hot,2017-08-15 13:00:00
position_2862,-1820.81,-599.8652,1.5,13,37.4,56.49075070658992,34.4,5.1,41,hot,2017-08-15 13:00:00
position_2863,-1820.81,-589.8652,1.5,13,37.4,56.48396972878238,34.4,5.1,41,hot,2017-08-15 13:00:00
position_2864,-1820.81,-579.8652,1.5,13,37.4,56.632342828824015,34.4,5.1,41,hot,2017-08-15 13:00:00
position_2865,-1820.81,-569.8652,1.5,13,37.4,56.632342828824015,34.4,5.1,41,hot,2017-08-15 13:00:00
position_2866,-1820.81,-559.8652,1.5,13,37.4,56.49075070658992,34.4,5.1,41,hot,2017-08-15 13:00:00
position_2867,-1820.81,-549.8652,1.5,13,37.1,54.95268030327275,34.4,5.1,41,hot,2017-08-15 13:00:00
position_2868,-1820.81,-539.8652,1.5,13,37.0,54.69280278991299,34.4,5.1,41,hot,2017-08-15 13:00:00
position_2869,-1820.81,-529.8652,1.5,13,37.4,56.33559662874075,34.4,5.1,41,hot,2017-08-15 13:00:00
position_2870,-1820.81,-519.8652,1.5,13,37.3,56.187223528699114,34.4,5.1,41,hot,2017-08-15 13:00:00
position_2871,-1820.81,-509.86519999999996,1.5,13,32.7,34.4,34.4,5.1,41,hot,2017-08-15 13:00:00
position_2872,-1820.81,-499.86519999999996,1.5,13,35.0,45.17743129954772,34.4,5.1,41,hot,2017-08-15 13:00:00
position_2873,-1820.81,-489.86519999999996,1.5,13,36.3,51.58414514723658,34.4,5.1,41,hot,2017-08-15 13:00:00
position_2874,-1820.81,-479.86519999999996,1.5,13,32.7,34.4,34.4,5.1,41,hot,2017-08-15 13:00:00
position_2875,-1820.81,-469.86519999999996,1.5,13,32.7,34.4,34.4,5.1,41,hot,2017-08-15 13:00:00
position_2876,-1820.81,-459.86519999999996,1.5,13,36.9,54.06177057110078,34.4,5.1,41,hot,2017-08-15 13:00:00
position_2877,-1820.81,-449.86519999999996,1.5,13,32.7,34.4,34.4,5.1,41,hot,2017-08-15 13:00:00
position_2878,-1820.81,-439.86519999999996,1.5,13,32.7,34.4,34.4,5.1,41,hot,2017-08-15 13:00:00
position_2879,-1820.81,-429.86519999999996,1.5,13,37.0,54.77727487244142,34.4,5.1,41,hot,2017-08-15 13:00:00
position_2880,-1820.81,-419.86519999999996,1.5,13,37.1,54.925647972483056,34.4,5.1,41,hot,2017-08-15 13:00:00
position_2881,-1820.81,-409.86519999999996,1.5,13,36.9,54.007948762694916,34.4,5.1,41,hot,2017-08-15 13:00:00
position_2882,-1820.81,-399.86519999999996,1.5,13,36.2,50.93629717775904,34.4,5.1,41,hot,2017-08-15 13:00:00
position_2883,-1820.81,-389.86519999999996,1.5,13,35.7,48.3555496456382,34.4,5.1,41,hot,2017-08-15 13:00:00
position_2884,-1820.81,-379.86519999999996,1.5,13,36.5,52.18223451666485,34.4,5.1,41,hot,2017-08-15 13:00:00
position_2885,-1820.81,-369.86519999999996,1.5,13,35.7,48.74805361718074,34.4,5.1,41,hot,2017-08-15 13:00:00
position_2886,-1820.81,-359.86519999999996,1.5,13,35.1,45.91224421114971,34.4,5.1,41,hot,2017-08-15 13:00:00
position_2887,-1820.81,-349.86519999999996,1.5,13,34.3,41.93820955902397,34.4,5.1,41,hot,2017-08-15 13:00:00
position_2888,-1820.81,-339.86519999999996,1.5,13,34.6,43.19422991454526,34.4,5.1,41,hot,2017-08-15 13:00:00
position_2889,-1820.81,-329.86519999999996,1.5,13,32.7,34.4,34.4,5.1,41,hot,2017-08-15 13:00:00
position_2890,-1820.81,-319.86519999999996,1.5,13,32.7,34.4,34.4,5.1,41,hot,2017-08-15 13:00:00
position_2891,-1820.81,-309.86519999999996,1.5,13,35.6,48.13509255066931,34.4,5.1,41,hot,2017-08-15 13:00:00
position_2892,-1820.81,-299.86519999999996,1.5,13,36.3,51.52514681879992,34.4,5.1,41,hot,2017-08-15 13:00:00
position_2893,-1820.81,-289.86519999999996,1.5,13,36.5,52.44267767943397,34.4,5.1,41,hot,2017-08-15 13:00:00
position_2894,-1820.81,-279.86519999999996,1.5,13,36.8,53.56316616087817,34.4,5.1,41,hot,2017-08-15 13:00:00
position_2895,-1820.81,-269.86519999999996,1.5,13,36.6,52.80095772724737,34.4,5.1,41,hot,2017-08-15 13:00:00
position_2896,-1820.81,-259.86519999999996,1.5,13,32.7,34.4,34.4,5.1,41,hot,2017-08-15 13:00:00
position_2897,-1820.81,-249.86519999999996,1.5,13,32.7,34.4,34.4,5.1,41,hot,2017-08-15 13:00:00
position_2898,-1820.81,-239.86519999999996,1.5,13,35.7,48.338126940193064,34.4,5.1,41,hot,2017-08-15 13:00:00
position_2899,-1820.81,-229.86519999999996,1.5,13,35.2,46.14040234122413,34.4,5.1,41,hot,2017-08-15 13:00:00
position_2900,-1820.81,-219.86519999999996,1.5,13,32.7,34.4,34.4,5.1,41,hot,2017-08-15 13:00:00
position_2901,-1820.81,-209.86519999999996,1.5,13,32.7,34.4,34.4,5.1,41,hot,2017-08-15 13:00:00
position_2902,-1820.81,-199.86519999999996,1.5,13,35.4,47.04284287983831,34.4,5.1,41,hot,2017-08-15 13:00:00
position_2903,-1820.81,-189.86519999999996,1.5,13,39.1,64.20005943512696,34.4,5.1,41,very_hot,2017-08-15 13:00:00
position_2904,-1810.81,-619.8652,1.5,13,37.1,55.10114498375487,34.4,5.1,41,hot,2017-08-15 13:00:00
position_2905,-1810.81,-609.8652,1.5,13,32.7,34.4,34.4,5.1,41,hot,2017-08-15 13:00:00
position_2906,-1810.81,-599.8652,1.5,13,37.1,54.94782272743111,34.4,5.1,41,hot,2017-08-15 13:00:00
position_2907,-1810.81,-589.8652,1.5,13,37.4,56.280843758818165,34.4,5.1,41,hot,2017-08-15 13:00:00
position_2908,-1810.81,-579.8652,1.5,13,37.4,56.48396972878238,34.4,5.1,41,hot,2017-08-15 13:00:00
position_2909,-1810.81,-569.8652,1.5,13,37.4,56.632342828824015,34.4,5.1,41,hot,2017-08-15 13:00:00
position_2910,-1810.81,-559.8652,1.5,13,37.5,56.7874969066732,34.4,5.1,41,hot,2017-08-15 13:00:00
position_2911,-1810.81,-549.8652,1.5,13,37.3,56.025288473042394,34.4,5.1,41,hot,2017-08-15 13:00:00
position_2912,-1810.81,-539.8652,1.5,13,37.3,56.173661573084026,34.4,5.1,41,hot,2017-08-15 13:00:00
position_2913,-1810.81,-529.8652,1.5,13,37.4,56.632342828824015,34.4,5.1,41,hot,2017-08-15 13:00:00
position_2914,-1810.81,-519.8652,1.5,13,37.3,56.19400450650666,34.4,5.1,41,hot,2017-08-15 13:00:00
position_2915,-1810.81,-509.86519999999996,1.5,13,32.7,34.4,34.4,5.1,41,hot,2017-08-15 13:00:00
position_2916,-1810.81,-499.86519999999996,1.5,13,35.0,45.43662151457514,34.4,5.1,41,hot,2017-08-15 13:00:00
position_2917,-1810.81,-489.86519999999996,1.5,13,35.6,48.29336169822472,34.4,5.1,41,hot,2017-08-15 13:00:00
position_2918,-1810.81,-479.86519999999996,1.5,13,36.9,54.17683314531325,34.4,5.1,41,hot,2017-08-15 13:00:00
position_2919,-1810.81,-469.86519999999996,1.5,13,32.7,34.4,34.4,5.1,41,hot,2017-08-15 13:00:00
position_2920,-1810.81,-459.86519999999996,1.5,13,37.2,55.708199339536485,34.4,5.1,41,hot,2017-08-15 13:00:00
position_2921,-1810.81,-449.86519999999996,1.5,13,32.7,34.4,34.4,5.1,41,hot,2017-08-15 13:00:00
position_2922,-1810.81,-439.86519999999996,1.5,13,32.7,34.4,34.4,5.1,41,hot,2017-08-15 13:00:00
position_2923,-1810.81,-429.86519999999996,1.5,13,37.2,55.518803674341434,34.4,5.1,41,hot,2017-08-15 13:00:00
position_2924,-1810.81,-419.86519999999996,1.5,13,37.1,55.09436400594731,34.4,5.1,41,hot,2017-08-15 13:00:00
position_2925,-1810.81,-409.86519999999996,1.5,13,36.4,51.683492735425226,34.4,5.1,41,hot,2017-08-15 13:00:00
position_2926,-1810.81,-399.86519999999996,1.5,13,34.7,44.02174136565207,34.4,5.1,41,hot,2017-08-15 13:00:00
position_2927,-1810.81,-389.86519999999996,1.5,13,35.5,47.76282159115054,34.4,5.1,41,hot,2017-08-15 13:00:00
position_2928,-1810.81,-379.86519999999996,1.5,13,32.7,34.4,34.4,5.1,41,hot,2017-08-15 13:00:00
position_2929,-1810.81,-369.86519999999996,1.5,13,32.7,34.4,34.4,5.1,41,hot,2017-08-15 13:00:00
position_2930,-1810.81,-359.86519999999996,1.5,13,32.7,34.4,34.4,5.1,41,hot,2017-08-15 13:00:00
position_2931,-1810.81,-349.86519999999996,1.5,13,32.7,34.4,34.4,5.1,41,hot,2017-08-15 13:00:00
position_2932,-1810.81,-339.86519999999996,1.5,13,35.0,45.183177277208635,34.4,5.1,41,hot,2017-08-15 13:00:00
position_2933,-1810.81,-329.86519999999996,1.5,13,32.7,34.4,34.4,5.1,41,hot,2017-08-15 13:00:00
position_2934,-1810.81,-319.86519999999996,1.5,13,32.7,34.4,34.4,5.1,41,hot,2017-08-15 13:00:00
position_2935,-1810.81,-309.86519999999996,1.5,13,35.5,47.53381134282122,34.4,5.1,41,hot,2017-08-15 13:00:00
position_2936,-1810.81,-299.86519999999996,1.5,13,36.2,50.92482765060559,34.4,5.1,41,hot,2017-08-15 13:00:00
position_2937,-1810.81,-289.86519999999996,1.5,13,36.3,51.4489537793321,34.4,5.1,41,hot,2017-08-15 13:00:00
position_2938,-1810.81,-279.86519999999996,1.5,13,36.7,53.38750080045229,34.4,5.1,41,hot,2017-08-15 13:00:00
position_2939,-1810.81,-269.86519999999996,1.5,13,36.6,52.949330827289,34.4,5.1,41,hot,2017-08-15 13:00:00
position_2940,-1810.81,-259.86519999999996,1.5,13,32.7,34.4,34.4,5.1,41,hot,2017-08-15 13:00:00
position_2941,-1810.81,-249.86519999999996,1.5,13,32.7,34.4,34.4,5.1,41,hot,2017-08-15 13:00:00
position_2942,-1810.81,-239.86519999999996,1.5,13,35.9,49.35925084752985,34.4,5.1,41,hot,2017-08-15 13:00:00
position_2943,-1810.81,-229.86519999999996,1.5,13,35.2,45.974985216045,34.4,5.1,41,hot,2017-08-15 13:00:00
position_2944,-1810.81,-219.86519999999996,1.5,13,32.7,34.4,34.4,5.1,41,hot,2017-08-15 13:00:00
position_2945,-1810.81,-209.86519999999996,1.5,13,32.7,34.4,34.4,5.1,41,hot,2017-08-15 13:00:00
position_2946,-1810.81,-199.86519999999996,1.5,13,35.5,47.50169248473238,34.4,5.1,41,hot,2017-08-15 13:00:00
position_2947,-1810.81,-189.86519999999996,1.5,13,39.2,64.66223824945787,34.4,5.1,41,very_hot,2017-08-15 13:00:00
position_2948,-1800.81,-619.8652,1.5,13,37.1,55.02331433382505,34.4,5.1,41,hot,2017-08-15 13:00:00
position_2949,-1800.81,-609.8652,1.5,13,36.1,50.5282265950721,34.4,5.1,41,hot,2017-08-15 13:00:00
position_2950,-1800.81,-599.8652,1.5,13,32.7,34.4,34.4,5.1,41,hot,2017-08-15 13:00:00
position_2951,-1800.81,-589.8652,1.5,13,36.6,52.60570833718443,34.4,5.1,41,hot,2017-08-15 13:00:00
position_2952,-1800.81,-579.8652,1.5,13,37.3,55.81521317611654,34.4,5.1,41,hot,2017-08-15 13:00:00
position_2953,-1800.81,-569.8652,1.5,13,37.5,56.7874969066732,34.4,5.1,41,hot,2017-08-15 13:00:00
position_2954,-1800.81,-559.8652,1.5,13,37.4,56.632342828824015,34.4,5.1,41,hot,2017-08-15 13:00:00
position_2955,-1800.81,-549.8652,1.5,13,37.4,56.632342828824015,34.4,5.1,41,hot,2017-08-15 13:00:00
position_2956,-1800.81,-539.8652,1.5,13,37.4,56.47718875097484,34.4,5.1,41,hot,2017-08-15 13:00:00
position_2957,-1800.81,-529.8652,1.5,13,37.5,56.7874969066732,34.4,5.1,41,hot,2017-08-15 13:00:00
position_2958,-1800.81,-519.8652,1.5,13,37.5,56.7874969066732,34.4,5.1,41,hot,2017-08-15 13:00:00
position_2959,-1800.81,-509.86519999999996,1.5,13,32.7,34.4,34.4,5.1,41,hot,2017-08-15 13:00:00
position_2960,-1800.81,-499.86519999999996,1.5,13,32.7,34.4,34.4,5.1,41,hot,2017-08-15 13:00:00
position_2961,-1800.81,-489.86519999999996,1.5,13,36.1,50.499391156199884,34.4,5.1,41,hot,2017-08-15 13:00:00
position_2962,-1800.81,-479.86519999999996,1.5,13,36.8,53.670348346612315,34.4,5.1,41,hot,2017-08-15 13:00:00
position_2963,-1800.81,-469.86519999999996,1.5,13,35.3,46.62471170799167,34.4,5.1,41,hot,2017-08-15 13:00:00
position_2964,-1800.81,-459.86519999999996,1.5,13,37.1,54.925647972483056,34.4,5.1,41,hot,2017-08-15 13:00:00
position_2965,-1800.81,-449.86519999999996,1.5,13,36.6,52.75199349397053,34.4,5.1,41,hot,2017-08-15 13:00:00
position_2966,-1800.81,-439.86519999999996,1.5,13,36.5,52.321826467863126,34.4,5.1,41,hot,2017-08-15 13:00:00
position_2967,-1800.81,-429.86519999999996,1.5,13,37.0,54.62073047618983,34.4,5.1,41,hot,2017-08-15 13:00:00
position_2968,-1800.81,-419.86519999999996,1.5,13,37.0,54.81117976147914,34.4,5.1,41,hot,2017-08-15 13:00:00
position_2969,-1800.81,-409.86519999999996,1.5,13,36.4,51.859341256732066,34.4,5.1,41,hot,2017-08-15 13:00:00
position_2970,-1800.81,-399.86519999999996,1.5,13,35.1,45.82326293229188,34.4,5.1,41,hot,2017-08-15 13:00:00
position_2971,-1800.81,-389.86519999999996,1.5,13,35.8,49.21990265880333,34.4,5.1,41,hot,2017-08-15 13:00:00
position_2972,-1800.81,-379.86519999999996,1.5,13,35.4,46.9627063397705,34.4,5.1,41,hot,2017-08-15 13:00:00
position_2973,-1800.81,-369.86519999999996,1.5,13,32.7,34.4,34.4,5.1,41,hot,2017-08-15 13:00:00
position_2974,-1800.81,-359.86519999999996,1.5,13,32.7,34.4,34.4,5.1,41,hot,2017-08-15 13:00:00
position_2975,-1800.81,-349.86519999999996,1.5,13,34.1,41.03407678970071,34.4,5.1,41,hot,2017-08-15 13:00:00
position_2976,-1800.81,-339.86519999999996,1.5,13,35.7,48.56509122762263,34.4,5.1,41,hot,2017-08-15 13:00:00
position_2977,-1800.81,-329.86519999999996,1.5,13,32.7,34.4,34.4,5.1,41,hot,2017-08-15 13:00:00
position_2978,-1800.81,-319.86519999999996,1.5,13,32.7,34.4,34.4,5.1,41,hot,2017-08-15 13:00:00
position_2979,-1800.81,-309.86519999999996,1.5,13,35.5,47.68004622418097,34.4,5.1,41,hot,2017-08-15 13:00:00
position_2980,-1800.81,-299.86519999999996,1.5,13,36.4,51.835454974498276,34.4,5.1,41,hot,2017-08-15 13:00:00
position_2981,-1800.81,-289.86519999999996,1.5,13,36.6,52.949330827289,34.4,5.1,41,hot,2017-08-15 13:00:00
position_2982,-1800.81,-279.86519999999996,1.5,13,36.8,53.70475828311227,34.4,5.1,41,hot,2017-08-15 13:00:00
position_2983,-1800.81,-269.86519999999996,1.5,13,36.7,53.25285800517982,34.4,5.1,41,hot,2017-08-15 13:00:00
position_2984,-1800.81,-259.86519999999996,1.5,13,32.7,34.4,34.4,5.1,41,hot,2017-08-15 13:00:00
position_2985,-1800.81,-249.86519999999996,1.5,13,32.7,34.4,34.4,5.1,41,hot,2017-08-15 13:00:00
position_2986,-1800.81,-239.86519999999996,1.5,13,35.8,49.09590675371621,34.4,5.1,41,hot,2017-08-15 13:00:00
position_2987,-1800.81,-229.86519999999996,1.5,13,35.2,46.29905397766424,34.4,5.1,41,hot,2017-08-15 13:00:00
position_2988,-1800.81,-219.86519999999996,1.5,13,32.7,34.4,34.4,5.1,41,hot,2017-08-15 13:00:00
position_2989,-1800.81,-209.86519999999996,1.5,13,32.7,34.4,34.4,5.1,41,hot,2017-08-15 13:00:00
position_2990,-1800.81,-199.86519999999996,1.5,13,35.1,45.96482856123872,34.4,5.1,41,hot,2017-08-15 13:00:00
position_2991,-1800.81,-189.86519999999996,1.5,13,39.2,64.6418192246633,34.4,5.1,41,very_hot,2017-08-15 13:00:00
position_2992,-1790.81,-619.8652,1.5,13,37.3,55.84945476346242,34.4,5.1,41,hot,2017-08-15 13:00:00
position_2993,-1790.81,-609.8652,1.5,13,36.6,52.65142012938173,34.4,5.1,41,hot,2017-08-15 13:00:00
position_2994,-1790.81,-599.8652,1.5,13,36.4,51.684806284401425,34.4,5.1,41,hot,2017-08-15 13:00:00
position_2995,-1790.81,-589.8652,1.5,13,36.6,52.57373133496242,34.4,5.1,41,hot,2017-08-15 13:00:00
position_2996,-1790.81,-579.8652,1.5,13,37.0,54.61851235827155,34.4,5.1,41,hot,2017-08-15 13:00:00
position_2997,-1790.81,-569.8652,1.5,13,37.4,56.63912380663156,34.4,5.1,41,hot,2017-08-15 13:00:00
position_2998,-1790.81,-559.8652,1.5,13,37.5,56.7874969066732,34.4,5.1,41,hot,2017-08-15 13:00:00
position_2999,-1790.81,-549.8652,1.5,13,37.4,56.47718875097484,34.4,5.1,41,hot,2017-08-15 13:00:00
position_3000,-1790.81,-539.8652,1.5,13,37.3,56.15315029050731,34.4,5.1,41,hot,2017-08-15 13:00:00
position_3001,-1790.81,-529.8652,1.5,13,37.4,56.32881565093321,34.4,5.1,41,hot,2017-08-15 13:00:00
position_3002,-1790.81,-519.8652,1.5,13,37.4,56.632342828824015,34.4,5.1,41,hot,2017-08-15 13:00:00
position_3003,-1790.81,-509.86519999999996,1.5,13,32.7,34.4,34.4,5.1,41,hot,2017-08-15 13:00:00
position_3004,-1790.81,-499.86519999999996,1.5,13,32.7,34.4,34.4,5.1,41,hot,2017-08-15 13:00:00
position_3005,-1790.81,-489.86519999999996,1.5,13,37.1,55.25629906160404,34.4,5.1,41,hot,2017-08-15 13:00:00
position_3006,-1790.81,-479.86519999999996,1.5,13,32.7,34.4,34.4,5.1,41,hot,2017-08-15 13:00:00
position_3007,-1790.81,-469.86519999999996,1.5,13,32.7,34.4,34.4,5.1,41,hot,2017-08-15 13:00:00
position_3008,-1790.81,-459.86519999999996,1.5,13,32.7,34.4,34.4,5.1,41,hot,2017-08-15 13:00:00
position_3009,-1790.81,-449.86519999999996,1.5,13,36.0,49.73808796778388,34.4,5.1,41,hot,2017-08-15 13:00:00
position_3010,-1790.81,-439.86519999999996,1.5,13,36.3,51.571514253138226,34.4,5.1,41,hot,2017-08-15 13:00:00
position_3011,-1790.81,-429.86519999999996,1.5,13,36.7,53.42123734033592,34.4,5.1,41,hot,2017-08-15 13:00:00
position_3012,-1790.81,-419.86519999999996,1.5,13,36.2,51.066599125856186,34.4,5.1,41,hot,2017-08-15 13:00:00
position_3013,-1790.81,-409.86519999999996,1.5,13,36.4,52.00539297721087,34.4,5.1,41,hot,2017-08-15 13:00:00
position_3014,-1790.81,-399.86519999999996,1.5,13,36.3,51.27565332399513,34.4,5.1,41,hot,2017-08-15 13:00:00
position_3015,-1790.81,-389.86519999999996,1.5,13,36.6,52.66707764398124,34.4,5.1,41,hot,2017-08-15 13:00:00
position_3016,-1790.81,-379.86519999999996,1.5,13,36.7,53.062072021582345,34.4,5.1,41,hot,2017-08-15 13:00:00
position_3017,-1790.81,-369.86519999999996,1.5,13,36.7,53.077269413467526,34.4,5.1,41,hot,2017-08-15 13:00:00
position_3018,-1790.81,-359.86519999999996,1.5,13,36.8,53.86669333876899,34.4,5.1,41,hot,2017-08-15 13:00:00
position_3019,-1790.81,-349.86519999999996,1.5,13,36.8,53.89381724999917,34.4,5.1,41,hot,2017-08-15 13:00:00
position_3020,-1790.81,-339.86519999999996,1.5,13,36.5,52.159279295591475,34.4,5.1,41,hot,2017-08-15 13:00:00
position_3021,-1790.81,-329.86519999999996,1.5,13,35.1,45.54813190994962,34.4,5.1,41,hot,2017-08-15 13:00:00
position_3022,-1790.81,-319.86519999999996,1.5,13,32.7,34.4,34.4,5.1,41,hot,2017-08-15 13:00:00
position_3023,-1790.81,-309.86519999999996,1.5,13,35.7,48.61113971741547,34.4,5.1,41,hot,2017-08-15 13:00:00
position_3024,-1790.81,-299.86519999999996,1.5,13,36.5,52.130062955899646,34.4,5.1,41,hot,2017-08-15 13:00:00
position_3025,-1790.81,-289.86519999999996,1.5,13,36.7,53.239127700410656,34.4,5.1,41,hot,2017-08-15 13:00:00
position_3026,-1790.81,-279.86519999999996,1.5,13,36.8,53.55638518307063,34.4,5.1,41,hot,2017-08-15 13:00:00
position_3027,-1790.81,-269.86519999999996,1.5,13,36.6,52.638854322436565,34.4,5.1,41,hot,2017-08-15 13:00:00
position_3028,-1790.81,-259.86519999999996,1.5,13,32.7,34.4,34.4,5.1,41,hot,2017-08-15 13:00:00
position_3029,-1790.81,-249.86519999999996,1.5,13,32.7,34.4,34.4,5.1,41,hot,2017-08-15 13:00:00
position_3030,-1790.81,-239.86519999999996,1.5,13,36.1,50.614473704687,34.4,5.1,41,hot,2017-08-15 13:00:00
position_3031,-1790.81,-229.86519999999996,1.5,13,35.5,47.677450102940405,34.4,5.1,41,hot,2017-08-15 13:00:00
position_3032,-1790.81,-219.86519999999996,1.5,13,32.7,34.4,34.4,5.1,41,hot,2017-08-15 13:00:00
position_3033,-1790.81,-209.86519999999996,1.5,13,32.7,34.4,34.4,5.1,41,hot,2017-08-15 13:00:00
position_3034,-1790.81,-199.86519999999996,1.5,13,35.4,47.35361029242236,34.4,5.1,41,hot,2017-08-15 13:00:00
position_3035,-1790.81,-189.86519999999996,1.5,13,39.4,65.30923124914696,34.4,5.1,41,very_hot,2017-08-15 13:00:00
position_3036,-1780.81,-619.8652,1.5,13,37.4,56.63912380663156,34.4,5.1,41,hot,2017-08-15 13:00:00
position_3037,-1780.81,-609.8652,1.5,13,37.3,55.83572445869325,34.4,5.1,41,hot,2017-08-15 13:00:00
position_3038,-1780.81,-599.8652,1.5,13,36.8,53.517026089932244,34.4,5.1,41,hot,2017-08-15 13:00:00
position_3039,-1780.81,-589.8652,1.5,13,37.2,55.491174715649024,34.4,5.1,41,hot,2017-08-15 13:00:00
position_3040,-1780.81,-579.8652,1.5,13,37.2,55.537970428735974,34.4,5.1,41,hot,2017-08-15 13:00:00
position_3041,-1780.81,-569.8652,1.5,13,37.3,56.16903362568524,34.4,5.1,41,hot,2017-08-15 13:00:00
position_3042,-1780.81,-559.8652,1.5,13,37.4,56.32881565093321,34.4,5.1,41,hot,2017-08-15 13:00:00
position_3043,-1780.81,-549.8652,1.5,13,37.3,55.86330762716543,34.4,5.1,41,hot,2017-08-15 13:00:00
position_3044,-1780.81,-539.8652,1.5,13,37.1,55.28385125158285,34.4,5.1,41,hot,2017-08-15 13:00:00
position_3045,-1780.81,-529.8652,1.5,13,37.2,55.40467216164567,34.4,5.1,41,hot,2017-08-15 13:00:00
position_3046,-1780.81,-519.8652,1.5,13,37.3,56.011726517427306,34.4,5.1,41,hot,2017-08-15 13:00:00
position_3047,-1780.81,-509.86519999999996,1.5,13,32.7,34.4,34.4,5.1,41,hot,2017-08-15 13:00:00
position_3048,-1780.81,-499.86519999999996,1.5,13,32.7,34.4,34.4,5.1,41,hot,2017-08-15 13:00:00
position_3049,-1780.81,-489.86519999999996,1.5,13,37.2,55.54626428387977,34.4,5.1,41,hot,2017-08-15 13:00:00
position_3050,-1780.81,-479.86519999999996,1.5,13,36.9,54.008285461003084,34.4,5.1,41,hot,2017-08-15 13:00:00
position_3051,-1780.81,-469.86519999999996,1.5,13,32.7,34.4,34.4,5.1,41,hot,2017-08-15 13:00:00
position_3052,-1780.81,-459.86519999999996,1.5,13,32.7,34.4,34.4,5.1,41,hot,2017-08-15 13:00:00
position_3053,-1780.81,-449.86519999999996,1.5,13,34.6,43.23182720461524,34.4,5.1,41,hot,2017-08-15 13:00:00
position_3054,-1780.81,-439.86519999999996,1.5,13,34.4,42.57696930587266,34.4,5.1,41,hot,2017-08-15 13:00:00
position_3055,-1780.81,-429.86519999999996,1.5,13,36.1,50.60304929005582,34.4,5.1,41,hot,2017-08-15 13:00:00
position_3056,-1780.81,-419.86519999999996,1.5,13,36.5,52.457293255143306,34.4,5.1,41,hot,2017-08-15 13:00:00
position_3057,-1780.81,-409.86519999999996,1.5,13,35.7,48.42170926621891,34.4,5.1,41,hot,2017-08-15 13:00:00
position_3058,-1780.81,-399.86519999999996,1.5,13,34.9,44.77469390448529,34.4,5.1,41,hot,2017-08-15 13:00:00
position_3059,-1780.81,-389.86519999999996,1.5,13,35.8,49.16968167063295,34.4,5.1,41,hot,2017-08-15 13:00:00
position_3060,-1780.81,-379.86519999999996,1.5,13,35.7,48.569413455206636,34.4,5.1,41,hot,2017-08-15 13:00:00
position_3061,-1780.81,-369.86519999999996,1.5,13,35.0,45.355805013270945,34.4,5.1,41,hot,2017-08-15 13:00:00
position_3062,-1780.81,-359.86519999999996,1.5,13,36.9,54.31181263889389,34.4,5.1,41,hot,2017-08-15 13:00:00
position_3063,-1780.81,-349.86519999999996,1.5,13,36.2,51.100707150405796,34.4,5.1,41,hot,2017-08-15 13:00:00
position_3064,-1780.81,-339.86519999999996,1.5,13,36.1,50.24264651298539,34.4,5.1,41,hot,2017-08-15 13:00:00
position_3065,-1780.81,-329.86519999999996,1.5,13,35.2,46.07405290036445,34.4,5.1,41,hot,2017-08-15 13:00:00
position_3066,-1780.81,-319.86519999999996,1.5,13,35.4,47.05002251222813,34.4,5.1,41,hot,2017-08-15 13:00:00
position_3067,-1780.81,-309.86519999999996,1.5,13,36.5,52.311149954224035,34.4,5.1,41,hot,2017-08-15 13:00:00
position_3068,-1780.81,-299.86519999999996,1.5,13,36.7,53.37027293709219,34.4,5.1,41,hot,2017-08-15 13:00:00
position_3069,-1780.81,-289.86519999999996,1.5,13,36.3,51.41342826610746,34.4,5.1,41,hot,2017-08-15 13:00:00
position_3070,-1780.81,-279.86519999999996,1.5,13,36.7,53.090754600369024,34.4,5.1,41,hot,2017-08-15 13:00:00
position_3071,-1780.81,-269.86519999999996,1.5,13,36.4,51.68279062500969,34.4,5.1,41,hot,2017-08-15 13:00:00
position_3072,-1780.81,-259.86519999999996,1.5,13,36.2,50.734210016162194,34.4,5.1,41,hot,2017-08-15 13:00:00
position_3073,-1780.81,-249.86519999999996,1.5,13,36.2,50.887302644043096,34.4,5.1,41,hot,2017-08-15 13:00:00
position_3074,-1780.81,-239.86519999999996,1.5,13,36.0,50.17618117258988,34.4,5.1,41,hot,2017-08-15 13:00:00
position_3075,-1780.81,-229.86519999999996,1.5,13,35.5,47.57825469785197,34.4,5.1,41,hot,2017-08-15 13:00:00
position_3076,-1780.81,-219.86519999999996,1.5,13,35.4,46.97431391492632,34.4,5.1,41,hot,2017-08-15 13:00:00
position_3077,-1780.81,-209.86519999999996,1.5,13,35.6,48.12334760414017,34.4,5.1,41,hot,2017-08-15 13:00:00
position_3078,-1780.81,-199.86519999999996,1.5,13,35.9,49.687809508189204,34.4,5.1,41,hot,2017-08-15 13:00:00
position_3079,-1780.81,-189.86519999999996,1.5,13,39.8,67.45892267635578,34.4,5.1,41,very_hot,2017-08-15 13:00:00
position_3080,-1770.81,-619.8652,1.5,13,37.5,56.7874969066732,34.4,5.1,41,hot,2017-08-15 13:00:00
position_3081,-1770.81,-609.8652,1.5,13,37.4,56.49075070658992,34.4,5.1,41,hot,2017-08-15 13:00:00
position_3082,-1770.81,-599.8652,1.5,13,37.2,55.59748861671805,34.4,5.1,41,hot,2017-08-15 13:00:00
position_3083,-1770.81,-589.8652,1.5,13,37.2,55.407542791538496,34.4,5.1,41,hot,2017-08-15 13:00:00
position_3084,-1770.81,-579.8652,1.5,13,37.3,55.90428440209862,34.4,5.1,41,hot,2017-08-15 13:00:00
position_3085,-1770.81,-569.8652,1.5,13,37.3,56.03338300053875,34.4,5.1,41,hot,2017-08-15 13:00:00
position_3086,-1770.81,-559.8652,1.5,13,37.4,56.632342828824015,34.4,5.1,41,hot,2017-08-15 13:00:00
position_3087,-1770.81,-549.8652,1.5,13,37.4,56.632342828824015,34.4,5.1,41,hot,2017-08-15 13:00:00
position_3088,-1770.81,-539.8652,1.5,13,37.4,56.332267419303896,34.4,5.1,41,hot,2017-08-15 13:00:00
position_3089,-1770.81,-529.8652,1.5,13,37.3,56.19757883381119,34.4,5.1,41,hot,2017-08-15 13:00:00
position_3090,-1770.81,-519.8652,1.5,13,37.2,55.708199339536485,34.4,5.1,41,hot,2017-08-15 13:00:00
position_3091,-1770.81,-509.86519999999996,1.5,13,32.7,34.4,34.4,5.1,41,hot,2017-08-15 13:00:00
position_3092,-1770.81,-499.86519999999996,1.5,13,36.9,54.14987758323717,34.4,5.1,41,hot,2017-08-15 13:00:00
position_3093,-1770.81,-489.86519999999996,1.5,13,37.0,54.6628066614375,34.4,5.1,41,hot,2017-08-15 13:00:00
position_3094,-1770.81,-479.86519999999996,1.5,13,36.6,52.604398595716376,34.4,5.1,41,hot,2017-08-15 13:00:00
position_3095,-1770.81,-469.86519999999996,1.5,13,36.2,50.80834377985363,34.4,5.1,41,hot,2017-08-15 13:00:00
position_3096,-1770.81,-459.86519999999996,1.5,13,36.1,50.357206213927526,34.4,5.1,41,hot,2017-08-15 13:00:00
position_3097,-1770.81,-449.86519999999996,1.5,13,34.1,40.7621589375867,34.4,5.1,41,hot,2017-08-15 13:00:00
position_3098,-1770.81,-439.86519999999996,1.5,13,34.0,40.70757441681818,34.4,5.1,41,hot,2017-08-15 13:00:00
position_3099,-1770.81,-429.86519999999996,1.5,13,36.1,50.47395069125938,34.4,5.1,41,hot,2017-08-15 13:00:00
position_3100,-1770.81,-419.86519999999996,1.5,13,36.9,53.927722139036874,34.4,5.1,41,hot,2017-08-15 13:00:00
position_3101,-1770.81,-409.86519999999996,1.5,13,35.8,48.90504400140514,34.4,5.1,41,hot,2017-08-15 13:00:00
position_3102,-1770.81,-399.86519999999996,1.5,13,34.1,41.07297214074729,34.4,5.1,41,hot,2017-08-15 13:00:00
position_3103,-1770.81,-389.86519999999996,1.5,13,35.4,46.914950761221675,34.4,5.1,41,hot,2017-08-15 13:00:00
position_3104,-1770.81,-379.86519999999996,1.5,13,35.8,49.0074298909427,34.4,5.1,41,hot,2017-08-15 13:00:00
position_3105,-1770.81,-369.86519999999996,1.5,13,32.7,34.4,34.4,5.1,41,hot,2017-08-15 13:00:00
position_3106,-1770.81,-359.86519999999996,1.5,13,37.1,55.235956128181414,34.4,5.1,41,hot,2017-08-15 13:00:00
position_3107,-1770.81,-349.86519999999996,1.5,13,32.7,34.4,34.4,5.1,41,hot,2017-08-15 13:00:00
position_3108,-1770.81,-339.86519999999996,1.5,13,32.7,34.4,34.4,5.1,41,hot,2017-08-15 13:00:00
position_3109,-1770.81,-329.86519999999996,1.5,13,36.1,50.29762901135082,34.4,5.1,41,hot,2017-08-15 13:00:00
position_3110,-1770.81,-319.86519999999996,1.5,13,35.9,49.544553913227446,34.4,5.1,41,hot,2017-08-15 13:00:00
position_3111,-1770.81,-309.86519999999996,1.5,13,36.8,53.57672811649326,34.4,5.1,41,hot,2017-08-15 13:00:00
position_3112,-1770.81,-299.86519999999996,1.5,13,36.7,53.38071982264475,34.4,5.1,41,hot,2017-08-15 13:00:00
position_3113,-1770.81,-289.86519999999996,1.5,13,36.6,52.78385242282112,34.4,5.1,41,hot,2017-08-15 13:00:00
position_3114,-1770.81,-279.86519999999996,1.5,13,36.5,52.15966178411986,34.4,5.1,41,hot,2017-08-15 13:00:00
position_3115,-1770.81,-269.86519999999996,1.5,13,36.1,50.48346583866618,34.4,5.1,41,hot,2017-08-15 13:00:00
position_3116,-1770.81,-259.86519999999996,1.5,13,35.0,45.05969896661648,34.4,5.1,41,hot,2017-08-15 13:00:00
position_3117,-1770.81,-249.86519999999996,1.5,13,35.1,45.85718711861889,34.4,5.1,41,hot,2017-08-15 13:00:00
position_3118,-1770.81,-239.86519999999996,1.5,13,35.8,48.903776242292864,34.4,5.1,41,hot,2017-08-15 13:00:00
position_3119,-1770.81,-229.86519999999996,1.5,13,34.8,44.16489369861295,34.4,5.1,41,hot,2017-08-15 13:00:00
position_3120,-1770.81,-219.86519999999996,1.5,13,34.1,41.04332752230684,34.4,5.1,41,hot,2017-08-15 13:00:00
position_3121,-1770.81,-209.86519999999996,1.5,13,34.8,44.53427477726969,34.4,5.1,41,hot,2017-08-15 13:00:00
position_3122,-1770.81,-199.86519999999996,1.5,13,35.0,45.207197799580356,34.4,5.1,41,hot,2017-08-15 13:00:00
position_3123,-1770.81,-189.86519999999996,1.5,13,39.8,67.42801029844674,34.4,5.1,41,very_hot,2017-08-15 13:00:00
position_3124,-1760.81,-619.8652,1.5,13,37.5,56.7874969066732,34.4,5.1,41,hot,2017-08-15 13:00:00
position_3125,-1760.81,-609.8652,1.5,13,37.4,56.632342828824015,34.4,5.1,41,hot,2017-08-15 13:00:00
position_3126,-1760.81,-599.8652,1.5,13,37.4,56.63912380663156,34.4,5.1,41,hot,2017-08-15 13:00:00
position_3127,-1760.81,-589.8652,1.5,13,37.4,56.48396972878238,34.4,5.1,41,hot,2017-08-15 13:00:00
position_3128,-1760.81,-579.8652,1.5,13,37.3,56.025288473042394,34.4,5.1,41,hot,2017-08-15 13:00:00
position_3129,-1760.81,-569.8652,1.5,13,37.4,56.632342828824015,34.4,5.1,41,hot,2017-08-15 13:00:00
position_3130,-1760.81,-559.8652,1.5,13,37.4,56.632342828824015,34.4,5.1,41,hot,2017-08-15 13:00:00
position_3131,-1760.81,-549.8652,1.5,13,37.4,56.632342828824015,34.4,5.1,41,hot,2017-08-15 13:00:00
position_3132,-1760.81,-539.8652,1.5,13,37.3,56.15315029050731,34.4,5.1,41,hot,2017-08-15 13:00:00
position_3133,-1760.81,-529.8652,1.5,13,37.3,56.03219200978377,34.4,5.1,41,hot,2017-08-15 13:00:00
position_3134,-1760.81,-519.8652,1.5,13,37.3,55.86335341738567,34.4,5.1,41,hot,2017-08-15 13:00:00
position_3135,-1760.81,-509.86519999999996,1.5,13,36.5,52.287186903276634,34.4,5.1,41,hot,2017-08-15 13:00:00
position_3136,-1760.81,-499.86519999999996,1.5,13,37.0,54.763207869364095,34.4,5.1,41,hot,2017-08-15 13:00:00
position_3137,-1760.81,-489.86519999999996,1.5,13,36.1,50.62345350312353,34.4,5.1,41,hot,2017-08-15 13:00:00
position_3138,-1760.81,-479.86519999999996,1.5,13,34.7,43.80201287367337,34.4,5.1,41,hot,2017-08-15 13:00:00
position_3139,-1760.81,-469.86519999999996,1.5,13,34.6,43.37986360634872,34.4,5.1,41,hot,2017-08-15 13:00:00
position_3140,-1760.81,-459.86519999999996,1.5,13,35.0,45.42214389672222,34.4,5.1,41,hot,2017-08-15 13:00:00
position_3141,-1760.81,-449.86519999999996,1.5,13,33.8,39.4454938131399,34.4,5.1,41,hot,2017-08-15 13:00:00
position_3142,-1760.81,-439.86519999999996,1.5,13,34.2,41.31119181595599,34.4,5.1,41,hot,2017-08-15 13:00:00
position_3143,-1760.81,-429.86519999999996,1.5,13,36.5,52.28006922716093,34.4,5.1,41,hot,2017-08-15 13:00:00
position_3144,-1760.81,-419.86519999999996,1.5,13,37.1,54.966333839328314,34.4,5.1,41,hot,2017-08-15 13:00:00
position_3145,-1760.81,-409.86519999999996,1.5,13,36.1,50.597031701952574,34.4,5.1,41,hot,2017-08-15 13:00:00
position_3146,-1760.81,-399.86519999999996,1.5,13,34.1,41.14363714979295,34.4,5.1,41,hot,2017-08-15 13:00:00
position_3147,-1760.81,-389.86519999999996,1.5,13,34.4,42.611088334284695,34.4,5.1,41,hot,2017-08-15 13:00:00
position_3148,-1760.81,-379.86519999999996,1.5,13,36.1,50.276459821582634,34.4,5.1,41,hot,2017-08-15 13:00:00
position_3149,-1760.81,-369.86519999999996,1.5,13,32.7,34.4,34.4,5.1,41,hot,2017-08-15 13:00:00
position_3150,-1760.81,-359.86519999999996,1.5,13,37.1,54.925647972483056,34.4,5.1,41,hot,2017-08-15 13:00:00
position_3151,-1760.81,-349.86519999999996,1.5,13,32.7,34.4,34.4,5.1,41,hot,2017-08-15 13:00:00
position_3152,-1760.81,-339.86519999999996,1.5,13,32.7,34.4,34.4,5.1,41,hot,2017-08-15 13:00:00
position_3153,-1760.81,-329.86519999999996,1.5,13,36.8,53.86669333876899,34.4,5.1,41,hot,2017-08-15 13:00:00
position_3154,-1760.81,-319.86519999999996,1.5,13,36.9,54.17700149446734,34.4,5.1,41,hot,2017-08-15 13:00:00
position_3155,-1760.81,-309.86519999999996,1.5,13,36.9,54.15665856104471,34.4,5.1,41,hot,2017-08-15 13:00:00
position_3156,-1760.81,-299.86519999999996,1.5,13,36.9,54.14987758323717,34.4,5.1,41,hot,2017-08-15 13:00:00
position_3157,-1760.81,-289.86519999999996,1.5,13,36.7,53.10448490513818,34.4,5.1,41,hot,2017-08-15 13:00:00
position_3158,-1760.81,-279.86519999999996,1.5,13,36.4,51.97704709673236,34.4,5.1,41,hot,2017-08-15 13:00:00
position_3159,-1760.81,-269.86519999999996,1.5,13,35.4,47.226924653985535,34.4,5.1,41,hot,2017-08-15 13:00:00
position_3160,-1760.81,-259.86519999999996,1.5,13,32.7,34.4,34.4,5.1,41,hot,2017-08-15 13:00:00
position_3161,-1760.81,-249.86519999999996,1.5,13,32.7,34.4,34.4,5.1,41,hot,2017-08-15 13:00:00
position_3162,-1760.81,-239.86519999999996,1.5,13,35.7,48.42113193560547,34.4,5.1,41,hot,2017-08-15 13:00:00
position_3163,-1760.81,-229.86519999999996,1.5,13,35.6,48.194136669682536,34.4,5.1,41,hot,2017-08-15 13:00:00
position_3164,-1760.81,-219.86519999999996,1.5,13,34.5,42.78632990152437,34.4,5.1,41,hot,2017-08-15 13:00:00
position_3165,-1760.81,-209.86519999999996,1.5,13,34.3,41.75909397339768,34.4,5.1,41,hot,2017-08-15 13:00:00
position_3166,-1760.81,-199.86519999999996,1.5,13,35.4,47.15228068135302,34.4,5.1,41,hot,2017-08-15 13:00:00
position_3167,-1760.81,-189.86519999999996,1.5,13,39.8,67.40071803806251,34.4,5.1,41,very_hot,2017-08-15 13:00:00
position_3168,-1750.81,-619.8652,1.5,13,37.4,56.632342828824015,34.4,5.1,41,hot,2017-08-15 13:00:00
position_3169,-1750.81,-609.8652,1.5,13,37.4,56.322034673125664,34.4,5.1,41,hot,2017-08-15 13:00:00
position_3170,-1750.81,-599.8652,1.5,13,37.4,56.632342828824015,34.4,5.1,41,hot,2017-08-15 13:00:00
position_3171,-1750.81,-589.8652,1.5,13,37.4,56.632342828824015,34.4,5.1,41,hot,2017-08-15 13:00:00
position_3172,-1750.81,-579.8652,1.5,13,37.4,56.632342828824015,34.4,5.1,41,hot,2017-08-15 13:00:00
position_3173,-1750.81,-569.8652,1.5,13,37.4,56.322034673125664,34.4,5.1,41,hot,2017-08-15 13:00:00
position_3174,-1750.81,-559.8652,1.5,13,37.4,56.632342828824015,34.4,5.1,41,hot,2017-08-15 13:00:00
position_3175,-1750.81,-549.8652,1.5,13,37.5,56.7874969066732,34.4,5.1,41,hot,2017-08-15 13:00:00
position_3176,-1750.81,-539.8652,1.5,13,37.4,56.632342828824015,34.4,5.1,41,hot,2017-08-15 13:00:00
position_3177,-1750.81,-529.8652,1.5,13,37.3,56.187223528699114,34.4,5.1,41,hot,2017-08-15 13:00:00
position_3178,-1750.81,-519.8652,1.5,13,37.0,54.64602256589456,34.4,5.1,41,hot,2017-08-15 13:00:00
position_3179,-1750.81,-509.86519999999996,1.5,13,37.1,54.972946467981785,34.4,5.1,41,hot,2017-08-15 13:00:00
position_3180,-1750.81,-499.86519999999996,1.5,13,36.4,51.71104492504772,34.4,5.1,41,hot,2017-08-15 13:00:00
position_3181,-1750.81,-489.86519999999996,1.5,13,35.0,45.289121048295016,34.4,5.1,41,hot,2017-08-15 13:00:00
position_3182,-1750.81,-479.86519999999996,1.5,13,34.5,42.647267315814766,34.4,5.1,41,hot,2017-08-15 13:00:00
position_3183,-1750.81,-469.86519999999996,1.5,13,34.6,43.17450783726214,34.4,5.1,41,hot,2017-08-15 13:00:00
position_3184,-1750.81,-459.86519999999996,1.5,13,34.8,44.21489007979025,34.4,5.1,41,hot,2017-08-15 13:00:00
position_3185,-1750.81,-449.86519999999996,1.5,13,34.0,40.356075346812325,34.4,5.1,41,hot,2017-08-15 13:00:00
position_3186,-1750.81,-439.86519999999996,1.5,13,34.2,41.620538609698535,34.4,5.1,41,hot,2017-08-15 13:00:00
position_3187,-1750.81,-429.86519999999996,1.5,13,36.3,51.42329401282583,34.4,5.1,41,hot,2017-08-15 13:00:00
position_3188,-1750.81,-419.86519999999996,1.5,13,37.2,55.58695015072502,34.4,5.1,41,hot,2017-08-15 13:00:00
position_3189,-1750.81,-409.86519999999996,1.5,13,36.4,51.71657295546988,34.4,5.1,41,hot,2017-08-15 13:00:00
position_3190,-1750.81,-399.86519999999996,1.5,13,34.3,42.13530177411845,34.4,5.1,41,hot,2017-08-15 13:00:00
position_3191,-1750.81,-389.86519999999996,1.5,13,34.8,44.287070140364065,34.4,5.1,41,hot,2017-08-15 13:00:00
position_3192,-1750.81,-379.86519999999996,1.5,13,36.3,51.54532140306846,34.4,5.1,41,hot,2017-08-15 13:00:00
position_3193,-1750.81,-369.86519999999996,1.5,13,32.7,34.4,34.4,5.1,41,hot,2017-08-15 13:00:00
position_3194,-1750.81,-359.86519999999996,1.5,13,37.0,54.77049389463387,34.4,5.1,41,hot,2017-08-15 13:00:00
position_3195,-1750.81,-349.86519999999996,1.5,13,32.7,34.4,34.4,5.1,41,hot,2017-08-15 13:00:00
position_3196,-1750.81,-339.86519999999996,1.5,13,35.8,49.04225329446443,34.4,5.1,41,hot,2017-08-15 13:00:00
position_3197,-1750.81,-329.86519999999996,1.5,13,37.0,54.77049389463387,34.4,5.1,41,hot,2017-08-15 13:00:00
position_3198,-1750.81,-319.86519999999996,1.5,13,37.0,54.615339816784704,34.4,5.1,41,hot,2017-08-15 13:00:00
position_3199,-1750.81,-309.86519999999996,1.5,13,37.0,54.46018573893552,34.4,5.1,41,hot,2017-08-15 13:00:00
position_3200,-1750.81,-299.86519999999996,1.5,13,36.9,54.14987758323717,34.4,5.1,41,hot,2017-08-15 13:00:00
position_3201,-1750.81,-289.86519999999996,1.5,13,36.6,52.80095772724737,34.4,5.1,41,hot,2017-08-15 13:00:00
position_3202,-1750.81,-279.86519999999996,1.5,13,36.4,51.82172466972909,34.4,5.1,41,hot,2017-08-15 13:00:00
position_3203,-1750.81,-269.86519999999996,1.5,13,35.4,47.05804027136719,34.4,5.1,41,hot,2017-08-15 13:00:00
position_3204,-1750.81,-259.86519999999996,1.5,13,32.7,34.4,34.4,5.1,41,hot,2017-08-15 13:00:00
position_3205,-1750.81,-249.86519999999996,1.5,13,32.7,34.4,34.4,5.1,41,hot,2017-08-15 13:00:00
position_3206,-1750.81,-239.86519999999996,1.5,13,35.4,47.21047499241291,34.4,5.1,41,hot,2017-08-15 13:00:00
position_3207,-1750.81,-229.86519999999996,1.5,13,35.1,45.7592756394092,34.4,5.1,41,hot,2017-08-15 13:00:00
position_3208,-1750.81,-219.86519999999996,1.5,13,32.7,34.4,34.4,5.1,41,hot,2017-08-15 13:00:00
position_3209,-1750.81,-209.86519999999996,1.5,13,32.7,34.4,34.4,5.1,41,hot,2017-08-15 13:00:00
position_3210,-1750.81,-199.86519999999996,1.5,13,35.5,47.65684656258156,34.4,5.1,41,hot,2017-08-15 13:00:00
position_3211,-1750.81,-189.86519999999996,1.5,13,39.7,66.95576708709164,34.4,5.1,41,very_hot,2017-08-15 13:00:00
position_3212,-1740.81,-619.8652,1.5,13,37.5,56.7874969066732,34.4,5.1,41,hot,2017-08-15 13:00:00
position_3213,-1740.81,-609.8652,1.5,13,37.5,56.7874969066732,34.4,5.1,41,hot,2017-08-15 13:00:00
position_3214,-1740.81,-599.8652,1.5,13,37.5,56.7874969066732,34.4,5.1,41,hot,2017-08-15 13:00:00
position_3215,-1740.81,-589.8652,1.5,13,37.5,56.7874969066732,34.4,5.1,41,hot,2017-08-15 13:00:00
position_3216,-1740.81,-579.8652,1.5,13,37.5,56.7874969066732,34.4,5.1,41,hot,2017-08-15 13:00:00
position_3217,-1740.81,-569.8652,1.5,13,37.5,56.7874969066732,34.4,5.1,41,hot,2017-08-15 13:00:00
position_3218,-1740.81,-559.8652,1.5,13,37.5,56.7874969066732,34.4,5.1,41,hot,2017-08-15 13:00:00
position_3219,-1740.81,-549.8652,1.5,13,37.5,56.7874969066732,34.4,5.1,41,hot,2017-08-15 13:00:00
position_3220,-1740.81,-539.8652,1.5,13,37.5,56.7874969066732,34.4,5.1,41,hot,2017-08-15 13:00:00
position_3221,-1740.81,-529.8652,1.5,13,37.3,55.86335341738567,34.4,5.1,41,hot,2017-08-15 13:00:00
position_3222,-1740.81,-519.8652,1.5,13,36.9,54.333194380327605,34.4,5.1,41,hot,2017-08-15 13:00:00
position_3223,-1740.81,-509.86519999999996,1.5,13,36.6,52.574769466344456,34.4,5.1,41,hot,2017-08-15 13:00:00
position_3224,-1740.81,-499.86519999999996,1.5,13,36.0,49.95770182013213,34.4,5.1,41,hot,2017-08-15 13:00:00
position_3225,-1740.81,-489.86519999999996,1.5,13,36.3,51.3385605038526,34.4,5.1,41,hot,2017-08-15 13:00:00
position_3226,-1740.81,-479.86519999999996,1.5,13,35.5,47.510612358207155,34.4,5.1,41,hot,2017-08-15 13:00:00
position_3227,-1740.81,-469.86519999999996,1.5,13,35.8,48.903331797134044,34.4,5.1,41,hot,2017-08-15 13:00:00
position_3228,-1740.81,-459.86519999999996,1.5,13,35.8,49.10471439513421,34.4,5.1,41,hot,2017-08-15 13:00:00
position_3229,-1740.81,-449.86519999999996,1.5,13,35.4,47.35292140709382,34.4,5.1,41,hot,2017-08-15 13:00:00
position_3230,-1740.81,-439.86519999999996,1.5,13,35.0,45.33593007625859,34.4,5.1,41,hot,2017-08-15 13:00:00
position_3231,-1740.81,-429.86519999999996,1.5,13,36.3,51.519556831747344,34.4,5.1,41,hot,2017-08-15 13:00:00
position_3232,-1740.81,-419.86519999999996,1.5,13,37.0,54.6628066614375,34.4,5.1,41,hot,2017-08-15 13:00:00
position_3233,-1740.81,-409.86519999999996,1.5,13,36.3,51.229285889656815,34.4,5.1,41,hot,2017-08-15 13:00:00
position_3234,-1740.81,-399.86519999999996,1.5,13,34.9,44.976613394269705,34.4,5.1,41,hot,2017-08-15 13:00:00
position_3235,-1740.81,-389.86519999999996,1.5,13,35.7,48.4288704678607,34.4,5.1,41,hot,2017-08-15 13:00:00
position_3236,-1740.81,-379.86519999999996,1.5,13,36.5,52.314647512814965,34.4,5.1,41,hot,2017-08-15 13:00:00
position_3237,-1740.81,-369.86519999999996,1.5,13,32.7,34.4,34.4,5.1,41,hot,2017-08-15 13:00:00
position_3238,-1740.81,-359.86519999999996,1.5,13,36.8,53.684415349689644,34.4,5.1,41,hot,2017-08-15 13:00:00
position_3239,-1740.81,-349.86519999999996,1.5,13,32.7,34.4,34.4,5.1,41,hot,2017-08-15 13:00:00
position_3240,-1740.81,-339.86519999999996,1.5,13,36.6,52.72603027305623,34.4,5.1,41,hot,2017-08-15 13:00:00
position_3241,-1740.81,-329.86519999999996,1.5,13,36.9,54.318593616701435,34.4,5.1,41,hot,2017-08-15 13:00:00
position_3242,-1740.81,-319.86519999999996,1.5,13,37.0,54.615339816784704,34.4,5.1,41,hot,2017-08-15 13:00:00
position_3243,-1740.81,-309.86519999999996,1.5,13,36.9,54.30503166108634,34.4,5.1,41,hot,2017-08-15 13:00:00
position_3244,-1740.81,-299.86519999999996,1.5,13,36.9,53.99472350538799,34.4,5.1,41,hot,2017-08-15 13:00:00
position_3245,-1740.81,-289.86519999999996,1.5,13,36.6,52.80095772724737,34.4,5.1,41,hot,2017-08-15 13:00:00
position_3246,-1740.81,-279.86519999999996,1.5,13,36.3,51.36304341398911,34.4,5.1,41,hot,2017-08-15 13:00:00
position_3247,-1740.81,-269.86519999999996,1.5,13,35.3,46.90966717132556,34.4,5.1,41,hot,2017-08-15 13:00:00
position_3248,-1740.81,-259.86519999999996,1.5,13,32.7,34.4,34.4,5.1,41,hot,2017-08-15 13:00:00
position_3249,-1740.81,-249.86519999999996,1.5,13,32.7,34.4,34.4,5.1,41,hot,2017-08-15 13:00:00
position_3250,-1740.81,-239.86519999999996,1.5,13,35.2,46.00791257671672,34.4,5.1,41,hot,2017-08-15 13:00:00
position_3251,-1740.81,-229.86519999999996,1.5,13,35.1,45.75249466160166,34.4,5.1,41,hot,2017-08-15 13:00:00
position_3252,-1740.81,-219.86519999999996,1.5,13,32.7,34.4,34.4,5.1,41,hot,2017-08-15 13:00:00
position_3253,-1740.81,-209.86519999999996,1.5,13,32.7,34.4,34.4,5.1,41,hot,2017-08-15 13:00:00
position_3254,-1740.81,-199.86519999999996,1.5,13,35.1,45.92306819001372,34.4,5.1,41,hot,2017-08-15 13:00:00
position_3255,-1740.81,-189.86519999999996,1.5,13,39.6,66.1660522537023,34.4,5.1,41,very_hot,2017-08-15 13:00:00
position_3256,-1730.81,-619.8652,1.5,13,37.5,56.7874969066732,34.4,5.1,41,hot,2017-08-15 13:00:00
position_3257,-1730.81,-609.8652,1.5,13,37.5,56.7874969066732,34.4,5.1,41,hot,2017-08-15 13:00:00
position_3258,-1730.81,-599.8652,1.5,13,37.4,56.632342828824015,34.4,5.1,41,hot,2017-08-15 13:00:00
position_3259,-1730.81,-589.8652,1.5,13,37.4,56.632342828824015,34.4,5.1,41,hot,2017-08-15 13:00:00
position_3260,-1730.81,-579.8652,1.5,13,37.4,56.47718875097484,34.4,5.1,41,hot,2017-08-15 13:00:00
position_3261,-1730.81,-569.8652,1.5,13,37.4,56.47718875097484,34.4,5.1,41,hot,2017-08-15 13:00:00
position_3262,-1730.81,-559.8652,1.5,13,37.4,56.632342828824015,34.4,5.1,41,hot,2017-08-15 13:00:00
position_3263,-1730.81,-549.8652,1.5,13,37.4,56.632342828824015,34.4,5.1,41,hot,2017-08-15 13:00:00
position_3264,-1730.81,-539.8652,1.5,13,37.4,56.632342828824015,34.4,5.1,41,hot,2017-08-15 13:00:00
position_3265,-1730.81,-529.8652,1.5,13,37.4,56.33559662874075,34.4,5.1,41,hot,2017-08-15 13:00:00
position_3266,-1730.81,-519.8652,1.5,13,37.1,54.91836194721327,34.4,5.1,41,hot,2017-08-15 13:00:00
position_3267,-1730.81,-509.86519999999996,1.5,13,36.8,53.59166490108593,34.4,5.1,41,hot,2017-08-15 13:00:00
position_3268,-1730.81,-499.86519999999996,1.5,13,37.0,54.749477564594926,34.4,5.1,41,hot,2017-08-15 13:00:00
position_3269,-1730.81,-489.86519999999996,1.5,13,36.8,53.705593955967764,34.4,5.1,41,hot,2017-08-15 13:00:00
position_3270,-1730.81,-479.86519999999996,1.5,13,36.3,51.55231652025032,34.4,5.1,41,hot,2017-08-15 13:00:00
position_3271,-1730.81,-469.86519999999996,1.5,13,36.8,53.697640606996565,34.4,5.1,41,hot,2017-08-15 13:00:00
position_3272,-1730.81,-459.86519999999996,1.5,13,36.6,52.84164359409264,34.4,5.1,41,hot,2017-08-15 13:00:00
position_3273,-1730.81,-449.86519999999996,1.5,13,35.0,45.39838330394505,34.4,5.1,41,hot,2017-08-15 13:00:00
position_3274,-1730.81,-439.86519999999996,1.5,13,36.7,53.36665281956741,34.4,5.1,41,hot,2017-08-15 13:00:00
position_3275,-1730.81,-429.86519999999996,1.5,13,36.8,53.54248652914738,34.4,5.1,41,hot,2017-08-15 13:00:00
position_3276,-1730.81,-419.86519999999996,1.5,13,37.0,54.80439878367159,34.4,5.1,41,hot,2017-08-15 13:00:00
position_3277,-1730.81,-409.86519999999996,1.5,13,36.1,50.46254176640936,34.4,5.1,41,hot,2017-08-15 13:00:00
position_3278,-1730.81,-399.86519999999996,1.5,13,34.7,43.98387966078142,34.4,5.1,41,hot,2017-08-15 13:00:00
position_3279,-1730.81,-389.86519999999996,1.5,13,36.5,52.4215239787343,34.4,5.1,41,hot,2017-08-15 13:00:00
position_3280,-1730.81,-379.86519999999996,1.5,13,36.4,51.91071912699756,34.4,5.1,41,hot,2017-08-15 13:00:00
position_3281,-1730.81,-369.86519999999996,1.5,13,32.7,34.4,34.4,5.1,41,hot,2017-08-15 13:00:00
position_3282,-1730.81,-359.86519999999996,1.5,13,32.7,34.4,34.4,5.1,41,hot,2017-08-15 13:00:00
position_3283,-1730.81,-349.86519999999996,1.5,13,32.7,34.4,34.4,5.1,41,hot,2017-08-15 13:00:00
position_3284,-1730.81,-339.86519999999996,1.5,13,36.7,53.10127825427887,34.4,5.1,41,hot,2017-08-15 13:00:00
position_3285,-1730.81,-329.86519999999996,1.5,13,37.0,54.62212079459224,34.4,5.1,41,hot,2017-08-15 13:00:00
position_3286,-1730.81,-319.86519999999996,1.5,13,37.0,54.77049389463387,34.4,5.1,41,hot,2017-08-15 13:00:00
position_3287,-1730.81,-309.86519999999996,1.5,13,37.0,54.46018573893552,34.4,5.1,41,hot,2017-08-15 13:00:00
position_3288,-1730.81,-299.86519999999996,1.5,13,37.0,54.46018573893552,34.4,5.1,41,hot,2017-08-15 13:00:00
position_3289,-1730.81,-289.86519999999996,1.5,13,36.7,53.259638982987354,34.4,5.1,41,hot,2017-08-15 13:00:00
position_3290,-1730.81,-279.86519999999996,1.5,13,36.4,51.666570591879925,34.4,5.1,41,hot,2017-08-15 13:00:00
position_3291,-1730.81,-269.86519999999996,1.5,13,35.3,46.89943442514732,34.4,5.1,41,hot,2017-08-15 13:00:00
position_3292,-1730.81,-259.86519999999996,1.5,13,32.7,34.4,34.4,5.1,41,hot,2017-08-15 13:00:00
position_3293,-1730.81,-249.86519999999996,1.5,13,32.7,34.4,34.4,5.1,41,hot,2017-08-15 13:00:00
position_3294,-1730.81,-239.86519999999996,1.5,13,35.2,46.14469359067107,34.4,5.1,41,hot,2017-08-15 13:00:00
position_3295,-1730.81,-229.86519999999996,1.5,13,35.1,45.74571368379412,34.4,5.1,41,hot,2017-08-15 13:00:00
position_3296,-1730.81,-219.86519999999996,1.5,13,32.7,34.4,34.4,5.1,41,hot,2017-08-15 13:00:00
position_3297,-1730.81,-209.86519999999996,1.5,13,32.7,34.4,34.4,5.1,41,hot,2017-08-15 13:00:00
position_3298,-1730.81,-199.86519999999996,1.5,13,35.3,46.85575378212291,34.4,5.1,41,hot,2017-08-15 13:00:00
position_3299,-1730.81,-189.86519999999996,1.5,13,39.2,64.5958165247344,34.4,5.1,41,very_hot,2017-08-15 13:00:00
position_3300,-1720.81,-619.8652,1.5,13,37.4,56.632342828824015,34.4,5.1,41,hot,2017-08-15 13:00:00
position_3301,-1720.81,-609.8652,1.5,13,37.5,56.7874969066732,34.4,5.1,41,hot,2017-08-15 13:00:00
position_3302,-1720.81,-599.8652,1.5,13,37.4,56.479510130537676,34.4,5.1,41,hot,2017-08-15 13:00:00
position_3303,-1720.81,-589.8652,1.5,13,37.4,56.632342828824015,34.4,5.1,41,hot,2017-08-15 13:00:00
position_3304,-1720.81,-579.8652,1.5,13,37.4,56.632342828824015,34.4,5.1,41,hot,2017-08-15 13:00:00
position_3305,-1720.81,-569.8652,1.5,13,37.4,56.47718875097484,34.4,5.1,41,hot,2017-08-15 13:00:00
position_3306,-1720.81,-559.8652,1.5,13,37.4,56.632342828824015,34.4,5.1,41,hot,2017-08-15 13:00:00
position_3307,-1720.81,-549.8652,1.5,13,37.3,56.166880595276496,34.4,5.1,41,hot,2017-08-15 13:00:00
position_3308,-1720.81,-539.8652,1.5,13,37.3,56.18044255089156,34.4,5.1,41,hot,2017-08-15 13:00:00
position_3309,-1720.81,-529.8652,1.5,13,37.1,55.2219658938177,34.4,5.1,41,hot,2017-08-15 13:00:00
position_3310,-1720.81,-519.8652,1.5,13,36.8,53.89956009678098,34.4,5.1,41,hot,2017-08-15 13:00:00
position_3311,-1720.81,-509.86519999999996,1.5,13,37.1,54.979895794943396,34.4,5.1,41,hot,2017-08-15 13:00:00
position_3312,-1720.81,-499.86519999999996,1.5,13,37.1,54.898019013790645,34.4,5.1,41,hot,2017-08-15 13:00:00
position_3313,-1720.81,-489.86519999999996,1.5,13,37.0,54.58754250893821,34.4,5.1,41,hot,2017-08-15 13:00:00
position_3314,-1720.81,-479.86519999999996,1.5,13,36.8,53.900598227806704,34.4,5.1,41,hot,2017-08-15 13:00:00
position_3315,-1720.81,-469.86519999999996,1.5,13,32.7,34.4,34.4,5.1,41,hot,2017-08-15 13:00:00
position_3316,-1720.81,-459.86519999999996,1.5,13,32.7,34.4,34.4,5.1,41,hot,2017-08-15 13:00:00
position_3317,-1720.81,-449.86519999999996,1.5,13,32.7,34.4,34.4,5.1,41,hot,2017-08-15 13:00:00
position_3318,-1720.81,-439.86519999999996,1.5,13,36.3,51.40073676970569,34.4,5.1,41,hot,2017-08-15 13:00:00
position_3319,-1720.81,-429.86519999999996,1.5,13,36.7,53.45242513690803,34.4,5.1,41,hot,2017-08-15 13:00:00
position_3320,-1720.81,-419.86519999999996,1.5,13,37.1,55.10114498375487,34.4,5.1,41,hot,2017-08-15 13:00:00
position_3321,-1720.81,-409.86519999999996,1.5,13,36.7,53.19072752954696,34.4,5.1,41,hot,2017-08-15 13:00:00
position_3322,-1720.81,-399.86519999999996,1.5,13,35.4,47.21751209159426,34.4,5.1,41,hot,2017-08-15 13:00:00
position_3323,-1720.81,-389.86519999999996,1.5,13,36.9,54.15598516442839,34.4,5.1,41,hot,2017-08-15 13:00:00
position_3324,-1720.81,-379.86519999999996,1.5,13,37.0,54.63568275020734,34.4,5.1,41,hot,2017-08-15 13:00:00
position_3325,-1720.81,-369.86519999999996,1.5,13,36.1,50.44542097291457,34.4,5.1,41,hot,2017-08-15 13:00:00
position_3326,-1720.81,-359.86519999999996,1.5,13,35.4,47.26202053413453,34.4,5.1,41,hot,2017-08-15 13:00:00
position_3327,-1720.81,-349.86519999999996,1.5,13,35.6,47.88741833000094,34.4,5.1,41,hot,2017-08-15 13:00:00
position_3328,-1720.81,-339.86519999999996,1.5,13,36.9,54.00129034382122,34.4,5.1,41,hot,2017-08-15 13:00:00
position_3329,-1720.81,-329.86519999999996,1.5,13,37.1,54.925647972483056,34.4,5.1,41,hot,2017-08-15 13:00:00
position_3330,-1720.81,-319.86519999999996,1.5,13,37.0,54.77049389463387,34.4,5.1,41,hot,2017-08-15 13:00:00
position_3331,-1720.81,-309.86519999999996,1.5,13,37.0,54.46018573893552,34.4,5.1,41,hot,2017-08-15 13:00:00
position_3332,-1720.81,-299.86519999999996,1.5,13,36.9,54.30503166108634,34.4,5.1,41,hot,2017-08-15 13:00:00
position_3333,-1720.81,-289.86519999999996,1.5,13,36.7,53.10448490513818,34.4,5.1,41,hot,2017-08-15 13:00:00
position_3334,-1720.81,-279.86519999999996,1.5,13,36.3,51.51141651403075,34.4,5.1,41,hot,2017-08-15 13:00:00
position_3335,-1720.81,-269.86519999999996,1.5,13,35.4,47.06831880776567,34.4,5.1,41,hot,2017-08-15 13:00:00
position_3336,-1720.81,-259.86519999999996,1.5,13,32.7,34.4,34.4,5.1,41,hot,2017-08-15 13:00:00
position_3337,-1720.81,-249.86519999999996,1.5,13,32.7,34.4,34.4,5.1,41,hot,2017-08-15 13:00:00
position_3338,-1720.81,-239.86519999999996,1.5,13,35.3,46.582909354054586,34.4,5.1,41,hot,2017-08-15 13:00:00
position_3339,-1720.81,-229.86519999999996,1.5,13,35.1,45.89063501546506,34.4,5.1,41,hot,2017-08-15 13:00:00
position_3340,-1720.81,-219.86519999999996,1.5,13,32.7,34.4,34.4,5.1,41,hot,2017-08-15 13:00:00
position_3341,-1720.81,-209.86519999999996,1.5,13,32.7,34.4,34.4,5.1,41,hot,2017-08-15 13:00:00
position_3342,-1720.81,-199.86519999999996,1.5,13,35.3,46.568278288564095,34.4,5.1,41,hot,2017-08-15 13:00:00
position_3343,-1720.81,-189.86519999999996,1.5,13,38.5,61.38531866765512,34.4,5.1,41,very_hot,2017-08-15 13:00:00
position_3344,-1710.81,-619.8652,1.5,13,37.4,56.632342828824015,34.4,5.1,41,hot,2017-08-15 13:00:00
position_3345,-1710.81,-609.8652,1.5,13,37.4,56.632342828824015,34.4,5.1,41,hot,2017-08-15 13:00:00
position_3346,-1710.81,-599.8652,1.5,13,37.4,56.632342828824015,34.4,5.1,41,hot,2017-08-15 13:00:00
position_3347,-1710.81,-589.8652,1.5,13,37.4,56.632342828824015,34.4,5.1,41,hot,2017-08-15 13:00:00
position_3348,-1710.81,-579.8652,1.5,13,37.4,56.632342828824015,34.4,5.1,41,hot,2017-08-15 13:00:00
position_3349,-1710.81,-569.8652,1.5,13,37.4,56.322034673125664,34.4,5.1,41,hot,2017-08-15 13:00:00
position_3350,-1710.81,-559.8652,1.5,13,37.4,56.632342828824015,34.4,5.1,41,hot,2017-08-15 13:00:00
position_3351,-1710.81,-549.8652,1.5,13,37.3,56.166880595276496,34.4,5.1,41,hot,2017-08-15 13:00:00
position_3352,-1710.81,-539.8652,1.5,13,37.4,56.322034673125664,34.4,5.1,41,hot,2017-08-15 13:00:00
position_3353,-1710.81,-529.8652,1.5,13,37.2,55.34991929172308,34.4,5.1,41,hot,2017-08-15 13:00:00
position_3354,-1710.81,-519.8652,1.5,13,37.1,55.06685760618875,34.4,5.1,41,hot,2017-08-15 13:00:00
position_3355,-1710.81,-509.86519999999996,1.5,13,36.9,54.15615351358247,34.4,5.1,41,hot,2017-08-15 13:00:00
position_3356,-1710.81,-499.86519999999996,1.5,13,36.3,51.234020906564616,34.4,5.1,41,hot,2017-08-15 13:00:00
position_3357,-1710.81,-489.86519999999996,1.5,13,36.4,51.846725851702224,34.4,5.1,41,hot,2017-08-15 13:00:00
position_3358,-1710.81,-479.86519999999996,1.5,13,36.4,51.99760416952931,34.4,5.1,41,hot,2017-08-15 13:00:00
position_3359,-1710.81,-469.86519999999996,1.5,13,35.3,46.5512762461387,34.4,5.1,41,hot,2017-08-15 13:00:00
position_3360,-1710.81,-459.86519999999996,1.5,13,36.5,52.12508349846584,34.4,5.1,41,hot,2017-08-15 13:00:00
position_3361,-1710.81,-449.86519999999996,1.5,13,32.7,34.4,34.4,5.1,41,hot,2017-08-15 13:00:00
position_3362,-1710.81,-439.86519999999996,1.5,13,36.6,52.79868213754847,34.4,5.1,41,hot,2017-08-15 13:00:00
position_3363,-1710.81,-429.86519999999996,1.5,13,36.4,52.05496932674634,34.4,5.1,41,hot,2017-08-15 13:00:00
position_3364,-1710.81,-419.86519999999996,1.5,13,37.2,55.5325339791106,34.4,5.1,41,hot,2017-08-15 13:00:00
position_3365,-1710.81,-409.86519999999996,1.5,13,37.0,54.439169408896575,34.4,5.1,41,hot,2017-08-15 13:00:00
position_3366,-1710.81,-399.86519999999996,1.5,13,36.5,52.29257824002342,34.4,5.1,41,hot,2017-08-15 13:00:00
position_3367,-1710.81,-389.86519999999996,1.5,13,36.9,54.08086055713802,34.4,5.1,41,hot,2017-08-15 13:00:00
position_3368,-1710.81,-379.86519999999996,1.5,13,37.1,55.27361850540462,34.4,5.1,41,hot,2017-08-15 13:00:00
position_3369,-1710.81,-369.86519999999996,1.5,13,37.2,55.552999471467075,34.4,5.1,41,hot,2017-08-15 13:00:00
position_3370,-1710.81,-359.86519999999996,1.5,13,36.6,52.60108419800639,34.4,5.1,41,hot,2017-08-15 13:00:00
position_3371,-1710.81,-349.86519999999996,1.5,13,36.7,53.04747193458522,34.4,5.1,41,hot,2017-08-15 13:00:00
position_3372,-1710.81,-339.86519999999996,1.5,13,37.0,54.59466018505392,34.4,5.1,41,hot,2017-08-15 13:00:00
position_3373,-1710.81,-329.86519999999996,1.5,13,37.0,54.77727487244142,34.4,5.1,41,hot,2017-08-15 13:00:00
position_3374,-1710.81,-319.86519999999996,1.5,13,37.0,54.62890177239979,34.4,5.1,41,hot,2017-08-15 13:00:00
position_3375,-1710.81,-309.86519999999996,1.5,13,36.9,54.021847416618165,34.4,5.1,41,hot,2017-08-15 13:00:00
position_3376,-1710.81,-299.86519999999996,1.5,13,36.7,53.414793060836544,34.4,5.1,41,hot,2017-08-15 13:00:00
position_3377,-1710.81,-289.86519999999996,1.5,13,36.4,52.06587320484674,34.4,5.1,41,hot,2017-08-15 13:00:00
position_3378,-1710.81,-279.86519999999996,1.5,13,36.2,50.81057357897599,34.4,5.1,41,hot,2017-08-15 13:00:00
position_3379,-1710.81,-269.86519999999996,1.5,13,35.4,46.94940648794187,34.4,5.1,41,hot,2017-08-15 13:00:00
position_3380,-1710.81,-259.86519999999996,1.5,13,32.7,34.4,34.4,5.1,41,hot,2017-08-15 13:00:00
position_3381,-1710.81,-249.86519999999996,1.5,13,32.7,34.4,34.4,5.1,41,hot,2017-08-15 13:00:00
position_3382,-1710.81,-239.86519999999996,1.5,13,35.3,46.582909354054586,34.4,5.1,41,hot,2017-08-15 13:00:00
position_3383,-1710.81,-229.86519999999996,1.5,13,35.2,46.18489148683142,34.4,5.1,41,hot,2017-08-15 13:00:00
position_3384,-1710.81,-219.86519999999996,1.5,13,32.7,34.4,34.4,5.1,41,hot,2017-08-15 13:00:00
position_3385,-1710.81,-209.86519999999996,1.5,13,32.7,34.4,34.4,5.1,41,hot,2017-08-15 13:00:00
position_3386,-1710.81,-199.86519999999996,1.5,13,35.1,45.50330090491163,34.4,5.1,41,hot,2017-08-15 13:00:00
position_3387,-1710.81,-189.86519999999996,1.5,13,39.6,66.46267589485173,34.4,5.1,41,very_hot,2017-08-15 13:00:00
position_3388,-1700.81,-619.8652,1.5,13,37.4,56.47718875097484,34.4,5.1,41,hot,2017-08-15 13:00:00
position_3389,-1700.81,-609.8652,1.5,13,37.4,56.632342828824015,34.4,5.1,41,hot,2017-08-15 13:00:00
position_3390,-1700.81,-599.8652,1.5,13,37.4,56.632342828824015,34.4,5.1,41,hot,2017-08-15 13:00:00
position_3391,-1700.81,-589.8652,1.5,13,37.4,56.632342828824015,34.4,5.1,41,hot,2017-08-15 13:00:00
position_3392,-1700.81,-579.8652,1.5,13,37.4,56.322034673125664,34.4,5.1,41,hot,2017-08-15 13:00:00
position_3393,-1700.81,-569.8652,1.5,13,37.4,56.322034673125664,34.4,5.1,41,hot,2017-08-15 13:00:00
position_3394,-1700.81,-559.8652,1.5,13,37.4,56.322034673125664,34.4,5.1,41,hot,2017-08-15 13:00:00
position_3395,-1700.81,-549.8652,1.5,13,37.3,55.85657243957812,34.4,5.1,41,hot,2017-08-15 13:00:00
position_3396,-1700.81,-539.8652,1.5,13,37.2,55.70141836172894,34.4,5.1,41,hot,2017-08-15 13:00:00
position_3397,-1700.81,-529.8652,1.5,13,37.3,55.85657243957812,34.4,5.1,41,hot,2017-08-15 13:00:00
position_3398,-1700.81,-519.8652,1.5,13,37.1,55.10114498375487,34.4,5.1,41,hot,2017-08-15 13:00:00
position_3399,-1700.81,-509.86519999999996,1.5,13,36.2,50.977759702865164,34.4,5.1,41,hot,2017-08-15 13:00:00
position_3400,-1700.81,-499.86519999999996,1.5,13,36.7,53.34968488580188,34.4,5.1,41,hot,2017-08-15 13:00:00
position_3401,-1700.81,-489.86519999999996,1.5,13,37.0,54.493922278819156,34.4,5.1,41,hot,2017-08-15 13:00:00
position_3402,-1700.81,-479.86519999999996,1.5,13,36.6,52.604352805496134,34.4,5.1,41,hot,2017-08-15 13:00:00
position_3403,-1700.81,-469.86519999999996,1.5,13,35.3,46.84907606631623,34.4,5.1,41,hot,2017-08-15 13:00:00
position_3404,-1700.81,-459.86519999999996,1.5,13,35.4,47.346244368272494,34.4,5.1,41,hot,2017-08-15 13:00:00
position_3405,-1700.81,-449.86519999999996,1.5,13,36.1,50.49345414396208,34.4,5.1,41,hot,2017-08-15 13:00:00
position_3406,-1700.81,-439.86519999999996,1.5,13,36.1,50.585226386501816,34.4,5.1,41,hot,2017-08-15 13:00:00
position_3407,-1700.81,-429.86519999999996,1.5,13,36.8,53.670088417017745,34.4,5.1,41,hot,2017-08-15 13:00:00
position_3408,-1700.81,-419.86519999999996,1.5,13,37.2,55.55982623949485,34.4,5.1,41,hot,2017-08-15 13:00:00
position_3409,-1700.81,-409.86519999999996,1.5,13,37.0,54.608130560228524,34.4,5.1,41,hot,2017-08-15 13:00:00
position_3410,-1700.81,-399.86519999999996,1.5,13,36.4,51.92708821234844,34.4,5.1,41,hot,2017-08-15 13:00:00
position_3411,-1700.81,-389.86519999999996,1.5,13,37.1,55.27676455396052,34.4,5.1,41,hot,2017-08-15 13:00:00
position_3412,-1700.81,-379.86519999999996,1.5,13,37.3,55.997996212658144,34.4,5.1,41,hot,2017-08-15 13:00:00
position_3413,-1700.81,-369.86519999999996,1.5,13,32.7,34.4,34.4,5.1,41,hot,2017-08-15 13:00:00
position_3414,-1700.81,-359.86519999999996,1.5,13,32.7,34.4,34.4,5.1,41,hot,2017-08-15 13:00:00
position_3415,-1700.81,-349.86519999999996,1.5,13,32.7,34.4,34.4,5.1,41,hot,2017-08-15 13:00:00
position_3416,-1700.81,-339.86519999999996,1.5,13,32.7,34.4,34.4,5.1,41,hot,2017-08-15 13:00:00
position_3417,-1700.81,-329.86519999999996,1.5,13,32.7,34.4,34.4,5.1,41,hot,2017-08-15 13:00:00
position_3418,-1700.81,-319.86519999999996,1.5,13,36.9,54.318425267547354,34.4,5.1,41,hot,2017-08-15 13:00:00
position_3419,-1700.81,-309.86519999999996,1.5,13,36.6,52.89440960821233,34.4,5.1,41,hot,2017-08-15 13:00:00
position_3420,-1700.81,-299.86519999999996,1.5,13,36.4,51.65284028711075,34.4,5.1,41,hot,2017-08-15 13:00:00
position_3421,-1700.81,-289.86519999999996,1.5,13,36.2,50.7353094264767,34.4,5.1,41,hot,2017-08-15 13:00:00
position_3422,-1700.81,-279.86519999999996,1.5,13,35.9,49.68313577057017,34.4,5.1,41,hot,2017-08-15 13:00:00
position_3423,-1700.81,-269.86519999999996,1.5,13,35.3,46.86125151174966,34.4,5.1,41,hot,2017-08-15 13:00:00
position_3424,-1700.81,-259.86519999999996,1.5,13,32.7,34.4,34.4,5.1,41,hot,2017-08-15 13:00:00
position_3425,-1700.81,-249.86519999999996,1.5,13,32.7,34.4,34.4,5.1,41,hot,2017-08-15 13:00:00
position_3426,-1700.81,-239.86519999999996,1.5,13,35.3,46.593142100232825,34.4,5.1,41,hot,2017-08-15 13:00:00
position_3427,-1700.81,-229.86519999999996,1.5,13,35.2,46.35377586944977,34.4,5.1,41,hot,2017-08-15 13:00:00
position_3428,-1700.81,-219.86519999999996,1.5,13,32.7,34.4,34.4,5.1,41,hot,2017-08-15 13:00:00
position_3429,-1700.81,-209.86519999999996,1.5,13,32.7,34.4,34.4,5.1,41,hot,2017-08-15 13:00:00
position_3430,-1700.81,-199.86519999999996,1.5,13,35.4,47.20279325388405,34.4,5.1,41,hot,2017-08-15 13:00:00
position_3431,-1700.81,-189.86519999999996,1.5,13,39.7,66.96932904270676,34.4,5.1,41,very_hot,2017-08-15 13:00:00
position_3432,-1690.81,-619.8652,1.5,13,37.3,56.166880595276496,34.4,5.1,41,hot,2017-08-15 13:00:00
position_3433,-1690.81,-609.8652,1.5,13,37.3,56.166880595276496,34.4,5.1,41,hot,2017-08-15 13:00:00
position_3434,-1690.81,-599.8652,1.5,13,37.3,56.011726517427306,34.4,5.1,41,hot,2017-08-15 13:00:00
position_3435,-1690.81,-589.8652,1.5,13,37.3,55.85657243957812,34.4,5.1,41,hot,2017-08-15 13:00:00
position_3436,-1690.81,-579.8652,1.5,13,37.3,56.011726517427306,34.4,5.1,41,hot,2017-08-15 13:00:00
position_3437,-1690.81,-569.8652,1.5,13,37.3,56.011726517427306,34.4,5.1,41,hot,2017-08-15 13:00:00
position_3438,-1690.81,-559.8652,1.5,13,37.3,56.011726517427306,34.4,5.1,41,hot,2017-08-15 13:00:00
position_3439,-1690.81,-549.8652,1.5,13,37.3,55.85657243957812,34.4,5.1,41,hot,2017-08-15 13:00:00
position_3440,-1690.81,-539.8652,1.5,13,37.2,55.70141836172894,34.4,5.1,41,hot,2017-08-15 13:00:00
position_3441,-1690.81,-529.8652,1.5,13,37.2,55.54626428387977,34.4,5.1,41,hot,2017-08-15 13:00:00
position_3442,-1690.81,-519.8652,1.5,13,37.1,55.25629906160404,34.4,5.1,41,hot,2017-08-15 13:00:00
position_3443,-1690.81,-509.86519999999996,1.5,13,37.1,55.03961113602473,34.4,5.1,41,hot,2017-08-15 13:00:00
position_3444,-1690.81,-499.86519999999996,1.5,13,37.1,55.06690339640899,34.4,5.1,41,hot,2017-08-15 13:00:00
position_3445,-1690.81,-489.86519999999996,1.5,13,37.2,55.54626428387977,34.4,5.1,41,hot,2017-08-15 13:00:00
position_3446,-1690.81,-479.86519999999996,1.5,13,37.0,54.80439878367159,34.4,5.1,41,hot,2017-08-15 13:00:00
position_3447,-1690.81,-469.86519999999996,1.5,13,36.9,54.28384698189331,34.4,5.1,41,hot,2017-08-15 13:00:00
position_3448,-1690.81,-459.86519999999996,1.5,13,36.8,53.7168841301047,34.4,5.1,41,hot,2017-08-15 13:00:00
position_3449,-1690.81,-449.86519999999996,1.5,13,37.0,54.507438444214,34.4,5.1,41,hot,2017-08-15 13:00:00
position_3450,-1690.81,-439.86519999999996,1.5,13,36.5,52.15700370624888,34.4,5.1,41,hot,2017-08-15 13:00:00
position_3451,-1690.81,-429.86519999999996,1.5,13,36.9,54.103553674424944,34.4,5.1,41,hot,2017-08-15 13:00:00
position_3452,-1690.81,-419.86519999999996,1.5,13,37.3,55.85657243957812,34.4,5.1,41,hot,2017-08-15 13:00:00
position_3453,-1690.81,-409.86519999999996,1.5,13,37.0,54.742696586787396,34.4,5.1,41,hot,2017-08-15 13:00:00
position_3454,-1690.81,-399.86519999999996,1.5,13,36.7,53.420474627973284,34.4,5.1,41,hot,2017-08-15 13:00:00
position_3455,-1690.81,-389.86519999999996,1.5,13,37.1,54.97656658550656,34.4,5.1,41,hot,2017-08-15 13:00:00
position_3456,-1690.81,-379.86519999999996,1.5,13,37.3,55.842842134808954,34.4,5.1,41,hot,2017-08-15 13:00:00
position_3457,-1690.81,-369.86519999999996,1.5,13,32.7,34.4,34.4,5.1,41,hot,2017-08-15 13:00:00
position_3458,-1690.81,-359.86519999999996,1.5,13,32.7,34.4,34.4,5.1,41,hot,2017-08-15 13:00:00
position_3459,-1690.81,-349.86519999999996,1.5,13,32.7,34.4,34.4,5.1,41,hot,2017-08-15 13:00:00
position_3460,-1690.81,-339.86519999999996,1.5,13,32.7,34.4,34.4,5.1,41,hot,2017-08-15 13:00:00
position_3461,-1690.81,-329.86519999999996,1.5,13,32.7,34.4,34.4,5.1,41,hot,2017-08-15 13:00:00
position_3462,-1690.81,-319.86519999999996,1.5,13,36.8,53.687362070598084,34.4,5.1,41,hot,2017-08-15 13:00:00
position_3463,-1690.81,-309.86519999999996,1.5,13,35.6,47.96949158726758,34.4,5.1,41,hot,2017-08-15 13:00:00
position_3464,-1690.81,-299.86519999999996,1.5,13,35.1,45.81512642243974,34.4,5.1,41,hot,2017-08-15 13:00:00
position_3465,-1690.81,-289.86519999999996,1.5,13,35.1,45.51159924454892,34.4,5.1,41,hot,2017-08-15 13:00:00
position_3466,-1690.81,-279.86519999999996,1.5,13,34.9,44.769733744340755,34.4,5.1,41,hot,2017-08-15 13:00:00
position_3467,-1690.81,-269.86519999999996,1.5,13,34.6,43.33194199001633,34.4,5.1,41,hot,2017-08-15 13:00:00
position_3468,-1690.81,-259.86519999999996,1.5,13,32.7,34.4,34.4,5.1,41,hot,2017-08-15 13:00:00
position_3469,-1690.81,-249.86519999999996,1.5,13,32.7,34.4,34.4,5.1,41,hot,2017-08-15 13:00:00
position_3470,-1690.81,-239.86519999999996,1.5,13,35.3,46.61400489284456,34.4,5.1,41,hot,2017-08-15 13:00:00
position_3471,-1690.81,-229.86519999999996,1.5,13,35.3,46.77939171687198,34.4,5.1,41,hot,2017-08-15 13:00:00
position_3472,-1690.81,-219.86519999999996,1.5,13,32.7,34.4,34.4,5.1,41,hot,2017-08-15 13:00:00
position_3473,-1690.81,-209.86519999999996,1.5,13,32.7,34.4,34.4,5.1,41,hot,2017-08-15 13:00:00
position_3474,-1690.81,-199.86519999999996,1.5,13,35.2,46.295617698362065,34.4,5.1,41,hot,2017-08-15 13:00:00
position_3475,-1690.81,-189.86519999999996,1.5,13,39.7,66.63156027747006,34.4,5.1,41,very_hot,2017-08-15 13:00:00
position_3476,-1680.81,-619.8652,1.5,13,37.4,56.322034673125664,34.4,5.1,41,hot,2017-08-15 13:00:00
position_3477,-1680.81,-609.8652,1.5,13,37.3,56.011726517427306,34.4,5.1,41,hot,2017-08-15 13:00:00
position_3478,-1680.81,-599.8652,1.5,13,37.3,56.166880595276496,34.4,5.1,41,hot,2017-08-15 13:00:00
position_3479,-1680.81,-589.8652,1.5,13,37.2,55.55304526168731,34.4,5.1,41,hot,2017-08-15 13:00:00
position_3480,-1680.81,-579.8652,1.5,13,37.2,55.397891183838134,34.4,5.1,41,hot,2017-08-15 13:00:00
position_3481,-1680.81,-569.8652,1.5,13,37.2,55.70141836172894,34.4,5.1,41,hot,2017-08-15 13:00:00
position_3482,-1680.81,-559.8652,1.5,13,37.2,55.39111020603059,34.4,5.1,41,hot,2017-08-15 13:00:00
position_3483,-1680.81,-549.8652,1.5,13,37.2,55.39111020603059,34.4,5.1,41,hot,2017-08-15 13:00:00
position_3484,-1680.81,-539.8652,1.5,13,37.2,55.70141836172894,34.4,5.1,41,hot,2017-08-15 13:00:00
position_3485,-1680.81,-529.8652,1.5,13,37.2,55.54626428387977,34.4,5.1,41,hot,2017-08-15 13:00:00
position_3486,-1680.81,-519.8652,1.5,13,37.2,55.70141836172894,34.4,5.1,41,hot,2017-08-15 13:00:00
position_3487,-1680.81,-509.86519999999996,1.5,13,37.1,55.24273710598896,34.4,5.1,41,hot,2017-08-15 13:00:00
position_3488,-1680.81,-499.86519999999996,1.5,13,37.1,55.087583028139775,34.4,5.1,41,hot,2017-08-15 13:00:00
position_3489,-1680.81,-489.86519999999996,1.5,13,37.1,54.898019013790645,34.4,5.1,41,hot,2017-08-15 13:00:00
position_3490,-1680.81,-479.86519999999996,1.5,13,37.1,55.09419565679325,34.4,5.1,41,hot,2017-08-15 13:00:00
position_3491,-1680.81,-469.86519999999996,1.5,13,37.2,55.42501509506831,34.4,5.1,41,hot,2017-08-15 13:00:00
position_3492,-1680.81,-459.86519999999996,1.5,13,37.2,55.40467216164567,34.4,5.1,41,hot,2017-08-15 13:00:00
position_3493,-1680.81,-449.86519999999996,1.5,13,37.3,55.87013439519321,34.4,5.1,41,hot,2017-08-15 13:00:00
position_3494,-1680.81,-439.86519999999996,1.5,13,37.1,55.11470693936996,34.4,5.1,41,hot,2017-08-15 13:00:00
position_3495,-1680.81,-429.86519999999996,1.5,13,37.1,55.222057474258165,34.4,5.1,41,hot,2017-08-15 13:00:00
position_3496,-1680.81,-419.86519999999996,1.5,13,37.2,55.55304526168731,34.4,5.1,41,hot,2017-08-15 13:00:00
position_3497,-1680.81,-409.86519999999996,1.5,13,37.0,54.7153585361829,34.4,5.1,41,hot,2017-08-15 13:00:00
position_3498,-1680.81,-399.86519999999996,1.5,13,36.2,50.97426214427425,34.4,5.1,41,hot,2017-08-15 13:00:00
position_3499,-1680.81,-389.86519999999996,1.5,13,37.2,55.411453139453215,34.4,5.1,41,hot,2017-08-15 13:00:00
position_3500,-1680.81,-379.86519999999996,1.5,13,37.4,56.322034673125664,34.4,5.1,41,hot,2017-08-15 13:00:00
position_3501,-1680.81,-369.86519999999996,1.5,13,32.7,34.4,34.4,5.1,41,hot,2017-08-15 13:00:00
position_3502,-1680.81,-359.86519999999996,1.5,13,32.7,34.4,34.4,5.1,41,hot,2017-08-15 13:00:00
position_3503,-1680.81,-349.86519999999996,1.5,13,32.7,34.4,34.4,5.1,41,hot,2017-08-15 13:00:00
position_3504,-1680.81,-339.86519999999996,1.5,13,32.7,34.4,34.4,5.1,41,hot,2017-08-15 13:00:00
position_3505,-1680.81,-329.86519999999996,1.5,13,32.7,34.4,34.4,5.1,41,hot,2017-08-15 13:00:00
position_3506,-1680.81,-319.86519999999996,1.5,13,36.6,52.60090103712545,34.4,5.1,41,hot,2017-08-15 13:00:00
position_3507,-1680.81,-309.86519999999996,1.5,13,32.7,34.4,34.4,5.1,41,hot,2017-08-15 13:00:00
position_3508,-1680.81,-299.86519999999996,1.5,13,32.7,34.4,34.4,5.1,41,hot,2017-08-15 13:00:00
position_3509,-1680.81,-289.86519999999996,1.5,13,32.7,34.4,34.4,5.1,41,hot,2017-08-15 13:00:00
position_3510,-1680.81,-279.86519999999996,1.5,13,32.7,34.4,34.4,5.1,41,hot,2017-08-15 13:00:00
position_3511,-1680.81,-269.86519999999996,1.5,13,32.7,34.4,34.4,5.1,41,hot,2017-08-15 13:00:00
position_3512,-1680.81,-259.86519999999996,1.5,13,32.7,34.4,34.4,5.1,41,hot,2017-08-15 13:00:00
position_3513,-1680.81,-249.86519999999996,1.5,13,34.1,41.03740532250852,34.4,5.1,41,hot,2017-08-15 13:00:00
position_3514,-1680.81,-239.86519999999996,1.5,13,35.6,48.1576652832143,34.4,5.1,41,hot,2017-08-15 13:00:00
position_3515,-1680.81,-229.86519999999996,1.5,13,35.8,48.819472508918516,34.4,5.1,41,hot,2017-08-15 13:00:00
position_3516,-1680.81,-219.86519999999996,1.5,13,34.3,41.953531053013286,34.4,5.1,41,hot,2017-08-15 13:00:00
position_3517,-1680.81,-209.86519999999996,1.5,13,33.2,36.72781621519991,34.4,5.1,41,hot,2017-08-15 13:00:00
position_3518,-1680.81,-199.86519999999996,1.5,13,33.8,39.63965479675076,34.4,5.1,41,hot,2017-08-15 13:00:00
position_3519,-1680.81,-189.86519999999996,1.5,13,39.5,65.89904225249995,34.4,5.1,41,very_hot,2017-08-15 13:00:00
position_3520,-1670.81,-619.8652,1.5,13,37.3,56.166880595276496,34.4,5.1,41,hot,2017-08-15 13:00:00
position_3521,-1670.81,-609.8652,1.5,13,37.3,56.011726517427306,34.4,5.1,41,hot,2017-08-15 13:00:00
position_3522,-1670.81,-599.8652,1.5,13,37.3,55.85657243957812,34.4,5.1,41,hot,2017-08-15 13:00:00
position_3523,-1670.81,-589.8652,1.5,13,37.0,54.51599222895237,34.4,5.1,41,hot,2017-08-15 13:00:00
position_3524,-1670.81,-579.8652,1.5,13,37.2,55.37737990126142,34.4,5.1,41,hot,2017-08-15 13:00:00
position_3525,-1670.81,-569.8652,1.5,13,37.1,55.235956128181414,34.4,5.1,41,hot,2017-08-15 13:00:00
position_3526,-1670.81,-559.8652,1.5,13,37.2,55.39111020603059,34.4,5.1,41,hot,2017-08-15 13:00:00
position_3527,-1670.81,-549.8652,1.5,13,37.2,55.39111020603059,34.4,5.1,41,hot,2017-08-15 13:00:00
position_3528,-1670.81,-539.8652,1.5,13,37.1,55.08080205033223,34.4,5.1,41,hot,2017-08-15 13:00:00
position_3529,-1670.81,-529.8652,1.5,13,37.2,55.39111020603059,34.4,5.1,41,hot,2017-08-15 13:00:00
position_3530,-1670.81,-519.8652,1.5,13,37.0,54.75644170399603,34.4,5.1,41,hot,2017-08-15 13:00:00
position_3531,-1670.81,-509.86519999999996,1.5,13,37.2,55.39111020603059,34.4,5.1,41,hot,2017-08-15 13:00:00
position_3532,-1670.81,-499.86519999999996,1.5,13,37.0,54.62890177239979,34.4,5.1,41,hot,2017-08-15 13:00:00
position_3533,-1670.81,-489.86519999999996,1.5,13,36.5,52.27467856775581,34.4,5.1,41,hot,2017-08-15 13:00:00
position_3534,-1670.81,-479.86519999999996,1.5,13,35.9,49.43750529064588,34.4,5.1,41,hot,2017-08-15 13:00:00
position_3535,-1670.81,-469.86519999999996,1.5,13,36.9,54.03186602342208,34.4,5.1,41,hot,2017-08-15 13:00:00
position_3536,-1670.81,-459.86519999999996,1.5,13,37.2,55.55304526168731,34.4,5.1,41,hot,2017-08-15 13:00:00
position_3537,-1670.81,-449.86519999999996,1.5,13,37.2,55.708199339536485,34.4,5.1,41,hot,2017-08-15 13:00:00
position_3538,-1670.81,-439.86519999999996,1.5,13,37.2,55.54626428387977,34.4,5.1,41,hot,2017-08-15 13:00:00
position_3539,-1670.81,-429.86519999999996,1.5,13,37.2,55.70141836172894,34.4,5.1,41,hot,2017-08-15 13:00:00
position_3540,-1670.81,-419.86519999999996,1.5,13,37.3,56.011726517427306,34.4,5.1,41,hot,2017-08-15 13:00:00
position_3541,-1670.81,-409.86519999999996,1.5,13,37.3,55.87013439519321,34.4,5.1,41,hot,2017-08-15 13:00:00
position_3542,-1670.81,-399.86519999999996,1.5,13,37.1,54.94922853490207,34.4,5.1,41,hot,2017-08-15 13:00:00
position_3543,-1670.81,-389.86519999999996,1.5,13,37.1,55.26308003941159,34.4,5.1,41,hot,2017-08-15 13:00:00
position_3544,-1670.81,-379.86519999999996,1.5,13,37.3,55.85657243957812,34.4,5.1,41,hot,2017-08-15 13:00:00
position_3545,-1670.81,-369.86519999999996,1.5,13,32.7,34.4,34.4,5.1,41,hot,2017-08-15 13:00:00
position_3546,-1670.81,-359.86519999999996,1.5,13,32.7,34.4,34.4,5.1,41,hot,2017-08-15 13:00:00
position_3547,-1670.81,-349.86519999999996,1.5,13,32.7,34.4,34.4,5.1,41,hot,2017-08-15 13:00:00
position_3548,-1670.81,-339.86519999999996,1.5,13,32.7,34.4,34.4,5.1,41,hot,2017-08-15 13:00:00
position_3549,-1670.81,-329.86519999999996,1.5,13,32.7,34.4,34.4,5.1,41,hot,2017-08-15 13:00:00
position_3550,-1670.81,-319.86519999999996,1.5,13,36.7,53.373388007154716,34.4,5.1,41,hot,2017-08-15 13:00:00
position_3551,-1670.81,-309.86519999999996,1.5,13,32.7,34.4,34.4,5.1,41,hot,2017-08-15 13:00:00
position_3552,-1670.81,-299.86519999999996,1.5,13,32.7,34.4,34.4,5.1,41,hot,2017-08-15 13:00:00
position_3553,-1670.81,-289.86519999999996,1.5,13,32.7,34.4,34.4,5.1,41,hot,2017-08-15 13:00:00
position_3554,-1670.81,-279.86519999999996,1.5,13,32.7,34.4,34.4,5.1,41,hot,2017-08-15 13:00:00
position_3555,-1670.81,-269.86519999999996,1.5,13,32.7,34.4,34.4,5.1,41,hot,2017-08-15 13:00:00
position_3556,-1670.81,-259.86519999999996,1.5,13,32.7,34.4,34.4,5.1,41,hot,2017-08-15 13:00:00
position_3557,-1670.81,-249.86519999999996,1.5,13,34.5,42.86873985674286,34.4,5.1,41,hot,2017-08-15 13:00:00
position_3558,-1670.81,-239.86519999999996,1.5,13,35.9,49.70044040264386,34.4,5.1,41,hot,2017-08-15 13:00:00
position_3559,-1670.81,-229.86519999999996,1.5,13,35.9,49.5144197371059,34.4,5.1,41,hot,2017-08-15 13:00:00
position_3560,-1670.81,-219.86519999999996,1.5,13,34.9,44.58434000785721,34.4,5.1,41,hot,2017-08-15 13:00:00
position_3561,-1670.81,-209.86519999999996,1.5,13,33.4,37.67263933621822,34.4,5.1,41,hot,2017-08-15 13:00:00
position_3562,-1670.81,-199.86519999999996,1.5,13,34.5,42.7158420713033,34.4,5.1,41,hot,2017-08-15 13:00:00
position_3563,-1670.81,-189.86519999999996,1.5,13,39.3,64.9976398449115,34.4,5.1,41,very_hot,2017-08-15 13:00:00
position_3564,-1660.81,-619.8652,1.5,13,37.2,55.71498031734403,34.4,5.1,41,hot,2017-08-15 13:00:00
position_3565,-1660.81,-609.8652,1.5,13,37.1,54.966333839328314,34.4,5.1,41,hot,2017-08-15 13:00:00
position_3566,-1660.81,-599.8652,1.5,13,37.0,54.6628066614375,34.4,5.1,41,hot,2017-08-15 13:00:00
position_3567,-1660.81,-589.8652,1.5,13,36.9,53.92796725690456,34.4,5.1,41,hot,2017-08-15 13:00:00
position_3568,-1660.81,-579.8652,1.5,13,36.9,54.3252062453549,34.4,5.1,41,hot,2017-08-15 13:00:00
position_3569,-1660.81,-569.8652,1.5,13,37.0,54.63568275020734,34.4,5.1,41,hot,2017-08-15 13:00:00
position_3570,-1660.81,-559.8652,1.5,13,37.2,55.39111020603059,34.4,5.1,41,hot,2017-08-15 13:00:00
position_3571,-1660.81,-549.8652,1.5,13,37.1,55.08080205033223,34.4,5.1,41,hot,2017-08-15 13:00:00
position_3572,-1660.81,-539.8652,1.5,13,37.1,55.235956128181414,34.4,5.1,41,hot,2017-08-15 13:00:00
position_3573,-1660.81,-529.8652,1.5,13,37.1,54.925647972483056,34.4,5.1,41,hot,2017-08-15 13:00:00
position_3574,-1660.81,-519.8652,1.5,13,37.1,55.08080205033223,34.4,5.1,41,hot,2017-08-15 13:00:00
position_3575,-1660.81,-509.86519999999996,1.5,13,37.1,55.24273710598896,34.4,5.1,41,hot,2017-08-15 13:00:00
position_3576,-1660.81,-499.86519999999996,1.5,13,37.1,55.087583028139775,34.4,5.1,41,hot,2017-08-15 13:00:00
position_3577,-1660.81,-489.86519999999996,1.5,13,36.8,53.64288773707397,34.4,5.1,41,hot,2017-08-15 13:00:00
position_3578,-1660.81,-479.86519999999996,1.5,13,36.6,52.90490228398513,34.4,5.1,41,hot,2017-08-15 13:00:00
position_3579,-1660.81,-469.86519999999996,1.5,13,37.0,54.62195244543817,34.4,5.1,41,hot,2017-08-15 13:00:00
position_3580,-1660.81,-459.86519999999996,1.5,13,36.9,54.135871859448606,34.4,5.1,41,hot,2017-08-15 13:00:00
position_3581,-1660.81,-449.86519999999996,1.5,13,37.1,55.08753723791954,34.4,5.1,41,hot,2017-08-15 13:00:00
position_3582,-1660.81,-439.86519999999996,1.5,13,37.1,55.087583028139775,34.4,5.1,41,hot,2017-08-15 13:00:00
position_3583,-1660.81,-429.86519999999996,1.5,13,37.3,56.011726517427306,34.4,5.1,41,hot,2017-08-15 13:00:00
position_3584,-1660.81,-419.86519999999996,1.5,13,37.3,56.166880595276496,34.4,5.1,41,hot,2017-08-15 13:00:00
position_3585,-1660.81,-409.86519999999996,1.5,13,37.2,55.72176129515157,34.4,5.1,41,hot,2017-08-15 13:00:00
position_3586,-1660.81,-399.86519999999996,1.5,13,37.1,55.23224443021617,34.4,5.1,41,hot,2017-08-15 13:00:00
position_3587,-1660.81,-389.86519999999996,1.5,13,37.2,55.356700269530634,34.4,5.1,41,hot,2017-08-15 13:00:00
position_3588,-1660.81,-379.86519999999996,1.5,13,37.2,55.370430574299796,34.4,5.1,41,hot,2017-08-15 13:00:00
position_3589,-1660.81,-369.86519999999996,1.5,13,37.2,55.39111020603059,34.4,5.1,41,hot,2017-08-15 13:00:00
position_3590,-1660.81,-359.86519999999996,1.5,13,37.0,54.432725129397184,34.4,5.1,41,hot,2017-08-15 13:00:00
position_3591,-1660.81,-349.86519999999996,1.5,13,37.0,54.77727487244142,34.4,5.1,41,hot,2017-08-15 13:00:00
position_3592,-1660.81,-339.86519999999996,1.5,13,37.1,55.235956128181414,34.4,5.1,41,hot,2017-08-15 13:00:00
position_3593,-1660.81,-329.86519999999996,1.5,13,37.0,54.459849040627375,34.4,5.1,41,hot,2017-08-15 13:00:00
position_3594,-1660.81,-319.86519999999996,1.5,13,36.9,54.02151071831001,34.4,5.1,41,hot,2017-08-15 13:00:00
position_3595,-1660.81,-309.86519999999996,1.5,13,36.5,52.482264135964726,34.4,5.1,41,hot,2017-08-15 13:00:00
position_3596,-1660.81,-299.86519999999996,1.5,13,35.9,49.7130861088254,34.4,5.1,41,hot,2017-08-15 13:00:00
position_3597,-1660.81,-289.86519999999996,1.5,13,35.8,48.94059913879614,34.4,5.1,41,hot,2017-08-15 13:00:00
position_3598,-1660.81,-279.86519999999996,1.5,13,35.8,48.93714737042544,34.4,5.1,41,hot,2017-08-15 13:00:00
position_3599,-1660.81,-269.86519999999996,1.5,13,35.8,49.23044180213802,34.4,5.1,41,hot,2017-08-15 13:00:00
position_3600,-1660.81,-259.86519999999996,1.5,13,35.9,49.55448026260554,34.4,5.1,41,hot,2017-08-15 13:00:00
position_3601,-1660.81,-249.86519999999996,1.5,13,36.2,50.949935902087724,34.4,5.1,41,hot,2017-08-15 13:00:00
position_3602,-1660.81,-239.86519999999996,1.5,13,36.5,52.32837781758413,34.4,5.1,41,hot,2017-08-15 13:00:00
position_3603,-1660.81,-229.86519999999996,1.5,13,36.2,50.9636662068569,34.4,5.1,41,hot,2017-08-15 13:00:00
position_3604,-1660.81,-219.86519999999996,1.5,13,33.1,36.07278996730324,34.4,5.1,41,hot,2017-08-15 13:00:00
position_3605,-1660.81,-209.86519999999996,1.5,13,33.4,37.67263933621822,34.4,5.1,41,hot,2017-08-15 13:00:00
position_3606,-1660.81,-199.86519999999996,1.5,13,34.5,42.884726453921644,34.4,5.1,41,hot,2017-08-15 13:00:00
position_3607,-1660.81,-189.86519999999996,1.5,13,39.5,65.75407513060875,34.4,5.1,41,very_hot,2017-08-15 13:00:00
position_3608,-1650.81,-619.8652,1.5,13,36.9,54.31161331124643,34.4,5.1,41,hot,2017-08-15 13:00:00
position_3609,-1650.81,-609.8652,1.5,13,36.2,50.983047777611084,34.4,5.1,41,hot,2017-08-15 13:00:00
position_3610,-1650.81,-599.8652,1.5,13,35.5,47.855161423909735,34.4,5.1,41,hot,2017-08-15 13:00:00
position_3611,-1650.81,-589.8652,1.5,13,35.5,47.52510469799731,34.4,5.1,41,hot,2017-08-15 13:00:00
position_3612,-1650.81,-579.8652,1.5,13,35.9,49.700348144505426,34.4,5.1,41,hot,2017-08-15 13:00:00
position_3613,-1650.81,-569.8652,1.5,13,36.2,51.04897777010527,34.4,5.1,41,hot,2017-08-15 13:00:00
position_3614,-1650.81,-559.8652,1.5,13,36.6,52.73904139098884,34.4,5.1,41,hot,2017-08-15 13:00:00
position_3615,-1650.81,-549.8652,1.5,13,36.7,53.26625161164082,34.4,5.1,41,hot,2017-08-15 13:00:00
position_3616,-1650.81,-539.8652,1.5,13,36.8,53.55604848476247,34.4,5.1,41,hot,2017-08-15 13:00:00
position_3617,-1650.81,-529.8652,1.5,13,36.9,54.17683314531325,34.4,5.1,41,hot,2017-08-15 13:00:00
position_3618,-1650.81,-519.8652,1.5,13,36.9,54.33215557231652,34.4,5.1,41,hot,2017-08-15 13:00:00
position_3619,-1650.81,-509.86519999999996,1.5,13,37.1,55.08080205033223,34.4,5.1,41,hot,2017-08-15 13:00:00
position_3620,-1650.81,-499.86519999999996,1.5,13,37.1,55.08080205033223,34.4,5.1,41,hot,2017-08-15 13:00:00
position_3621,-1650.81,-489.86519999999996,1.5,13,37.1,55.24273710598896,34.4,5.1,41,hot,2017-08-15 13:00:00
position_3622,-1650.81,-479.86519999999996,1.5,13,37.1,54.94599090590569,34.4,5.1,41,hot,2017-08-15 13:00:00
position_3623,-1650.81,-469.86519999999996,1.5,13,37.1,55.235956128181414,34.4,5.1,41,hot,2017-08-15 13:00:00
position_3624,-1650.81,-459.86519999999996,1.5,13,37.0,54.74981426290309,34.4,5.1,41,hot,2017-08-15 13:00:00
position_3625,-1650.81,-449.86519999999996,1.5,13,37.1,55.222225823412245,34.4,5.1,41,hot,2017-08-15 13:00:00
position_3626,-1650.81,-439.86519999999996,1.5,13,37.2,55.397891183838134,34.4,5.1,41,hot,2017-08-15 13:00:00
position_3627,-1650.81,-429.86519999999996,1.5,13,37.3,55.85657243957812,34.4,5.1,41,hot,2017-08-15 13:00:00
position_3628,-1650.81,-419.86519999999996,1.5,13,37.3,56.011726517427306,34.4,5.1,41,hot,2017-08-15 13:00:00
position_3629,-1650.81,-409.86519999999996,1.5,13,37.2,55.71498031734403,34.4,5.1,41,hot,2017-08-15 13:00:00
position_3630,-1650.81,-399.86519999999996,1.5,13,36.9,54.15985039946454,34.4,5.1,41,hot,2017-08-15 13:00:00
position_3631,-1650.81,-389.86519999999996,1.5,13,37.1,54.9174766762731,34.4,5.1,41,hot,2017-08-15 13:00:00
position_3632,-1650.81,-379.86519999999996,1.5,13,37.0,54.60929124983178,34.4,5.1,41,hot,2017-08-15 13:00:00
position_3633,-1650.81,-369.86519999999996,1.5,13,37.1,55.04984388220298,34.4,5.1,41,hot,2017-08-15 13:00:00
position_3634,-1650.81,-359.86519999999996,1.5,13,36.9,54.14489744846169,34.4,5.1,41,hot,2017-08-15 13:00:00
position_3635,-1650.81,-349.86519999999996,1.5,13,37.3,55.86335341738567,34.4,5.1,41,hot,2017-08-15 13:00:00
position_3636,-1650.81,-339.86519999999996,1.5,13,37.2,55.69792080313802,34.4,5.1,41,hot,2017-08-15 13:00:00
position_3637,-1650.81,-329.86519999999996,1.5,13,37.0,54.626534602260406,34.4,5.1,41,hot,2017-08-15 13:00:00
position_3638,-1650.81,-319.86519999999996,1.5,13,37.0,54.60449495363522,34.4,5.1,41,hot,2017-08-15 13:00:00
position_3639,-1650.81,-309.86519999999996,1.5,13,36.5,52.21291726577473,34.4,5.1,41,hot,2017-08-15 13:00:00
position_3640,-1650.81,-299.86519999999996,1.5,13,36.6,52.942044802019225,34.4,5.1,41,hot,2017-08-15 13:00:00
position_3641,-1650.81,-289.86519999999996,1.5,13,36.7,53.08363692425331,34.4,5.1,41,hot,2017-08-15 13:00:00
position_3642,-1650.81,-279.86519999999996,1.5,13,36.6,52.78010974636251,34.4,5.1,41,hot,2017-08-15 13:00:00
position_3643,-1650.81,-269.86519999999996,1.5,13,36.6,52.77332876855496,34.4,5.1,41,hot,2017-08-15 13:00:00
position_3644,-1650.81,-259.86519999999996,1.5,13,36.5,52.42877902551072,34.4,5.1,41,hot,2017-08-15 13:00:00
position_3645,-1650.81,-249.86519999999996,1.5,13,36.1,50.47334083898229,34.4,5.1,41,hot,2017-08-15 13:00:00
position_3646,-1650.81,-239.86519999999996,1.5,13,36.7,53.27998191640999,34.4,5.1,41,hot,2017-08-15 13:00:00
position_3647,-1650.81,-229.86519999999996,1.5,13,36.6,52.90464235439057,34.4,5.1,41,hot,2017-08-15 13:00:00
position_3648,-1650.81,-219.86519999999996,1.5,13,36.0,49.851226462688814,34.4,5.1,41,hot,2017-08-15 13:00:00
position_3649,-1650.81,-209.86519999999996,1.5,13,35.5,47.50978768921409,34.4,5.1,41,hot,2017-08-15 13:00:00
position_3650,-1650.81,-199.86519999999996,1.5,13,35.2,46.1172477928596,34.4,5.1,41,hot,2017-08-15 13:00:00
position_3651,-1650.81,-189.86519999999996,1.5,13,39.9,67.7544469071907,34.4,5.1,41,very_hot,2017-08-15 13:00:00
position_3652,-1640.81,-619.8652,1.5,13,36.9,54.01456139134838,34.4,5.1,41,hot,2017-08-15 13:00:00
position_3653,-1640.81,-609.8652,1.5,13,35.5,47.78756284388541,34.4,5.1,41,hot,2017-08-15 13:00:00
position_3654,-1640.81,-599.8652,1.5,13,33.9,40.08678975626739,34.4,5.1,41,hot,2017-08-15 13:00:00
position_3655,-1640.81,-589.8652,1.5,13,33.8,39.3039016909058,34.4,5.1,41,hot,2017-08-15 13:00:00
position_3656,-1640.81,-579.8652,1.5,13,34.0,40.24889316107819,34.4,5.1,41,hot,2017-08-15 13:00:00
position_3657,-1640.81,-569.8652,1.5,13,34.8,44.33898335888721,34.4,5.1,41,hot,2017-08-15 13:00:00
position_3658,-1640.81,-559.8652,1.5,13,35.5,47.60123708919796,34.4,5.1,41,hot,2017-08-15 13:00:00
position_3659,-1640.81,-549.8652,1.5,13,35.9,49.52124650513368,34.4,5.1,41,hot,2017-08-15 13:00:00
position_3660,-1640.81,-539.8652,1.5,13,34.9,44.919309516697744,34.4,5.1,41,hot,2017-08-15 13:00:00
position_3661,-1640.81,-529.8652,1.5,13,34.9,44.73470947071391,34.4,5.1,41,hot,2017-08-15 13:00:00
position_3662,-1640.81,-519.8652,1.5,13,36.4,51.663027243068754,34.4,5.1,41,hot,2017-08-15 13:00:00
position_3663,-1640.81,-509.86519999999996,1.5,13,36.6,52.97645473851917,34.4,5.1,41,hot,2017-08-15 13:00:00
position_3664,-1640.81,-499.86519999999996,1.5,13,36.8,53.88703627219162,34.4,5.1,41,hot,2017-08-15 13:00:00
position_3665,-1640.81,-489.86519999999996,1.5,13,36.8,53.5835090943008,34.4,5.1,41,hot,2017-08-15 13:00:00
position_3666,-1640.81,-479.86519999999996,1.5,13,36.9,54.345717527931605,34.4,5.1,41,hot,2017-08-15 13:00:00
position_3667,-1640.81,-469.86519999999996,1.5,13,37.0,54.64924470582242,34.4,5.1,41,hot,2017-08-15 13:00:00
position_3668,-1640.81,-459.86519999999996,1.5,13,37.1,55.10114498375487,34.4,5.1,41,hot,2017-08-15 13:00:00
position_3669,-1640.81,-449.86519999999996,1.5,13,37.1,55.2495180837965,34.4,5.1,41,hot,2017-08-15 13:00:00
position_3670,-1640.81,-439.86519999999996,1.5,13,37.1,55.2495180837965,34.4,5.1,41,hot,2017-08-15 13:00:00
position_3671,-1640.81,-429.86519999999996,1.5,13,37.3,56.011726517427306,34.4,5.1,41,hot,2017-08-15 13:00:00
position_3672,-1640.81,-419.86519999999996,1.5,13,37.3,56.166880595276496,34.4,5.1,41,hot,2017-08-15 13:00:00
position_3673,-1640.81,-409.86519999999996,1.5,13,37.3,56.166880595276496,34.4,5.1,41,hot,2017-08-15 13:00:00
position_3674,-1640.81,-399.86519999999996,1.5,13,37.2,55.71498031734403,34.4,5.1,41,hot,2017-08-15 13:00:00
position_3675,-1640.81,-389.86519999999996,1.5,13,37.2,55.55982623949485,34.4,5.1,41,hot,2017-08-15 13:00:00
position_3676,-1640.81,-379.86519999999996,1.5,13,37.3,55.85657243957812,34.4,5.1,41,hot,2017-08-15 13:00:00
position_3677,-1640.81,-369.86519999999996,1.5,13,37.2,55.55982623949485,34.4,5.1,41,hot,2017-08-15 13:00:00
position_3678,-1640.81,-359.86519999999996,1.5,13,37.3,56.166880595276496,34.4,5.1,41,hot,2017-08-15 13:00:00
position_3679,-1640.81,-349.86519999999996,1.5,13,37.3,55.85657243957812,34.4,5.1,41,hot,2017-08-15 13:00:00
position_3680,-1640.81,-339.86519999999996,1.5,13,37.2,55.708199339536485,34.4,5.1,41,hot,2017-08-15 13:00:00
position_3681,-1640.81,-329.86519999999996,1.5,13,37.3,55.85657243957812,34.4,5.1,41,hot,2017-08-15 13:00:00
position_3682,-1640.81,-319.86519999999996,1.5,13,37.1,54.91853029636736,34.4,5.1,41,hot,2017-08-15 13:00:00
position_3683,-1640.81,-309.86519999999996,1.5,13,36.3,51.48742316193163,34.4,5.1,41,hot,2017-08-15 13:00:00
position_3684,-1640.81,-299.86519999999996,1.5,13,36.4,51.86065548340622,34.4,5.1,41,hot,2017-08-15 13:00:00
position_3685,-1640.81,-289.86519999999996,1.5,13,36.9,54.04219035004079,34.4,5.1,41,hot,2017-08-15 13:00:00
position_3686,-1640.81,-279.86519999999996,1.5,13,36.9,54.33893655012406,34.4,5.1,41,hot,2017-08-15 13:00:00
position_3687,-1640.81,-269.86519999999996,1.5,13,36.9,54.33215557231652,34.4,5.1,41,hot,2017-08-15 13:00:00
position_3688,-1640.81,-259.86519999999996,1.5,13,36.7,53.17742550352643,34.4,5.1,41,hot,2017-08-15 13:00:00
position_3689,-1640.81,-249.86519999999996,1.5,13,36.3,51.38253205460862,34.4,5.1,41,hot,2017-08-15 13:00:00
position_3690,-1640.81,-239.86519999999996,1.5,13,36.8,53.56299781172409,34.4,5.1,41,hot,2017-08-15 13:00:00
position_3691,-1640.81,-229.86519999999996,1.5,13,36.9,54.19056345008242,34.4,5.1,41,hot,2017-08-15 13:00:00
position_3692,-1640.81,-219.86519999999996,1.5,13,36.6,52.942044802019225,34.4,5.1,41,hot,2017-08-15 13:00:00
position_3693,-1640.81,-209.86519999999996,1.5,13,36.6,52.59749505897499,34.4,5.1,41,hot,2017-08-15 13:00:00
position_3694,-1640.81,-199.86519999999996,1.5,13,36.7,53.38711831192388,34.4,5.1,41,hot,2017-08-15 13:00:00
position_3695,-1640.81,-189.86519999999996,1.5,13,40.3,69.59389145798993,34.4,5.1,41,very_hot,2017-08-15 13:00:00
position_3696,-1630.81,-619.8652,1.5,13,36.8,53.6632306704966,34.4,5.1,41,hot,2017-08-15 13:00:00
position_3697,-1630.81,-609.8652,1.5,13,34.6,43.18727610237753,34.4,5.1,41,hot,2017-08-15 13:00:00
position_3698,-1630.81,-599.8652,1.5,13,33.7,38.84522043516581,34.4,5.1,41,hot,2017-08-15 13:00:00
position_3699,-1630.81,-589.8652,1.5,13,33.5,38.292750600152694,34.4,5.1,41,hot,2017-08-15 13:00:00
position_3700,-1630.81,-579.8652,1.5,13,34.0,40.44166382593034,34.4,5.1,41,hot,2017-08-15 13:00:00
position_3701,-1630.81,-569.8652,1.5,13,35.4,47.11555602433192,34.4,5.1,41,hot,2017-08-15 13:00:00
position_3702,-1630.81,-559.8652,1.5,13,35.6,47.87220544940353,34.4,5.1,41,hot,2017-08-15 13:00:00
position_3703,-1630.81,-549.8652,1.5,13,34.3,41.73796903067943,34.4,5.1,41,hot,2017-08-15 13:00:00
position_3704,-1630.81,-539.8652,1.5,13,33.9,40.06527064381667,34.4,5.1,41,hot,2017-08-15 13:00:00
position_3705,-1630.81,-529.8652,1.5,13,34.1,41.09024579432762,34.4,5.1,41,hot,2017-08-15 13:00:00
position_3706,-1630.81,-519.8652,1.5,13,35.4,47.02483300718259,34.4,5.1,41,hot,2017-08-15 13:00:00
position_3707,-1630.81,-509.86519999999996,1.5,13,35.5,47.65922541392502,34.4,5.1,41,hot,2017-08-15 13:00:00
position_3708,-1630.81,-499.86519999999996,1.5,13,35.2,46.27859948952649,34.4,5.1,41,hot,2017-08-15 13:00:00
position_3709,-1630.81,-489.86519999999996,1.5,13,35.1,45.82812499262702,34.4,5.1,41,hot,2017-08-15 13:00:00
position_3710,-1630.81,-479.86519999999996,1.5,13,35.6,47.97747904489863,34.4,5.1,41,hot,2017-08-15 13:00:00
position_3711,-1630.81,-469.86519999999996,1.5,13,36.2,51.07662154052455,34.4,5.1,41,hot,2017-08-15 13:00:00
position_3712,-1630.81,-459.86519999999996,1.5,13,36.7,53.387164102144126,34.4,5.1,41,hot,2017-08-15 13:00:00
position_3713,-1630.81,-449.86519999999996,1.5,13,36.9,54.3252062453549,34.4,5.1,41,hot,2017-08-15 13:00:00
position_3714,-1630.81,-439.86519999999996,1.5,13,37.1,54.95277188371323,34.4,5.1,41,hot,2017-08-15 13:00:00
position_3715,-1630.81,-429.86519999999996,1.5,13,37.2,55.708199339536485,34.4,5.1,41,hot,2017-08-15 13:00:00
position_3716,-1630.81,-419.86519999999996,1.5,13,37.3,55.85657243957812,34.4,5.1,41,hot,2017-08-15 13:00:00
position_3717,-1630.81,-409.86519999999996,1.5,13,37.3,56.011726517427306,34.4,5.1,41,hot,2017-08-15 13:00:00
position_3718,-1630.81,-399.86519999999996,1.5,13,37.3,56.011726517427306,34.4,5.1,41,hot,2017-08-15 13:00:00
position_3719,-1630.81,-389.86519999999996,1.5,13,37.3,56.166880595276496,34.4,5.1,41,hot,2017-08-15 13:00:00
position_3720,-1630.81,-379.86519999999996,1.5,13,37.2,55.70141836172894,34.4,5.1,41,hot,2017-08-15 13:00:00
position_3721,-1630.81,-369.86519999999996,1.5,13,37.3,55.85657243957812,34.4,5.1,41,hot,2017-08-15 13:00:00
position_3722,-1630.81,-359.86519999999996,1.5,13,37.2,55.54626428387977,34.4,5.1,41,hot,2017-08-15 13:00:00
position_3723,-1630.81,-349.86519999999996,1.5,13,37.1,55.11470693936996,34.4,5.1,41,hot,2017-08-15 13:00:00
position_3724,-1630.81,-339.86519999999996,1.5,13,37.0,54.742696586787396,34.4,5.1,41,hot,2017-08-15 13:00:00
position_3725,-1630.81,-329.86519999999996,1.5,13,37.1,55.08046535202407,34.4,5.1,41,hot,2017-08-15 13:00:00
position_3726,-1630.81,-319.86519999999996,1.5,13,37.2,55.55632868090392,34.4,5.1,41,hot,2017-08-15 13:00:00
position_3727,-1630.81,-309.86519999999996,1.5,13,36.6,52.64248925168821,34.4,5.1,41,hot,2017-08-15 13:00:00
position_3728,-1630.81,-299.86519999999996,1.5,13,36.6,52.75184063424128,34.4,5.1,41,hot,2017-08-15 13:00:00
position_3729,-1630.81,-289.86519999999996,1.5,13,37.0,54.63568275020734,34.4,5.1,41,hot,2017-08-15 13:00:00
position_3730,-1630.81,-279.86519999999996,1.5,13,37.1,55.235956128181414,34.4,5.1,41,hot,2017-08-15 13:00:00
position_3731,-1630.81,-269.86519999999996,1.5,13,37.1,55.06707174556307,34.4,5.1,41,hot,2017-08-15 13:00:00
position_3732,-1630.81,-259.86519999999996,1.5,13,36.9,54.33792872025005,34.4,5.1,41,hot,2017-08-15 13:00:00
position_3733,-1630.81,-249.86519999999996,1.5,13,36.6,52.82383617960715,34.4,5.1,41,hot,2017-08-15 13:00:00
position_3734,-1630.81,-239.86519999999996,1.5,13,36.5,52.51482676151443,34.4,5.1,41,hot,2017-08-15 13:00:00
position_3735,-1630.81,-229.86519999999996,1.5,13,36.5,52.48344031499283,34.4,5.1,41,hot,2017-08-15 13:00:00
position_3736,-1630.81,-219.86519999999996,1.5,13,36.2,50.80076911154639,34.4,5.1,41,hot,2017-08-15 13:00:00
position_3737,-1630.81,-209.86519999999996,1.5,13,36.6,52.776734746705415,34.4,5.1,41,hot,2017-08-15 13:00:00
position_3738,-1630.81,-199.86519999999996,1.5,13,36.9,54.345717527931605,34.4,5.1,41,hot,2017-08-15 13:00:00
position_3739,-1630.81,-189.86519999999996,1.5,13,40.5,70.38356050115907,34.4,5.1,41,very_hot,2017-08-15 13:00:00
position_3740,-1620.81,-619.8652,1.5,13,36.8,53.70092402621317,34.4,5.1,41,hot,2017-08-15 13:00:00
position_3741,-1620.81,-609.8652,1.5,13,35.2,46.311373990112656,34.4,5.1,41,hot,2017-08-15 13:00:00
position_3742,-1620.81,-599.8652,1.5,13,34.0,40.62768449146831,34.4,5.1,41,hot,2017-08-15 13:00:00
position_3743,-1620.81,-589.8652,1.5,13,34.6,43.5638421188514,34.4,5.1,41,hot,2017-08-15 13:00:00
position_3744,-1620.81,-579.8652,1.5,13,35.3,46.45138162884465,34.4,5.1,41,hot,2017-08-15 13:00:00
position_3745,-1620.81,-569.8652,1.5,13,35.0,45.25201037458292,34.4,5.1,41,hot,2017-08-15 13:00:00
position_3746,-1620.81,-559.8652,1.5,13,34.3,42.115786640211674,34.4,5.1,41,hot,2017-08-15 13:00:00
position_3747,-1620.81,-549.8652,1.5,13,33.5,37.90768333941728,34.4,5.1,41,hot,2017-08-15 13:00:00
position_3748,-1620.81,-539.8652,1.5,13,33.7,39.153360071386885,34.4,5.1,41,hot,2017-08-15 13:00:00
position_3749,-1620.81,-529.8652,1.5,13,35.0,45.10623407276721,34.4,5.1,41,hot,2017-08-15 13:00:00
position_3750,-1620.81,-519.8652,1.5,13,34.4,42.16005851556556,34.4,5.1,41,hot,2017-08-15 13:00:00
position_3751,-1620.81,-509.86519999999996,1.5,13,33.9,39.83157116879979,34.4,5.1,41,hot,2017-08-15 13:00:00
position_3752,-1620.81,-499.86519999999996,1.5,13,33.8,39.732083358773174,34.4,5.1,41,hot,2017-08-15 13:00:00
position_3753,-1620.81,-489.86519999999996,1.5,13,33.7,38.831995177858886,34.4,5.1,41,hot,2017-08-15 13:00:00
position_3754,-1620.81,-479.86519999999996,1.5,13,34.4,42.524477213565795,34.4,5.1,41,hot,2017-08-15 13:00:00
position_3755,-1620.81,-469.86519999999996,1.5,13,35.2,46.02245138371246,34.4,5.1,41,hot,2017-08-15 13:00:00
position_3756,-1620.81,-459.86519999999996,1.5,13,36.1,50.331381040659295,34.4,5.1,41,hot,2017-08-15 13:00:00
position_3757,-1620.81,-449.86519999999996,1.5,13,36.5,52.155904295934384,34.4,5.1,41,hot,2017-08-15 13:00:00
position_3758,-1620.81,-439.86519999999996,1.5,13,36.9,54.331987223162436,34.4,5.1,41,hot,2017-08-15 13:00:00
position_3759,-1620.81,-429.86519999999996,1.5,13,37.1,55.11470693936996,34.4,5.1,41,hot,2017-08-15 13:00:00
position_3760,-1620.81,-419.86519999999996,1.5,13,37.3,55.85657243957812,34.4,5.1,41,hot,2017-08-15 13:00:00
position_3761,-1620.81,-409.86519999999996,1.5,13,37.3,55.85657243957812,34.4,5.1,41,hot,2017-08-15 13:00:00
position_3762,-1620.81,-399.86519999999996,1.5,13,37.3,56.011726517427306,34.4,5.1,41,hot,2017-08-15 13:00:00
position_3763,-1620.81,-389.86519999999996,1.5,13,37.3,56.166880595276496,34.4,5.1,41,hot,2017-08-15 13:00:00
position_3764,-1620.81,-379.86519999999996,1.5,13,37.2,55.70141836172894,34.4,5.1,41,hot,2017-08-15 13:00:00
position_3765,-1620.81,-369.86519999999996,1.5,13,37.2,55.70141836172894,34.4,5.1,41,hot,2017-08-15 13:00:00
position_3766,-1620.81,-359.86519999999996,1.5,13,37.2,55.55304526168731,34.4,5.1,41,hot,2017-08-15 13:00:00
position_3767,-1620.81,-349.86519999999996,1.5,13,36.9,54.05950979384137,34.4,5.1,41,hot,2017-08-15 13:00:00
position_3768,-1620.81,-339.86519999999996,1.5,13,35.8,49.028748132932,34.4,5.1,41,hot,2017-08-15 13:00:00
position_3769,-1620.81,-329.86519999999996,1.5,13,36.2,50.72779671444357,34.4,5.1,41,hot,2017-08-15 13:00:00
position_3770,-1620.81,-319.86519999999996,1.5,13,37.0,54.81117976147914,34.4,5.1,41,hot,2017-08-15 13:00:00
position_3771,-1620.81,-309.86519999999996,1.5,13,37.1,55.11470693936996,34.4,5.1,41,hot,2017-08-15 13:00:00
position_3772,-1620.81,-299.86519999999996,1.5,13,37.1,54.95277188371323,34.4,5.1,41,hot,2017-08-15 13:00:00
position_3773,-1620.81,-289.86519999999996,1.5,13,37.1,55.08080205033223,34.4,5.1,41,hot,2017-08-15 13:00:00
position_3774,-1620.81,-279.86519999999996,1.5,13,37.1,55.09436400594731,34.4,5.1,41,hot,2017-08-15 13:00:00
position_3775,-1620.81,-269.86519999999996,1.5,13,37.0,54.74981426290309,34.4,5.1,41,hot,2017-08-15 13:00:00
position_3776,-1620.81,-259.86519999999996,1.5,13,37.0,54.79761780586405,34.4,5.1,41,hot,2017-08-15 13:00:00
position_3777,-1620.81,-249.86519999999996,1.5,13,37.1,55.20849551864308,34.4,5.1,41,hot,2017-08-15 13:00:00
position_3778,-1620.81,-239.86519999999996,1.5,13,36.9,54.28418368020148,34.4,5.1,41,hot,2017-08-15 13:00:00
position_3779,-1620.81,-229.86519999999996,1.5,13,36.7,53.40080282647281,34.4,5.1,41,hot,2017-08-15 13:00:00
position_3780,-1620.81,-219.86519999999996,1.5,13,36.1,50.63651267597053,34.4,5.1,41,hot,2017-08-15 13:00:00
position_3781,-1620.81,-209.86519999999996,1.5,13,36.9,54.14599753611784,34.4,5.1,41,hot,2017-08-15 13:00:00
position_3782,-1620.81,-199.86519999999996,1.5,13,37.1,55.25629906160404,34.4,5.1,41,hot,2017-08-15 13:00:00
position_3783,-1620.81,-189.86519999999996,1.5,13,40.6,70.8354607790915,34.4,5.1,41,very_hot,2017-08-15 13:00:00
position_3784,-1610.81,-619.8652,1.5,13,37.0,54.79083682805651,34.4,5.1,41,hot,2017-08-15 13:00:00
position_3785,-1610.81,-609.8652,1.5,13,36.7,53.08346857509923,34.4,5.1,41,hot,2017-08-15 13:00:00
position_3786,-1610.81,-599.8652,1.5,13,36.1,50.31206074883756,34.4,5.1,41,hot,2017-08-15 13:00:00
position_3787,-1610.81,-589.8652,1.5,13,35.5,47.43276105737367,34.4,5.1,41,hot,2017-08-15 13:00:00
position_3788,-1610.81,-579.8652,1.5,13,35.9,49.6831815607904,34.4,5.1,41,hot,2017-08-15 13:00:00
position_3789,-1610.81,-569.8652,1.5,13,32.7,34.4,34.4,5.1,41,hot,2017-08-15 13:00:00
position_3790,-1610.81,-559.8652,1.5,13,32.7,34.4,34.4,5.1,41,hot,2017-08-15 13:00:00
position_3791,-1610.81,-549.8652,1.5,13,33.0,35.641232622793424,34.4,5.1,41,hot,2017-08-15 13:00:00
position_3792,-1610.81,-539.8652,1.5,13,33.4,37.466061597883304,34.4,5.1,41,hot,2017-08-15 13:00:00
position_3793,-1610.81,-529.8652,1.5,13,35.1,45.69271654402501,34.4,5.1,41,hot,2017-08-15 13:00:00
position_3794,-1610.81,-519.8652,1.5,13,34.6,43.565628150512886,34.4,5.1,41,hot,2017-08-15 13:00:00
position_3795,-1610.81,-509.86519999999996,1.5,13,33.5,38.2768858849224,34.4,5.1,41,hot,2017-08-15 13:00:00
position_3796,-1610.81,-499.86519999999996,1.5,13,33.5,37.92431457487466,34.4,5.1,41,hot,2017-08-15 13:00:00
position_3797,-1610.81,-489.86519999999996,1.5,13,33.2,36.41717136119339,34.4,5.1,41,hot,2017-08-15 13:00:00
position_3798,-1610.81,-479.86519999999996,1.5,13,34.5,42.657643415066374,34.4,5.1,41,hot,2017-08-15 13:00:00
position_3799,-1610.81,-469.86519999999996,1.5,13,32.7,34.4,34.4,5.1,41,hot,2017-08-15 13:00:00
position_3800,-1610.81,-459.86519999999996,1.5,13,32.7,34.4,34.4,5.1,41,hot,2017-08-15 13:00:00
position_3801,-1610.81,-449.86519999999996,1.5,13,34.7,43.946185628079505,34.4,5.1,41,hot,2017-08-15 13:00:00
position_3802,-1610.81,-439.86519999999996,1.5,13,36.3,51.54535238156183,34.4,5.1,41,hot,2017-08-15 13:00:00
position_3803,-1610.81,-429.86519999999996,1.5,13,37.0,54.64924470582242,34.4,5.1,41,hot,2017-08-15 13:00:00
position_3804,-1610.81,-419.86519999999996,1.5,13,37.1,55.26308003941159,34.4,5.1,41,hot,2017-08-15 13:00:00
position_3805,-1610.81,-409.86519999999996,1.5,13,37.2,55.70141836172894,34.4,5.1,41,hot,2017-08-15 13:00:00
position_3806,-1610.81,-399.86519999999996,1.5,13,37.3,55.85657243957812,34.4,5.1,41,hot,2017-08-15 13:00:00
position_3807,-1610.81,-389.86519999999996,1.5,13,37.2,55.40467216164567,34.4,5.1,41,hot,2017-08-15 13:00:00
position_3808,-1610.81,-379.86519999999996,1.5,13,37.2,55.397891183838134,34.4,5.1,41,hot,2017-08-15 13:00:00
position_3809,-1610.81,-369.86519999999996,1.5,13,37.2,55.70141836172894,34.4,5.1,41,hot,2017-08-15 13:00:00
position_3810,-1610.81,-359.86519999999996,1.5,13,37.2,55.708199339536485,34.4,5.1,41,hot,2017-08-15 13:00:00
position_3811,-1610.81,-349.86519999999996,1.5,13,37.0,54.81808329822052,34.4,5.1,41,hot,2017-08-15 13:00:00
position_3812,-1610.81,-339.86519999999996,1.5,13,36.5,52.238436809730416,34.4,5.1,41,hot,2017-08-15 13:00:00
position_3813,-1610.81,-329.86519999999996,1.5,13,36.2,51.03414737767994,34.4,5.1,41,hot,2017-08-15 13:00:00
position_3814,-1610.81,-319.86519999999996,1.5,13,37.1,55.25629906160404,34.4,5.1,41,hot,2017-08-15 13:00:00
position_3815,-1610.81,-309.86519999999996,1.5,13,37.2,55.70141836172894,34.4,5.1,41,hot,2017-08-15 13:00:00
position_3816,-1610.81,-299.86519999999996,1.5,13,37.3,56.011726517427306,34.4,5.1,41,hot,2017-08-15 13:00:00
position_3817,-1610.81,-289.86519999999996,1.5,13,37.1,55.235956128181414,34.4,5.1,41,hot,2017-08-15 13:00:00
position_3818,-1610.81,-279.86519999999996,1.5,13,37.2,55.5325339791106,34.4,5.1,41,hot,2017-08-15 13:00:00
position_3819,-1610.81,-269.86519999999996,1.5,13,36.6,52.88855520707172,34.4,5.1,41,hot,2017-08-15 13:00:00
position_3820,-1610.81,-259.86519999999996,1.5,13,37.2,55.36364959649225,34.4,5.1,41,hot,2017-08-15 13:00:00
position_3821,-1610.81,-249.86519999999996,1.5,13,37.2,55.40467216164567,34.4,5.1,41,hot,2017-08-15 13:00:00
position_3822,-1610.81,-239.86519999999996,1.5,13,37.2,55.55304526168731,34.4,5.1,41,hot,2017-08-15 13:00:00
position_3823,-1610.81,-229.86519999999996,1.5,13,36.7,53.22328634723222,34.4,5.1,41,hot,2017-08-15 13:00:00
position_3824,-1610.81,-219.86519999999996,1.5,13,36.5,52.28981019478981,34.4,5.1,41,hot,2017-08-15 13:00:00
position_3825,-1610.81,-209.86519999999996,1.5,13,36.6,52.924111020735445,34.4,5.1,41,hot,2017-08-15 13:00:00
position_3826,-1610.81,-199.86519999999996,1.5,13,37.3,56.166880595276496,34.4,5.1,41,hot,2017-08-15 13:00:00
position_3827,-1610.81,-189.86519999999996,1.5,13,40.7,70.9906148569407,34.4,5.1,41,very_hot,2017-08-15 13:00:00
position_3828,-1600.81,-619.8652,1.5,13,36.9,54.14987758323717,34.4,5.1,41,hot,2017-08-15 13:00:00
position_3829,-1600.81,-609.8652,1.5,13,36.5,52.48037103515054,34.4,5.1,41,hot,2017-08-15 13:00:00
position_3830,-1600.81,-599.8652,1.5,13,36.6,52.54401212306918,34.4,5.1,41,hot,2017-08-15 13:00:00
position_3831,-1600.81,-589.8652,1.5,13,36.5,52.4970938510484,34.4,5.1,41,hot,2017-08-15 13:00:00
position_3832,-1600.81,-579.8652,1.5,13,35.8,48.79787730509584,34.4,5.1,41,hot,2017-08-15 13:00:00
position_3833,-1600.81,-569.8652,1.5,13,34.7,43.66223934859033,34.4,5.1,41,hot,2017-08-15 13:00:00
position_3834,-1600.81,-559.8652,1.5,13,34.3,41.82229423553497,34.4,5.1,41,hot,2017-08-15 13:00:00
position_3835,-1600.81,-549.8652,1.5,13,34.2,41.37068486533414,34.4,5.1,41,hot,2017-08-15 13:00:00
position_3836,-1600.81,-539.8652,1.5,13,33.6,38.40398118216023,34.4,5.1,41,hot,2017-08-15 13:00:00
position_3837,-1600.81,-529.8652,1.5,13,34.9,44.577772259413145,34.4,5.1,41,hot,2017-08-15 13:00:00
position_3838,-1600.81,-519.8652,1.5,13,32.7,34.4,34.4,5.1,41,hot,2017-08-15 13:00:00
position_3839,-1600.81,-509.86519999999996,1.5,13,32.7,34.4,34.4,5.1,41,hot,2017-08-15 13:00:00
position_3840,-1600.81,-499.86519999999996,1.5,13,34.1,40.871682477514604,34.4,5.1,41,hot,2017-08-15 13:00:00
position_3841,-1600.81,-489.86519999999996,1.5,13,33.2,36.65768660037563,34.4,5.1,41,hot,2017-08-15 13:00:00
position_3842,-1600.81,-479.86519999999996,1.5,13,32.7,34.4,34.4,5.1,41,hot,2017-08-15 13:00:00
position_3843,-1600.81,-469.86519999999996,1.5,13,32.7,34.4,34.4,5.1,41,hot,2017-08-15 13:00:00
position_3844,-1600.81,-459.86519999999996,1.5,13,32.7,34.4,34.4,5.1,41,hot,2017-08-15 13:00:00
position_3845,-1600.81,-449.86519999999996,1.5,13,34.3,42.097076878364994,34.4,5.1,41,hot,2017-08-15 13:00:00
position_3846,-1600.81,-439.86519999999996,1.5,13,35.6,47.96810126886517,34.4,5.1,41,hot,2017-08-15 13:00:00
position_3847,-1600.81,-429.86519999999996,1.5,13,36.9,54.19039510092835,34.4,5.1,41,hot,2017-08-15 13:00:00
position_3848,-1600.81,-419.86519999999996,1.5,13,37.1,55.10792596156241,34.4,5.1,41,hot,2017-08-15 13:00:00
position_3849,-1600.81,-409.86519999999996,1.5,13,37.2,55.708199339536485,34.4,5.1,41,hot,2017-08-15 13:00:00
position_3850,-1600.81,-399.86519999999996,1.5,13,37.1,55.2495180837965,34.4,5.1,41,hot,2017-08-15 13:00:00
position_3851,-1600.81,-389.86519999999996,1.5,13,37.0,54.81490694851291,34.4,5.1,41,hot,2017-08-15 13:00:00
position_3852,-1600.81,-379.86519999999996,1.5,13,37.2,55.518803674341434,34.4,5.1,41,hot,2017-08-15 13:00:00
position_3853,-1600.81,-369.86519999999996,1.5,13,37.4,56.322034673125664,34.4,5.1,41,hot,2017-08-15 13:00:00
position_3854,-1600.81,-359.86519999999996,1.5,13,37.3,55.85657243957812,34.4,5.1,41,hot,2017-08-15 13:00:00
position_3855,-1600.81,-349.86519999999996,1.5,13,37.2,55.55304526168731,34.4,5.1,41,hot,2017-08-15 13:00:00
position_3856,-1600.81,-339.86519999999996,1.5,13,37.2,55.418234117260766,34.4,5.1,41,hot,2017-08-15 13:00:00
position_3857,-1600.81,-329.86519999999996,1.5,13,37.2,55.57338819510994,34.4,5.1,41,hot,2017-08-15 13:00:00
position_3858,-1600.81,-319.86519999999996,1.5,13,37.2,55.53931495691815,34.4,5.1,41,hot,2017-08-15 13:00:00
position_3859,-1600.81,-309.86519999999996,1.5,13,37.3,55.85657243957812,34.4,5.1,41,hot,2017-08-15 13:00:00
position_3860,-1600.81,-299.86519999999996,1.5,13,37.3,56.011726517427306,34.4,5.1,41,hot,2017-08-15 13:00:00
position_3861,-1600.81,-289.86519999999996,1.5,13,37.3,56.011726517427306,34.4,5.1,41,hot,2017-08-15 13:00:00
position_3862,-1600.81,-279.86519999999996,1.5,13,37.2,55.55304526168731,34.4,5.1,41,hot,2017-08-15 13:00:00
position_3863,-1600.81,-269.86519999999996,1.5,13,37.1,55.235956128181414,34.4,5.1,41,hot,2017-08-15 13:00:00
position_3864,-1600.81,-259.86519999999996,1.5,13,37.0,54.77015719632571,34.4,5.1,41,hot,2017-08-15 13:00:00
position_3865,-1600.81,-249.86519999999996,1.5,13,36.9,54.15635284122992,34.4,5.1,41,hot,2017-08-15 13:00:00
position_3866,-1600.81,-239.86519999999996,1.5,13,37.1,55.11470693936996,34.4,5.1,41,hot,2017-08-15 13:00:00
position_3867,-1600.81,-229.86519999999996,1.5,13,37.0,54.742819145721235,34.4,5.1,41,hot,2017-08-15 13:00:00
position_3868,-1600.81,-219.86519999999996,1.5,13,37.0,54.763207869364095,34.4,5.1,41,hot,2017-08-15 13:00:00
position_3869,-1600.81,-209.86519999999996,1.5,13,37.2,55.37721155210734,34.4,5.1,41,hot,2017-08-15 13:00:00
position_3870,-1600.81,-199.86519999999996,1.5,13,37.3,56.025288473042394,34.4,5.1,41,hot,2017-08-15 13:00:00
position_3871,-1600.81,-189.86519999999996,1.5,13,40.7,70.9906148569407,34.4,5.1,41,very_hot,2017-08-15 13:00:00
position_3872,-1590.81,-619.8652,1.5,13,34.9,44.90483198863447,34.4,5.1,41,hot,2017-08-15 13:00:00
position_3873,-1590.81,-609.8652,1.5,13,32.7,34.4,34.4,5.1,41,hot,2017-08-15 13:00:00
position_3874,-1590.81,-599.8652,1.5,13,35.9,49.33463147674346,34.4,5.1,41,hot,2017-08-15 13:00:00
position_3875,-1590.81,-589.8652,1.5,13,36.3,51.438139217334324,34.4,5.1,41,hot,2017-08-15 13:00:00
position_3876,-1590.81,-579.8652,1.5,13,36.0,49.93207842769247,34.4,5.1,41,hot,2017-08-15 13:00:00
position_3877,-1590.81,-569.8652,1.5,13,35.4,47.32355288501442,34.4,5.1,41,hot,2017-08-15 13:00:00
position_3878,-1590.81,-559.8652,1.5,13,34.7,43.684694007407586,34.4,5.1,41,hot,2017-08-15 13:00:00
position_3879,-1590.81,-549.8652,1.5,13,33.7,39.14856826004012,34.4,5.1,41,hot,2017-08-15 13:00:00
position_3880,-1590.81,-539.8652,1.5,13,32.7,34.4,34.4,5.1,41,hot,2017-08-15 13:00:00
position_3881,-1590.81,-529.8652,1.5,13,34.2,41.23964669816161,34.4,5.1,41,hot,2017-08-15 13:00:00
position_3882,-1590.81,-519.8652,1.5,13,34.2,41.34467517650164,34.4,5.1,41,hot,2017-08-15 13:00:00
position_3883,-1590.81,-509.86519999999996,1.5,13,33.4,37.788729714223045,34.4,5.1,41,hot,2017-08-15 13:00:00
position_3884,-1590.81,-499.86519999999996,1.5,13,32.7,34.4,34.4,5.1,41,hot,2017-08-15 13:00:00
position_3885,-1590.81,-489.86519999999996,1.5,13,32.7,34.4,34.4,5.1,41,hot,2017-08-15 13:00:00
position_3886,-1590.81,-479.86519999999996,1.5,13,32.7,34.4,34.4,5.1,41,hot,2017-08-15 13:00:00
position_3887,-1590.81,-469.86519999999996,1.5,13,33.7,38.94184074653501,34.4,5.1,41,hot,2017-08-15 13:00:00
position_3888,-1590.81,-459.86519999999996,1.5,13,33.1,36.21617192870696,34.4,5.1,41,hot,2017-08-15 13:00:00
position_3889,-1590.81,-449.86519999999996,1.5,13,32.7,34.4,34.4,5.1,41,hot,2017-08-15 13:00:00
position_3890,-1590.81,-439.86519999999996,1.5,13,34.9,44.56321347743015,34.4,5.1,41,hot,2017-08-15 13:00:00
position_3891,-1590.81,-429.86519999999996,1.5,13,36.8,53.55604848476247,34.4,5.1,41,hot,2017-08-15 13:00:00
position_3892,-1590.81,-419.86519999999996,1.5,13,37.1,54.94599090590569,34.4,5.1,41,hot,2017-08-15 13:00:00
position_3893,-1590.81,-409.86519999999996,1.5,13,37.1,55.25629906160404,34.4,5.1,41,hot,2017-08-15 13:00:00
position_3894,-1590.81,-399.86519999999996,1.5,13,37.1,54.95955286152077,34.4,5.1,41,hot,2017-08-15 13:00:00
position_3895,-1590.81,-389.86519999999996,1.5,13,37.1,55.07380693315037,34.4,5.1,41,hot,2017-08-15 13:00:00
position_3896,-1590.81,-379.86519999999996,1.5,13,37.1,55.21527649645063,34.4,5.1,41,hot,2017-08-15 13:00:00
position_3897,-1590.81,-369.86519999999996,1.5,13,37.2,55.55982623949485,34.4,5.1,41,hot,2017-08-15 13:00:00
position_3898,-1590.81,-359.86519999999996,1.5,13,37.1,55.09419565679325,34.4,5.1,41,hot,2017-08-15 13:00:00
position_3899,-1590.81,-349.86519999999996,1.5,13,37.0,54.82474171709423,34.4,5.1,41,hot,2017-08-15 13:00:00
position_3900,-1590.81,-339.86519999999996,1.5,13,37.1,54.979895794943396,34.4,5.1,41,hot,2017-08-15 13:00:00
position_3901,-1590.81,-329.86519999999996,1.5,13,37.0,54.82474171709423,34.4,5.1,41,hot,2017-08-15 13:00:00
position_3902,-1590.81,-319.86519999999996,1.5,13,37.1,54.91836194721327,34.4,5.1,41,hot,2017-08-15 13:00:00
position_3903,-1590.81,-309.86519999999996,1.5,13,37.0,54.63896616942394,34.4,5.1,41,hot,2017-08-15 13:00:00
position_3904,-1590.81,-299.86519999999996,1.5,13,37.2,55.40467216164567,34.4,5.1,41,hot,2017-08-15 13:00:00
position_3905,-1590.81,-289.86519999999996,1.5,13,37.3,56.011726517427306,34.4,5.1,41,hot,2017-08-15 13:00:00
position_3906,-1590.81,-279.86519999999996,1.5,13,37.3,56.011726517427306,34.4,5.1,41,hot,2017-08-15 13:00:00
position_3907,-1590.81,-269.86519999999996,1.5,13,37.2,55.70141836172894,34.4,5.1,41,hot,2017-08-15 13:00:00
position_3908,-1590.81,-259.86519999999996,1.5,13,37.1,55.19476521387391,34.4,5.1,41,hot,2017-08-15 13:00:00
position_3909,-1590.81,-249.86519999999996,1.5,13,36.5,52.49959906883383,34.4,5.1,41,hot,2017-08-15 13:00:00
position_3910,-1590.81,-239.86519999999996,1.5,13,37.1,55.0462237646782,34.4,5.1,41,hot,2017-08-15 13:00:00
position_3911,-1590.81,-229.86519999999996,1.5,13,36.2,51.0674534186593,34.4,5.1,41,hot,2017-08-15 13:00:00
position_3912,-1590.81,-219.86519999999996,1.5,13,36.6,52.95600473523123,34.4,5.1,41,hot,2017-08-15 13:00:00
position_3913,-1590.81,-209.86519999999996,1.5,13,37.0,54.80216898454924,34.4,5.1,41,hot,2017-08-15 13:00:00
position_3914,-1590.81,-199.86519999999996,1.5,13,37.3,56.025288473042394,34.4,5.1,41,hot,2017-08-15 13:00:00
position_3915,-1590.81,-189.86519999999996,1.5,13,40.7,71.14576893478987,34.4,5.1,41,very_hot,2017-08-15 13:00:00
position_3916,-1580.81,-619.8652,1.5,13,35.0,45.059986066483646,34.4,5.1,41,hot,2017-08-15 13:00:00
position_3917,-1580.81,-609.8652,1.5,13,32.7,34.4,34.4,5.1,41,hot,2017-08-15 13:00:00
position_3918,-1580.81,-599.8652,1.5,13,35.5,47.47247233753242,34.4,5.1,41,hot,2017-08-15 13:00:00
position_3919,-1580.81,-589.8652,1.5,13,36.2,50.95890088879739,34.4,5.1,41,hot,2017-08-15 13:00:00
position_3920,-1580.81,-579.8652,1.5,13,35.6,48.1521062746551,34.4,5.1,41,hot,2017-08-15 13:00:00
position_3921,-1580.81,-569.8652,1.5,13,34.7,43.99747640275433,34.4,5.1,41,hot,2017-08-15 13:00:00
position_3922,-1580.81,-559.8652,1.5,13,32.7,34.4,34.4,5.1,41,hot,2017-08-15 13:00:00
position_3923,-1580.81,-549.8652,1.5,13,32.7,34.4,34.4,5.1,41,hot,2017-08-15 13:00:00
position_3924,-1580.81,-539.8652,1.5,13,32.7,34.4,34.4,5.1,41,hot,2017-08-15 13:00:00
position_3925,-1580.81,-529.8652,1.5,13,32.7,34.4,34.4,5.1,41,hot,2017-08-15 13:00:00
position_3926,-1580.81,-519.8652,1.5,13,32.7,34.4,34.4,5.1,41,hot,2017-08-15 13:00:00
position_3927,-1580.81,-509.86519999999996,1.5,13,32.7,34.4,34.4,5.1,41,hot,2017-08-15 13:00:00
position_3928,-1580.81,-499.86519999999996,1.5,13,32.7,34.4,34.4,5.1,41,hot,2017-08-15 13:00:00
position_3929,-1580.81,-489.86519999999996,1.5,13,33.9,39.922842848727086,34.4,5.1,41,hot,2017-08-15 13:00:00
position_3930,-1580.81,-479.86519999999996,1.5,13,34.2,41.48116528272437,34.4,5.1,41,hot,2017-08-15 13:00:00
position_3931,-1580.81,-469.86519999999996,1.5,13,33.8,39.64963142119889,34.4,5.1,41,hot,2017-08-15 13:00:00
position_3932,-1580.81,-459.86519999999996,1.5,13,33.6,38.54720715331194,34.4,5.1,41,hot,2017-08-15 13:00:00
position_3933,-1580.81,-449.86519999999996,1.5,13,33.4,37.81852270754295,34.4,5.1,41,hot,2017-08-15 13:00:00
position_3934,-1580.81,-439.86519999999996,1.5,13,35.1,45.76931856495218,34.4,5.1,41,hot,2017-08-15 13:00:00
position_3935,-1580.81,-429.86519999999996,1.5,13,36.6,52.907971563827424,34.4,5.1,41,hot,2017-08-15 13:00:00
position_3936,-1580.81,-419.86519999999996,1.5,13,36.8,53.738663172149984,34.4,5.1,41,hot,2017-08-15 13:00:00
position_3937,-1580.81,-409.86519999999996,1.5,13,36.4,51.858666317301754,34.4,5.1,41,hot,2017-08-15 13:00:00
position_3938,-1580.81,-399.86519999999996,1.5,13,36.8,53.65556442174889,34.4,5.1,41,hot,2017-08-15 13:00:00
position_3939,-1580.81,-389.86519999999996,1.5,13,36.7,53.21248727501558,34.4,5.1,41,hot,2017-08-15 13:00:00
position_3940,-1580.81,-379.86519999999996,1.5,13,37.2,55.68768805695977,34.4,5.1,41,hot,2017-08-15 13:00:00
position_3941,-1580.81,-369.86519999999996,1.5,13,37.2,55.411453139453215,34.4,5.1,41,hot,2017-08-15 13:00:00
position_3942,-1580.81,-359.86519999999996,1.5,13,36.1,50.497039475485344,34.4,5.1,41,hot,2017-08-15 13:00:00
position_3943,-1580.81,-349.86519999999996,1.5,13,35.6,48.256108302817175,34.4,5.1,41,hot,2017-08-15 13:00:00
position_3944,-1580.81,-339.86519999999996,1.5,13,35.7,48.69853854693403,34.4,5.1,41,hot,2017-08-15 13:00:00
position_3945,-1580.81,-329.86519999999996,1.5,13,36.0,49.946582449043014,34.4,5.1,41,hot,2017-08-15 13:00:00
position_3946,-1580.81,-319.86519999999996,1.5,13,36.0,50.15798746135523,34.4,5.1,41,hot,2017-08-15 13:00:00
position_3947,-1580.81,-309.86519999999996,1.5,13,36.6,52.59345993161446,34.4,5.1,41,hot,2017-08-15 13:00:00
position_3948,-1580.81,-299.86519999999996,1.5,13,37.2,55.71498031734403,34.4,5.1,41,hot,2017-08-15 13:00:00
position_3949,-1580.81,-289.86519999999996,1.5,13,36.9,54.021847416618165,34.4,5.1,41,hot,2017-08-15 13:00:00
position_3950,-1580.81,-279.86519999999996,1.5,13,35.5,47.55519308461124,34.4,5.1,41,hot,2017-08-15 13:00:00
position_3951,-1580.81,-269.86519999999996,1.5,13,36.5,52.342108122353295,34.4,5.1,41,hot,2017-08-15 13:00:00
position_3952,-1580.81,-259.86519999999996,1.5,13,36.2,50.7353094264767,34.4,5.1,41,hot,2017-08-15 13:00:00
position_3953,-1580.81,-249.86519999999996,1.5,13,37.2,55.411453139453215,34.4,5.1,41,hot,2017-08-15 13:00:00
position_3954,-1580.81,-239.86519999999996,1.5,13,37.2,55.728542272959125,34.4,5.1,41,hot,2017-08-15 13:00:00
position_3955,-1580.81,-229.86519999999996,1.5,13,37.2,55.51863532518734,34.4,5.1,41,hot,2017-08-15 13:00:00
position_3956,-1580.81,-219.86519999999996,1.5,13,37.0,54.84309779471398,34.4,5.1,41,hot,2017-08-15 13:00:00
position_3957,-1580.81,-209.86519999999996,1.5,13,37.2,55.53236562995652,34.4,5.1,41,hot,2017-08-15 13:00:00
position_3958,-1580.81,-199.86519999999996,1.5,13,37.3,56.173661573084026,34.4,5.1,41,hot,2017-08-15 13:00:00
position_3959,-1580.81,-189.86519999999996,1.5,13,40.7,71.14576893478987,34.4,5.1,41,very_hot,2017-08-15 13:00:00
position_3960,-1570.81,-619.8652,1.5,13,35.9,49.39790556520223,34.4,5.1,41,hot,2017-08-15 13:00:00
position_3961,-1570.81,-609.8652,1.5,13,32.7,34.4,34.4,5.1,41,hot,2017-08-15 13:00:00
position_3962,-1570.81,-599.8652,1.5,13,36.7,53.218279719525775,34.4,5.1,41,hot,2017-08-15 13:00:00
position_3963,-1570.81,-589.8652,1.5,13,36.2,50.947782871322666,34.4,5.1,41,hot,2017-08-15 13:00:00
position_3964,-1570.81,-579.8652,1.5,13,32.7,34.4,34.4,5.1,41,hot,2017-08-15 13:00:00
position_3965,-1570.81,-569.8652,1.5,13,32.7,34.4,34.4,5.1,41,hot,2017-08-15 13:00:00
position_3966,-1570.81,-559.8652,1.5,13,33.9,39.9752285488666,34.4,5.1,41,hot,2017-08-15 13:00:00
position_3967,-1570.81,-549.8652,1.5,13,34.4,42.585754939922126,34.4,5.1,41,hot,2017-08-15 13:00:00
position_3968,-1570.81,-539.8652,1.5,13,33.4,37.59732939349869,34.4,5.1,41,hot,2017-08-15 13:00:00
position_3969,-1570.81,-529.8652,1.5,13,34.2,41.47010854453842,34.4,5.1,41,hot,2017-08-15 13:00:00
position_3970,-1570.81,-519.8652,1.5,13,32.7,34.4,34.4,5.1,41,hot,2017-08-15 13:00:00
position_3971,-1570.81,-509.86519999999996,1.5,13,33.5,38.14155714600089,34.4,5.1,41,hot,2017-08-15 13:00:00
position_3972,-1570.81,-499.86519999999996,1.5,13,33.8,39.71069278731264,34.4,5.1,41,hot,2017-08-15 13:00:00
position_3973,-1570.81,-489.86519999999996,1.5,13,34.4,42.25136117434253,34.4,5.1,41,hot,2017-08-15 13:00:00
position_3974,-1570.81,-479.86519999999996,1.5,13,34.2,41.38439900404943,34.4,5.1,41,hot,2017-08-15 13:00:00
position_3975,-1570.81,-469.86519999999996,1.5,13,32.7,34.4,34.4,5.1,41,hot,2017-08-15 13:00:00
position_3976,-1570.81,-459.86519999999996,1.5,13,34.2,41.44575784322747,34.4,5.1,41,hot,2017-08-15 13:00:00
position_3977,-1570.81,-449.86519999999996,1.5,13,34.3,42.00503080415836,34.4,5.1,41,hot,2017-08-15 13:00:00
position_3978,-1570.81,-439.86519999999996,1.5,13,35.7,48.69709075710729,34.4,5.1,41,hot,2017-08-15 13:00:00
position_3979,-1570.81,-429.86519999999996,1.5,13,36.8,53.59939242947872,34.4,5.1,41,hot,2017-08-15 13:00:00
position_3980,-1570.81,-419.86519999999996,1.5,13,36.9,54.35249850573915,34.4,5.1,41,hot,2017-08-15 13:00:00
position_3981,-1570.81,-409.86519999999996,1.5,13,36.3,51.21489545754052,34.4,5.1,41,hot,2017-08-15 13:00:00
position_3982,-1570.81,-399.86519999999996,1.5,13,36.9,54.111924297926045,34.4,5.1,41,hot,2017-08-15 13:00:00
position_3983,-1570.81,-389.86519999999996,1.5,13,37.0,54.59449183589983,34.4,5.1,41,hot,2017-08-15 13:00:00
position_3984,-1570.81,-379.86519999999996,1.5,13,37.1,54.911749318559814,34.4,5.1,41,hot,2017-08-15 13:00:00
position_3985,-1570.81,-369.86519999999996,1.5,13,37.2,55.411453139453215,34.4,5.1,41,hot,2017-08-15 13:00:00
position_3986,-1570.81,-359.86519999999996,1.5,13,36.7,53.24346473972152,34.4,5.1,41,hot,2017-08-15 13:00:00
position_3987,-1570.81,-349.86519999999996,1.5,13,36.1,50.56749415302114,34.4,5.1,41,hot,2017-08-15 13:00:00
position_3988,-1570.81,-339.86519999999996,1.5,13,35.8,48.87703033402868,34.4,5.1,41,hot,2017-08-15 13:00:00
position_3989,-1570.81,-329.86519999999996,1.5,13,36.2,50.79463996837173,34.4,5.1,41,hot,2017-08-15 13:00:00
position_3990,-1570.81,-319.86519999999996,1.5,13,36.9,54.29753149644225,34.4,5.1,41,hot,2017-08-15 13:00:00
position_3991,-1570.81,-309.86519999999996,1.5,13,37.2,55.67378940303652,34.4,5.1,41,hot,2017-08-15 13:00:00
position_3992,-1570.81,-299.86519999999996,1.5,13,37.3,56.18044255089156,34.4,5.1,41,hot,2017-08-15 13:00:00
position_3993,-1570.81,-289.86519999999996,1.5,13,32.7,34.4,34.4,5.1,41,hot,2017-08-15 13:00:00
position_3994,-1570.81,-279.86519999999996,1.5,13,32.7,34.4,34.4,5.1,41,hot,2017-08-15 13:00:00
position_3995,-1570.81,-269.86519999999996,1.5,13,32.7,34.4,34.4,5.1,41,hot,2017-08-15 13:00:00
position_3996,-1570.81,-259.86519999999996,1.5,13,32.7,34.4,34.4,5.1,41,hot,2017-08-15 13:00:00
position_3997,-1570.81,-249.86519999999996,1.5,13,37.1,55.08080205033223,34.4,5.1,41,hot,2017-08-15 13:00:00
position_3998,-1570.81,-239.86519999999996,1.5,13,37.4,56.33559662874075,34.4,5.1,41,hot,2017-08-15 13:00:00
position_3999,-1570.81,-229.86519999999996,1.5,13,37.2,55.406901960768025,34.4,5.1,41,hot,2017-08-15 13:00:00
position_4000,-1570.81,-219.86519999999996,1.5,13,37.1,54.97006102636209,34.4,5.1,41,hot,2017-08-15 13:00:00
position_4001,-1570.81,-209.86519999999996,1.5,13,37.2,55.71498031734403,34.4,5.1,41,hot,2017-08-15 13:00:00
position_4002,-1570.81,-199.86519999999996,1.5,13,37.4,56.322034673125664,34.4,5.1,41,hot,2017-08-15 13:00:00
position_4003,-1570.81,-189.86519999999996,1.5,13,40.7,71.14576893478987,34.4,5.1,41,very_hot,2017-08-15 13:00:00
position_4004,-1560.81,-619.8652,1.5,13,36.5,52.314510142154255,34.4,5.1,41,hot,2017-08-15 13:00:00
position_4005,-1560.81,-609.8652,1.5,13,36.6,52.95580608528175,34.4,5.1,41,hot,2017-08-15 13:00:00
position_4006,-1560.81,-599.8652,1.5,13,36.6,52.93188882455459,34.4,5.1,41,hot,2017-08-15 13:00:00
position_4007,-1560.81,-589.8652,1.5,13,36.1,50.46487863539702,34.4,5.1,41,hot,2017-08-15 13:00:00
position_4008,-1560.81,-579.8652,1.5,13,35.0,45.020860410008865,34.4,5.1,41,hot,2017-08-15 13:00:00
position_4009,-1560.81,-569.8652,1.5,13,33.9,39.77416402887066,34.4,5.1,41,hot,2017-08-15 13:00:00
position_4010,-1560.81,-559.8652,1.5,13,34.1,40.92217439914195,34.4,5.1,41,hot,2017-08-15 13:00:00
position_4011,-1560.81,-549.8652,1.5,13,35.4,47.19333870949329,34.4,5.1,41,hot,2017-08-15 13:00:00
position_4012,-1560.81,-539.8652,1.5,13,34.4,42.62697167017522,34.4,5.1,41,hot,2017-08-15 13:00:00
position_4013,-1560.81,-529.8652,1.5,13,34.9,44.7882906468145,34.4,5.1,41,hot,2017-08-15 13:00:00
position_4014,-1560.81,-519.8652,1.5,13,32.7,34.4,34.4,5.1,41,hot,2017-08-15 13:00:00
position_4015,-1560.81,-509.86519999999996,1.5,13,32.7,34.4,34.4,5.1,41,hot,2017-08-15 13:00:00
position_4016,-1560.81,-499.86519999999996,1.5,13,32.7,34.4,34.4,5.1,41,hot,2017-08-15 13:00:00
position_4017,-1560.81,-489.86519999999996,1.5,13,32.7,34.4,34.4,5.1,41,hot,2017-08-15 13:00:00
position_4018,-1560.81,-479.86519999999996,1.5,13,32.7,34.4,34.4,5.1,41,hot,2017-08-15 13:00:00
position_4019,-1560.81,-469.86519999999996,1.5,13,32.7,34.4,34.4,5.1,41,hot,2017-08-15 13:00:00
position_4020,-1560.81,-459.86519999999996,1.5,13,35.0,45.20894184852976,34.4,5.1,41,hot,2017-08-15 13:00:00
position_4021,-1560.81,-449.86519999999996,1.5,13,34.5,42.98132819130696,34.4,5.1,41,hot,2017-08-15 13:00:00
position_4022,-1560.81,-439.86519999999996,1.5,13,34.6,43.51597348873721,34.4,5.1,41,hot,2017-08-15 13:00:00
position_4023,-1560.81,-429.86519999999996,1.5,13,36.5,52.287186903276634,34.4,5.1,41,hot,2017-08-15 13:00:00
position_4024,-1560.81,-419.86519999999996,1.5,13,36.9,54.18378247227488,34.4,5.1,41,hot,2017-08-15 13:00:00
position_4025,-1560.81,-409.86519999999996,1.5,13,37.0,54.608222140669,34.4,5.1,41,hot,2017-08-15 13:00:00
position_4026,-1560.81,-399.86519999999996,1.5,13,37.0,54.77710652328734,34.4,5.1,41,hot,2017-08-15 13:00:00
position_4027,-1560.81,-389.86519999999996,1.5,13,37.0,54.61979941467311,34.4,5.1,41,hot,2017-08-15 13:00:00
position_4028,-1560.81,-379.86519999999996,1.5,13,36.8,53.880500411895454,34.4,5.1,41,hot,2017-08-15 13:00:00
position_4029,-1560.81,-369.86519999999996,1.5,13,37.1,54.92198206473805,34.4,5.1,41,hot,2017-08-15 13:00:00
position_4030,-1560.81,-359.86519999999996,1.5,13,36.6,52.80190427747632,34.4,5.1,41,hot,2017-08-15 13:00:00
position_4031,-1560.81,-349.86519999999996,1.5,13,37.0,54.62161574713,34.4,5.1,41,hot,2017-08-15 13:00:00
position_4032,-1560.81,-339.86519999999996,1.5,13,37.1,54.98679933168479,34.4,5.1,41,hot,2017-08-15 13:00:00
position_4033,-1560.81,-329.86519999999996,1.5,13,37.0,54.46675257736875,34.4,5.1,41,hot,2017-08-15 13:00:00
position_4034,-1560.81,-319.86519999999996,1.5,13,37.0,54.62890177239979,34.4,5.1,41,hot,2017-08-15 13:00:00
position_4035,-1560.81,-309.86519999999996,1.5,13,37.0,54.77049389463387,34.4,5.1,41,hot,2017-08-15 13:00:00
position_4036,-1560.81,-299.86519999999996,1.5,13,37.3,55.85657243957812,34.4,5.1,41,hot,2017-08-15 13:00:00
position_4037,-1560.81,-289.86519999999996,1.5,13,32.7,34.4,34.4,5.1,41,hot,2017-08-15 13:00:00
position_4038,-1560.81,-279.86519999999996,1.5,13,32.7,34.4,34.4,5.1,41,hot,2017-08-15 13:00:00
position_4039,-1560.81,-269.86519999999996,1.5,13,32.7,34.4,34.4,5.1,41,hot,2017-08-15 13:00:00
position_4040,-1560.81,-259.86519999999996,1.5,13,32.7,34.4,34.4,5.1,41,hot,2017-08-15 13:00:00
position_4041,-1560.81,-249.86519999999996,1.5,13,37.1,55.235956128181414,34.4,5.1,41,hot,2017-08-15 13:00:00
position_4042,-1560.81,-239.86519999999996,1.5,13,37.5,56.7874969066732,34.4,5.1,41,hot,2017-08-15 13:00:00
position_4043,-1560.81,-229.86519999999996,1.5,13,37.3,56.025288473042394,34.4,5.1,41,hot,2017-08-15 13:00:00
position_4044,-1560.81,-219.86519999999996,1.5,13,37.2,55.55982623949485,34.4,5.1,41,hot,2017-08-15 13:00:00
position_4045,-1560.81,-209.86519999999996,1.5,13,37.4,56.632342828824015,34.4,5.1,41,hot,2017-08-15 13:00:00
position_4046,-1560.81,-199.86519999999996,1.5,13,37.4,56.47718875097484,34.4,5.1,41,hot,2017-08-15 13:00:00
position_4047,-1560.81,-189.86519999999996,1.5,13,40.7,71.30092301263905,34.4,5.1,41,very_hot,2017-08-15 13:00:00
position_4048,-1550.81,-619.8652,1.5,13,36.1,50.64535510374635,34.4,5.1,41,hot,2017-08-15 13:00:00
position_4049,-1550.81,-609.8652,1.5,13,36.3,51.281015946942695,34.4,5.1,41,hot,2017-08-15 13:00:00
position_4050,-1550.81,-599.8652,1.5,13,36.4,51.80445101614876,34.4,5.1,41,hot,2017-08-15 13:00:00
position_4051,-1550.81,-589.8652,1.5,13,34.4,42.40008197619843,34.4,5.1,41,hot,2017-08-15 13:00:00
position_4052,-1550.81,-579.8652,1.5,13,34.6,43.45762047556449,34.4,5.1,41,hot,2017-08-15 13:00:00
position_4053,-1550.81,-569.8652,1.5,13,33.7,39.19381857448346,34.4,5.1,41,hot,2017-08-15 13:00:00
position_4054,-1550.81,-559.8652,1.5,13,34.0,40.701816758309505,34.4,5.1,41,hot,2017-08-15 13:00:00
position_4055,-1550.81,-549.8652,1.5,13,35.6,47.88926496360954,34.4,5.1,41,hot,2017-08-15 13:00:00
position_4056,-1550.81,-539.8652,1.5,13,35.4,47.20694645532862,34.4,5.1,41,hot,2017-08-15 13:00:00
position_4057,-1550.81,-529.8652,1.5,13,34.4,42.51526928389298,34.4,5.1,41,hot,2017-08-15 13:00:00
position_4058,-1550.81,-519.8652,1.5,13,35.0,45.08146251959323,34.4,5.1,41,hot,2017-08-15 13:00:00
position_4059,-1550.81,-509.86519999999996,1.5,13,34.3,41.70295522431504,34.4,5.1,41,hot,2017-08-15 13:00:00
position_4060,-1550.81,-499.86519999999996,1.5,13,34.3,41.969964548532026,34.4,5.1,41,hot,2017-08-15 13:00:00
position_4061,-1550.81,-489.86519999999996,1.5,13,34.3,42.12469102497423,34.4,5.1,41,hot,2017-08-15 13:00:00
position_4062,-1550.81,-479.86519999999996,1.5,13,34.1,40.90082431283066,34.4,5.1,41,hot,2017-08-15 13:00:00
position_4063,-1550.81,-469.86519999999996,1.5,13,32.7,34.4,34.4,5.1,41,hot,2017-08-15 13:00:00
position_4064,-1550.81,-459.86519999999996,1.5,13,33.8,39.5229148042687,34.4,5.1,41,hot,2017-08-15 13:00:00
position_4065,-1550.81,-449.86519999999996,1.5,13,34.0,40.414330260531955,34.4,5.1,41,hot,2017-08-15 13:00:00
position_4066,-1550.81,-439.86519999999996,1.5,13,34.7,43.6448424590908,34.4,5.1,41,hot,2017-08-15 13:00:00
position_4067,-1550.81,-429.86519999999996,1.5,13,36.6,52.80062102893921,34.4,5.1,41,hot,2017-08-15 13:00:00
position_4068,-1550.81,-419.86519999999996,1.5,13,36.8,53.88703627219162,34.4,5.1,41,hot,2017-08-15 13:00:00
position_4069,-1550.81,-409.86519999999996,1.5,13,37.1,54.939209928098144,34.4,5.1,41,hot,2017-08-15 13:00:00
position_4070,-1550.81,-399.86519999999996,1.5,13,37.2,55.397891183838134,34.4,5.1,41,hot,2017-08-15 13:00:00
position_4071,-1550.81,-389.86519999999996,1.5,13,37.2,55.39111020603059,34.4,5.1,41,hot,2017-08-15 13:00:00
position_4072,-1550.81,-379.86519999999996,1.5,13,37.2,55.54626428387977,34.4,5.1,41,hot,2017-08-15 13:00:00
position_4073,-1550.81,-369.86519999999996,1.5,13,37.1,55.08063370117815,34.4,5.1,41,hot,2017-08-15 13:00:00
position_4074,-1550.81,-359.86519999999996,1.5,13,36.2,50.90878697049232,34.4,5.1,41,hot,2017-08-15 13:00:00
position_4075,-1550.81,-349.86519999999996,1.5,13,37.1,55.19476521387391,34.4,5.1,41,hot,2017-08-15 13:00:00
position_4076,-1550.81,-339.86519999999996,1.5,13,37.3,55.842842134808954,34.4,5.1,41,hot,2017-08-15 13:00:00
position_4077,-1550.81,-329.86519999999996,1.5,13,32.7,34.4,34.4,5.1,41,hot,2017-08-15 13:00:00
position_4078,-1550.81,-319.86519999999996,1.5,13,32.7,34.4,34.4,5.1,41,hot,2017-08-15 13:00:00
position_4079,-1550.81,-309.86519999999996,1.5,13,32.7,34.4,34.4,5.1,41,hot,2017-08-15 13:00:00
position_4080,-1550.81,-299.86519999999996,1.5,13,37.1,55.08080205033223,34.4,5.1,41,hot,2017-08-15 13:00:00
position_4081,-1550.81,-289.86519999999996,1.5,13,32.7,34.4,34.4,5.1,41,hot,2017-08-15 13:00:00
position_4082,-1550.81,-279.86519999999996,1.5,13,32.7,34.4,34.4,5.1,41,hot,2017-08-15 13:00:00
position_4083,-1550.81,-269.86519999999996,1.5,13,32.7,34.4,34.4,5.1,41,hot,2017-08-15 13:00:00
position_4084,-1550.81,-259.86519999999996,1.5,13,32.7,34.4,34.4,5.1,41,hot,2017-08-15 13:00:00
position_4085,-1550.81,-249.86519999999996,1.5,13,37.1,54.925647972483056,34.4,5.1,41,hot,2017-08-15 13:00:00
position_4086,-1550.81,-239.86519999999996,1.5,13,37.4,56.322034673125664,34.4,5.1,41,hot,2017-08-15 13:00:00
position_4087,-1550.81,-229.86519999999996,1.5,13,37.3,56.025288473042394,34.4,5.1,41,hot,2017-08-15 13:00:00
position_4088,-1550.81,-219.86519999999996,1.5,13,37.3,56.17361578286379,34.4,5.1,41,hot,2017-08-15 13:00:00
position_4089,-1550.81,-209.86519999999996,1.5,13,37.3,56.025288473042394,34.4,5.1,41,hot,2017-08-15 13:00:00
position_4090,-1550.81,-199.86519999999996,1.5,13,37.3,56.187223528699114,34.4,5.1,41,hot,2017-08-15 13:00:00
position_4091,-1550.81,-189.86519999999996,1.5,13,40.6,70.70048128551089,34.4,5.1,41,very_hot,2017-08-15 13:00:00
position_4092,-1540.81,-619.8652,1.5,13,36.9,54.024000447026914,34.4,5.1,41,hot,2017-08-15 13:00:00
position_4093,-1540.81,-609.8652,1.5,13,36.6,52.77676572484248,34.4,5.1,41,hot,2017-08-15 13:00:00
position_4094,-1540.81,-599.8652,1.5,13,36.2,51.07087937072809,34.4,5.1,41,hot,2017-08-15 13:00:00
position_4095,-1540.81,-589.8652,1.5,13,35.0,45.34897376003706,34.4,5.1,41,hot,2017-08-15 13:00:00
position_4096,-1540.81,-579.8652,1.5,13,35.1,45.6677456632036,34.4,5.1,41,hot,2017-08-15 13:00:00
position_4097,-1540.81,-569.8652,1.5,13,33.8,39.701356993278665,34.4,5.1,41,hot,2017-08-15 13:00:00
position_4098,-1540.81,-559.8652,1.5,13,33.5,38.06983253444832,34.4,5.1,41,hot,2017-08-15 13:00:00
position_4099,-1540.81,-549.8652,1.5,13,33.8,39.54272084626339,34.4,5.1,41,hot,2017-08-15 13:00:00
position_4100,-1540.81,-539.8652,1.5,13,33.8,39.50719601038041,34.4,5.1,41,hot,2017-08-15 13:00:00
position_4101,-1540.81,-529.8652,1.5,13,33.2,36.586560791273975,34.4,5.1,41,hot,2017-08-15 13:00:00
position_4102,-1540.81,-519.8652,1.5,13,33.6,38.55214014318386,34.4,5.1,41,hot,2017-08-15 13:00:00
position_4103,-1540.81,-509.86519999999996,1.5,13,33.5,38.19062246601778,34.4,5.1,41,hot,2017-08-15 13:00:00
position_4104,-1540.81,-499.86519999999996,1.5,13,34.0,40.63084385525714,34.4,5.1,41,hot,2017-08-15 13:00:00
position_4105,-1540.81,-489.86519999999996,1.5,13,34.2,41.3912722396391,34.4,5.1,41,hot,2017-08-15 13:00:00
position_4106,-1540.81,-479.86519999999996,1.5,13,34.1,41.192543911289164,34.4,5.1,41,hot,2017-08-15 13:00:00
position_4107,-1540.81,-469.86519999999996,1.5,13,32.7,34.4,34.4,5.1,41,hot,2017-08-15 13:00:00
position_4108,-1540.81,-459.86519999999996,1.5,13,33.5,38.07529996256705,34.4,5.1,41,hot,2017-08-15 13:00:00
position_4109,-1540.81,-449.86519999999996,1.5,13,34.2,41.308978183600125,34.4,5.1,41,hot,2017-08-15 13:00:00
position_4110,-1540.81,-439.86519999999996,1.5,13,35.5,47.51423179839028,34.4,5.1,41,hot,2017-08-15 13:00:00
position_4111,-1540.81,-429.86519999999996,1.5,13,36.4,52.02130729088215,34.4,5.1,41,hot,2017-08-15 13:00:00
position_4112,-1540.81,-419.86519999999996,1.5,13,36.5,52.13539301335767,34.4,5.1,41,hot,2017-08-15 13:00:00
position_4113,-1540.81,-409.86519999999996,1.5,13,36.4,51.68802842504188,34.4,5.1,41,hot,2017-08-15 13:00:00
position_4114,-1540.81,-399.86519999999996,1.5,13,37.0,54.48730965016569,34.4,5.1,41,hot,2017-08-15 13:00:00
position_4115,-1540.81,-389.86519999999996,1.5,13,32.7,34.4,34.4,5.1,41,hot,2017-08-15 13:00:00
position_4116,-1540.81,-379.86519999999996,1.5,13,32.7,34.4,34.4,5.1,41,hot,2017-08-15 13:00:00
position_4117,-1540.81,-369.86519999999996,1.5,13,32.7,34.4,34.4,5.1,41,hot,2017-08-15 13:00:00
position_4118,-1540.81,-359.86519999999996,1.5,13,32.7,34.4,34.4,5.1,41,hot,2017-08-15 13:00:00
position_4119,-1540.81,-349.86519999999996,1.5,13,37.2,55.418234117260766,34.4,5.1,41,hot,2017-08-15 13:00:00
position_4120,-1540.81,-339.86519999999996,1.5,13,37.3,56.011726517427306,34.4,5.1,41,hot,2017-08-15 13:00:00
position_4121,-1540.81,-329.86519999999996,1.5,13,32.7,34.4,34.4,5.1,41,hot,2017-08-15 13:00:00
position_4122,-1540.81,-319.86519999999996,1.5,13,32.7,34.4,34.4,5.1,41,hot,2017-08-15 13:00:00
position_4123,-1540.81,-309.86519999999996,1.5,13,32.7,34.4,34.4,5.1,41,hot,2017-08-15 13:00:00
position_4124,-1540.81,-299.86519999999996,1.5,13,36.9,54.170220516659796,34.4,5.1,41,hot,2017-08-15 13:00:00
position_4125,-1540.81,-289.86519999999996,1.5,13,32.7,34.4,34.4,5.1,41,hot,2017-08-15 13:00:00
position_4126,-1540.81,-279.86519999999996,1.5,13,32.7,34.4,34.4,5.1,41,hot,2017-08-15 13:00:00
position_4127,-1540.81,-269.86519999999996,1.5,13,32.7,34.4,34.4,5.1,41,hot,2017-08-15 13:00:00
position_4128,-1540.81,-259.86519999999996,1.5,13,32.7,34.4,34.4,5.1,41,hot,2017-08-15 13:00:00
position_4129,-1540.81,-249.86519999999996,1.5,13,37.0,54.62890177239979,34.4,5.1,41,hot,2017-08-15 13:00:00
position_4130,-1540.81,-239.86519999999996,1.5,13,37.4,56.632342828824015,34.4,5.1,41,hot,2017-08-15 13:00:00
position_4131,-1540.81,-229.86519999999996,1.5,13,37.3,56.011726517427306,34.4,5.1,41,hot,2017-08-15 13:00:00
position_4132,-1540.81,-219.86519999999996,1.5,13,37.0,54.82591341162884,34.4,5.1,41,hot,2017-08-15 13:00:00
position_4133,-1540.81,-209.86519999999996,1.5,13,37.3,56.166712246122394,34.4,5.1,41,hot,2017-08-15 13:00:00
position_4134,-1540.81,-199.86519999999996,1.5,13,37.1,55.235451080719166,34.4,5.1,41,hot,2017-08-15 13:00:00
position_4135,-1540.81,-189.86519999999996,1.5,13,39.2,64.76474289006484,34.4,5.1,41,very_hot,2017-08-15 13:00:00
position_4136,-1530.81,-619.8652,1.5,13,37.0,54.63551440105325,34.4,5.1,41,hot,2017-08-15 13:00:00
position_4137,-1530.81,-609.8652,1.5,13,36.9,54.04005213135891,34.4,5.1,41,hot,2017-08-15 13:00:00
position_4138,-1530.81,-599.8652,1.5,13,36.5,52.45507894508949,34.4,5.1,41,hot,2017-08-15 13:00:00
position_4139,-1530.81,-589.8652,1.5,13,35.1,45.65196558967023,34.4,5.1,41,hot,2017-08-15 13:00:00
position_4140,-1530.81,-579.8652,1.5,13,35.2,46.3445516301309,34.4,5.1,41,hot,2017-08-15 13:00:00
position_4141,-1530.81,-569.8652,1.5,13,35.0,45.25485229067653,34.4,5.1,41,hot,2017-08-15 13:00:00
position_4142,-1530.81,-559.8652,1.5,13,34.1,41.19837833851146,34.4,5.1,41,hot,2017-08-15 13:00:00
position_4143,-1530.81,-549.8652,1.5,13,33.0,35.600546755948166,34.4,5.1,41,hot,2017-08-15 13:00:00
position_4144,-1530.81,-539.8652,1.5,13,33.2,36.523468275987355,34.4,5.1,41,hot,2017-08-15 13:00:00
position_4145,-1530.81,-529.8652,1.5,13,33.2,36.832279721115945,34.4,5.1,41,hot,2017-08-15 13:00:00
position_4146,-1530.81,-519.8652,1.5,13,33.4,37.78206681049955,34.4,5.1,41,hot,2017-08-15 13:00:00
position_4147,-1530.81,-509.86519999999996,1.5,13,33.3,37.29468748654805,34.4,5.1,41,hot,2017-08-15 13:00:00
position_4148,-1530.81,-499.86519999999996,1.5,13,34.5,42.86513590598459,34.4,5.1,41,hot,2017-08-15 13:00:00
position_4149,-1530.81,-489.86519999999996,1.5,13,34.3,42.15012048533969,34.4,5.1,41,hot,2017-08-15 13:00:00
position_4150,-1530.81,-479.86519999999996,1.5,13,32.7,34.4,34.4,5.1,41,hot,2017-08-15 13:00:00
position_4151,-1530.81,-469.86519999999996,1.5,13,32.7,34.4,34.4,5.1,41,hot,2017-08-15 13:00:00
position_4152,-1530.81,-459.86519999999996,1.5,13,33.7,39.13784590986074,34.4,5.1,41,hot,2017-08-15 13:00:00
position_4153,-1530.81,-449.86519999999996,1.5,13,35.7,48.47567066615374,34.4,5.1,41,hot,2017-08-15 13:00:00
position_4154,-1530.81,-439.86519999999996,1.5,13,36.0,49.8005049122623,34.4,5.1,41,hot,2017-08-15 13:00:00
position_4155,-1530.81,-429.86519999999996,1.5,13,36.4,52.06911083384311,34.4,5.1,41,hot,2017-08-15 13:00:00
position_4156,-1530.81,-419.86519999999996,1.5,13,36.2,50.755027018553704,34.4,5.1,41,hot,2017-08-15 13:00:00
position_4157,-1530.81,-409.86519999999996,1.5,13,36.0,50.0991884602097,34.4,5.1,41,hot,2017-08-15 13:00:00
position_4158,-1530.81,-399.86519999999996,1.5,13,36.8,53.88703627219162,34.4,5.1,41,hot,2017-08-15 13:00:00
position_4159,-1530.81,-389.86519999999996,1.5,13,37.0,54.62212079459224,34.4,5.1,41,hot,2017-08-15 13:00:00
position_4160,-1530.81,-379.86519999999996,1.5,13,36.6,52.611393712898234,34.4,5.1,41,hot,2017-08-15 13:00:00
position_4161,-1530.81,-369.86519999999996,1.5,13,36.8,53.69447974671379,34.4,5.1,41,hot,2017-08-15 13:00:00
position_4162,-1530.81,-359.86519999999996,1.5,13,36.8,53.54260908808122,34.4,5.1,41,hot,2017-08-15 13:00:00
position_4163,-1530.81,-349.86519999999996,1.5,13,36.9,54.06380104293199,34.4,5.1,41,hot,2017-08-15 13:00:00
position_4164,-1530.81,-339.86519999999996,1.5,13,37.2,55.380617530257794,34.4,5.1,41,hot,2017-08-15 13:00:00
position_4165,-1530.81,-329.86519999999996,1.5,13,37.2,55.55965789034077,34.4,5.1,41,hot,2017-08-15 13:00:00
position_4166,-1530.81,-319.86519999999996,1.5,13,37.1,55.05657906979028,34.4,5.1,41,hot,2017-08-15 13:00:00
position_4167,-1530.81,-309.86519999999996,1.5,13,37.3,56.03206945084993,34.4,5.1,41,hot,2017-08-15 13:00:00
position_4168,-1530.81,-299.86519999999996,1.5,13,37.3,56.166880595276496,34.4,5.1,41,hot,2017-08-15 13:00:00
position_4169,-1530.81,-289.86519999999996,1.5,13,32.7,34.4,34.4,5.1,41,hot,2017-08-15 13:00:00
position_4170,-1530.81,-279.86519999999996,1.5,13,32.7,34.4,34.4,5.1,41,hot,2017-08-15 13:00:00
position_4171,-1530.81,-269.86519999999996,1.5,13,32.7,34.4,34.4,5.1,41,hot,2017-08-15 13:00:00
position_4172,-1530.81,-259.86519999999996,1.5,13,36.7,53.40110854628761,34.4,5.1,41,hot,2017-08-15 13:00:00
position_4173,-1530.81,-249.86519999999996,1.5,13,37.3,55.81521317611654,34.4,5.1,41,hot,2017-08-15 13:00:00
position_4174,-1530.81,-239.86519999999996,1.5,13,37.4,56.48396972878238,34.4,5.1,41,hot,2017-08-15 13:00:00
position_4175,-1530.81,-229.86519999999996,1.5,13,37.3,56.01850749523485,34.4,5.1,41,hot,2017-08-15 13:00:00
position_4176,-1530.81,-219.86519999999996,1.5,13,37.1,55.180866559950665,34.4,5.1,41,hot,2017-08-15 13:00:00
position_4177,-1530.81,-209.86519999999996,1.5,13,36.9,54.018028648787606,34.4,5.1,41,hot,2017-08-15 13:00:00
position_4178,-1530.81,-199.86519999999996,1.5,13,37.2,55.43162772372177,34.4,5.1,41,hot,2017-08-15 13:00:00
position_4179,-1530.81,-189.86519999999996,1.5,13,39.1,64.32336558870058,34.4,5.1,41,very_hot,2017-08-15 13:00:00
position_4180,-1520.81,-619.8652,1.5,13,36.6,52.92839126596366,34.4,5.1,41,hot,2017-08-15 13:00:00
position_4181,-1520.81,-609.8652,1.5,13,36.5,52.44919872764696,34.4,5.1,41,hot,2017-08-15 13:00:00
position_4182,-1520.81,-599.8652,1.5,13,36.7,53.12465948940673,34.4,5.1,41,hot,2017-08-15 13:00:00
position_4183,-1520.81,-589.8652,1.5,13,36.3,51.1871639141889,34.4,5.1,41,hot,2017-08-15 13:00:00
position_4184,-1520.81,-579.8652,1.5,13,35.7,48.6450749079612,34.4,5.1,41,hot,2017-08-15 13:00:00
position_4185,-1520.81,-569.8652,1.5,13,35.1,45.52981944871451,34.4,5.1,41,hot,2017-08-15 13:00:00
position_4186,-1520.81,-559.8652,1.5,13,32.7,34.4,34.4,5.1,41,hot,2017-08-15 13:00:00
position_4187,-1520.81,-549.8652,1.5,13,32.7,34.4,34.4,5.1,41,hot,2017-08-15 13:00:00
position_4188,-1520.81,-539.8652,1.5,13,34.0,40.45341393429463,34.4,5.1,41,hot,2017-08-15 13:00:00
position_4189,-1520.81,-529.8652,1.5,13,34.5,42.93057942428779,34.4,5.1,41,hot,2017-08-15 13:00:00
position_4190,-1520.81,-519.8652,1.5,13,34.0,40.687753517132876,34.4,5.1,41,hot,2017-08-15 13:00:00
position_4191,-1520.81,-509.86519999999996,1.5,13,34.1,40.88498541390228,34.4,5.1,41,hot,2017-08-15 13:00:00
position_4192,-1520.81,-499.86519999999996,1.5,13,34.4,42.3052900522574,34.4,5.1,41,hot,2017-08-15 13:00:00
position_4193,-1520.81,-489.86519999999996,1.5,13,32.7,34.4,34.4,5.1,41,hot,2017-08-15 13:00:00
position_4194,-1520.81,-479.86519999999996,1.5,13,32.7,34.4,34.4,5.1,41,hot,2017-08-15 13:00:00
position_4195,-1520.81,-469.86519999999996,1.5,13,32.7,34.4,34.4,5.1,41,hot,2017-08-15 13:00:00
position_4196,-1520.81,-459.86519999999996,1.5,13,34.7,43.86518596518175,34.4,5.1,41,hot,2017-08-15 13:00:00
position_4197,-1520.81,-449.86519999999996,1.5,13,35.3,46.72786166386258,34.4,5.1,41,hot,2017-08-15 13:00:00
position_4198,-1520.81,-439.86519999999996,1.5,13,34.5,43.03923970064406,34.4,5.1,41,hot,2017-08-15 13:00:00
position_4199,-1520.81,-429.86519999999996,1.5,13,36.3,51.241748434957415,34.4,5.1,41,hot,2017-08-15 13:00:00
position_4200,-1520.81,-419.86519999999996,1.5,13,36.3,51.262489345976974,34.4,5.1,41,hot,2017-08-15 13:00:00
position_4201,-1520.81,-409.86519999999996,1.5,13,36.0,49.959319736377644,34.4,5.1,41,hot,2017-08-15 13:00:00
position_4202,-1520.81,-399.86519999999996,1.5,13,36.8,53.89381724999917,34.4,5.1,41,hot,2017-08-15 13:00:00
position_4203,-1520.81,-389.86519999999996,1.5,13,37.2,55.39111020603059,34.4,5.1,41,hot,2017-08-15 13:00:00
position_4204,-1520.81,-379.86519999999996,1.5,13,37.2,55.70141836172894,34.4,5.1,41,hot,2017-08-15 13:00:00
position_4205,-1520.81,-369.86519999999996,1.5,13,37.1,55.222057474258165,34.4,5.1,41,hot,2017-08-15 13:00:00
position_4206,-1520.81,-359.86519999999996,1.5,13,36.1,50.470754367989755,34.4,5.1,41,hot,2017-08-15 13:00:00
position_4207,-1520.81,-349.86519999999996,1.5,13,36.8,53.62888269062707,34.4,5.1,41,hot,2017-08-15 13:00:00
position_4208,-1520.81,-339.86519999999996,1.5,13,36.3,51.54999065548138,34.4,5.1,41,hot,2017-08-15 13:00:00
position_4209,-1520.81,-329.86519999999996,1.5,13,37.1,54.88757212823809,34.4,5.1,41,hot,2017-08-15 13:00:00
position_4210,-1520.81,-319.86519999999996,1.5,13,36.2,50.940646575615645,34.4,5.1,41,hot,2017-08-15 13:00:00
position_4211,-1520.81,-309.86519999999996,1.5,13,37.0,54.79193623837101,34.4,5.1,41,hot,2017-08-15 13:00:00
position_4212,-1520.81,-299.86519999999996,1.5,13,37.3,56.01850749523485,34.4,5.1,41,hot,2017-08-15 13:00:00
position_4213,-1520.81,-289.86519999999996,1.5,13,32.7,34.4,34.4,5.1,41,hot,2017-08-15 13:00:00
position_4214,-1520.81,-279.86519999999996,1.5,13,32.7,34.4,34.4,5.1,41,hot,2017-08-15 13:00:00
position_4215,-1520.81,-269.86519999999996,1.5,13,36.7,53.380383124336575,34.4,5.1,41,hot,2017-08-15 13:00:00
position_4216,-1520.81,-259.86519999999996,1.5,13,35.7,48.4903149994882,34.4,5.1,41,hot,2017-08-15 13:00:00
position_4217,-1520.81,-249.86519999999996,1.5,13,36.9,53.98367999193272,34.4,5.1,41,hot,2017-08-15 13:00:00
position_4218,-1520.81,-239.86519999999996,1.5,13,37.3,55.87691537300075,34.4,5.1,41,hot,2017-08-15 13:00:00
position_4219,-1520.81,-229.86519999999996,1.5,13,37.2,55.39755448552998,34.4,5.1,41,hot,2017-08-15 13:00:00
position_4220,-1520.81,-219.86519999999996,1.5,13,36.8,53.87199241773364,34.4,5.1,41,hot,2017-08-15 13:00:00
position_4221,-1520.81,-209.86519999999996,1.5,13,36.4,51.715932802041074,34.4,5.1,41,hot,2017-08-15 13:00:00
position_4222,-1520.81,-199.86519999999996,1.5,13,37.1,54.972900677761544,34.4,5.1,41,hot,2017-08-15 13:00:00
position_4223,-1520.81,-189.86519999999996,1.5,13,40.5,70.3866755712216,34.4,5.1,41,very_hot,2017-08-15 13:00:00
position_4224,-1510.81,-619.8652,1.5,13,35.4,47.05696735433996,34.4,5.1,41,hot,2017-08-15 13:00:00
position_4225,-1510.81,-609.8652,1.5,13,34.8,44.260297739168934,34.4,5.1,41,hot,2017-08-15 13:00:00
position_4226,-1510.81,-599.8652,1.5,13,36.4,51.81805876198409,34.4,5.1,41,hot,2017-08-15 13:00:00
position_4227,-1510.81,-589.8652,1.5,13,35.9,49.52618084897631,34.4,5.1,41,hot,2017-08-15 13:00:00
position_4228,-1510.81,-579.8652,1.5,13,35.4,47.21656934922976,34.4,5.1,41,hot,2017-08-15 13:00:00
position_4229,-1510.81,-569.8652,1.5,13,32.7,34.4,34.4,5.1,41,hot,2017-08-15 13:00:00
position_4230,-1510.81,-559.8652,1.5,13,32.7,34.4,34.4,5.1,41,hot,2017-08-15 13:00:00
position_4231,-1510.81,-549.8652,1.5,13,32.7,34.4,34.4,5.1,41,hot,2017-08-15 13:00:00
position_4232,-1510.81,-539.8652,1.5,13,32.7,34.4,34.4,5.1,41,hot,2017-08-15 13:00:00
position_4233,-1510.81,-529.8652,1.5,13,32.7,34.4,34.4,5.1,41,hot,2017-08-15 13:00:00
position_4234,-1510.81,-519.8652,1.5,13,34.1,41.01910834998563,34.4,5.1,41,hot,2017-08-15 13:00:00
position_4235,-1510.81,-509.86519999999996,1.5,13,32.7,34.4,34.4,5.1,41,hot,2017-08-15 13:00:00
position_4236,-1510.81,-499.86519999999996,1.5,13,32.7,34.4,34.4,5.1,41,hot,2017-08-15 13:00:00
position_4237,-1510.81,-489.86519999999996,1.5,13,32.7,34.4,34.4,5.1,41,hot,2017-08-15 13:00:00
position_4238,-1510.81,-479.86519999999996,1.5,13,32.7,34.4,34.4,5.1,41,hot,2017-08-15 13:00:00
position_4239,-1510.81,-469.86519999999996,1.5,13,32.7,34.4,34.4,5.1,41,hot,2017-08-15 13:00:00
position_4240,-1510.81,-459.86519999999996,1.5,13,35.1,45.577608179592296,34.4,5.1,41,hot,2017-08-15 13:00:00
position_4241,-1510.81,-449.86519999999996,1.5,13,34.8,44.463717515074684,34.4,5.1,41,hot,2017-08-15 13:00:00
position_4242,-1510.81,-439.86519999999996,1.5,13,34.1,41.018265061044936,34.4,5.1,41,hot,2017-08-15 13:00:00
position_4243,-1510.81,-429.86519999999996,1.5,13,36.2,51.07281826211882,34.4,5.1,41,hot,2017-08-15 13:00:00
position_4244,-1510.81,-419.86519999999996,1.5,13,36.3,51.40376025932773,34.4,5.1,41,hot,2017-08-15 13:00:00
position_4245,-1510.81,-409.86519999999996,1.5,13,35.3,46.71898444972895,34.4,5.1,41,hot,2017-08-15 13:00:00
position_4246,-1510.81,-399.86519999999996,1.5,13,36.9,53.994218457925754,34.4,5.1,41,hot,2017-08-15 13:00:00
position_4247,-1510.81,-389.86519999999996,1.5,13,37.2,55.70141836172894,34.4,5.1,41,hot,2017-08-15 13:00:00
position_4248,-1510.81,-379.86519999999996,1.5,13,37.1,55.2495180837965,34.4,5.1,41,hot,2017-08-15 13:00:00
position_4249,-1510.81,-369.86519999999996,1.5,13,37.0,54.51105856173877,34.4,5.1,41,hot,2017-08-15 13:00:00
position_4250,-1510.81,-359.86519999999996,1.5,13,36.7,53.41563254155647,34.4,5.1,41,hot,2017-08-15 13:00:00
position_4251,-1510.81,-349.86519999999996,1.5,13,36.6,52.54353805374401,34.4,5.1,41,hot,2017-08-15 13:00:00
position_4252,-1510.81,-339.86519999999996,1.5,13,36.8,53.82519670464669,34.4,5.1,41,hot,2017-08-15 13:00:00
position_4253,-1510.81,-329.86519999999996,1.5,13,37.0,54.54644534961939,34.4,5.1,41,hot,2017-08-15 13:00:00
position_4254,-1510.81,-319.86519999999996,1.5,13,37.2,55.7080309903824,34.4,5.1,41,hot,2017-08-15 13:00:00
position_4255,-1510.81,-309.86519999999996,1.5,13,37.3,56.025288473042394,34.4,5.1,41,hot,2017-08-15 13:00:00
position_4256,-1510.81,-299.86519999999996,1.5,13,37.3,56.166880595276496,34.4,5.1,41,hot,2017-08-15 13:00:00
position_4257,-1510.81,-289.86519999999996,1.5,13,37.4,56.47718875097484,34.4,5.1,41,hot,2017-08-15 13:00:00
position_4258,-1510.81,-279.86519999999996,1.5,13,37.3,56.18044255089156,34.4,5.1,41,hot,2017-08-15 13:00:00
position_4259,-1510.81,-269.86519999999996,1.5,13,36.7,53.39866460743463,34.4,5.1,41,hot,2017-08-15 13:00:00
position_4260,-1510.81,-259.86519999999996,1.5,13,35.7,48.60945468341699,34.4,5.1,41,hot,2017-08-15 13:00:00
position_4261,-1510.81,-249.86519999999996,1.5,13,36.7,53.21351440146627,34.4,5.1,41,hot,2017-08-15 13:00:00
position_4262,-1510.81,-239.86519999999996,1.5,13,37.2,55.55270856337915,34.4,5.1,41,hot,2017-08-15 13:00:00
position_4263,-1510.81,-229.86519999999996,1.5,13,36.7,53.09698093298595,34.4,5.1,41,hot,2017-08-15 13:00:00
position_4264,-1510.81,-219.86519999999996,1.5,13,36.5,52.51076355351415,34.4,5.1,41,hot,2017-08-15 13:00:00
position_4265,-1510.81,-209.86519999999996,1.5,13,36.6,52.913484782166385,34.4,5.1,41,hot,2017-08-15 13:00:00
position_4266,-1510.81,-199.86519999999996,1.5,13,37.2,55.68402214921477,34.4,5.1,41,hot,2017-08-15 13:00:00
position_4267,-1510.81,-189.86519999999996,1.5,13,40.8,71.6112311683374,34.4,5.1,41,very_hot,2017-08-15 13:00:00
position_4268,-1500.81,-619.8652,1.5,13,34.9,44.942447898295775,34.4,5.1,41,hot,2017-08-15 13:00:00
position_4269,-1500.81,-609.8652,1.5,13,35.2,46.430363078293745,34.4,5.1,41,hot,2017-08-15 13:00:00
position_4270,-1500.81,-599.8652,1.5,13,36.5,52.17949967008026,34.4,5.1,41,hot,2017-08-15 13:00:00
position_4271,-1500.81,-589.8652,1.5,13,36.0,50.11593057304054,34.4,5.1,41,hot,2017-08-15 13:00:00
position_4272,-1500.81,-579.8652,1.5,13,34.4,42.614831010743316,34.4,5.1,41,hot,2017-08-15 13:00:00
position_4273,-1500.81,-569.8652,1.5,13,34.8,44.410461355721864,34.4,5.1,41,hot,2017-08-15 13:00:00
position_4274,-1500.81,-559.8652,1.5,13,32.7,34.4,34.4,5.1,41,hot,2017-08-15 13:00:00
position_4275,-1500.81,-549.8652,1.5,13,32.7,34.4,34.4,5.1,41,hot,2017-08-15 13:00:00
position_4276,-1500.81,-539.8652,1.5,13,32.7,34.4,34.4,5.1,41,hot,2017-08-15 13:00:00
position_4277,-1500.81,-529.8652,1.5,13,32.7,34.4,34.4,5.1,41,hot,2017-08-15 13:00:00
position_4278,-1500.81,-519.8652,1.5,13,32.7,34.4,34.4,5.1,41,hot,2017-08-15 13:00:00
position_4279,-1500.81,-509.86519999999996,1.5,13,32.7,34.4,34.4,5.1,41,hot,2017-08-15 13:00:00
position_4280,-1500.81,-499.86519999999996,1.5,13,32.7,34.4,34.4,5.1,41,hot,2017-08-15 13:00:00
position_4281,-1500.81,-489.86519999999996,1.5,13,32.7,34.4,34.4,5.1,41,hot,2017-08-15 13:00:00
position_4282,-1500.81,-479.86519999999996,1.5,13,32.7,34.4,34.4,5.1,41,hot,2017-08-15 13:00:00
position_4283,-1500.81,-469.86519999999996,1.5,13,34.9,44.90779800647589,34.4,5.1,41,hot,2017-08-15 13:00:00
position_4284,-1500.81,-459.86519999999996,1.5,13,35.4,47.06898926234618,34.4,5.1,41,hot,2017-08-15 13:00:00
position_4285,-1500.81,-449.86519999999996,1.5,13,34.9,44.89933580289063,34.4,5.1,41,hot,2017-08-15 13:00:00
position_4286,-1500.81,-439.86519999999996,1.5,13,34.2,41.66967119141683,34.4,5.1,41,hot,2017-08-15 13:00:00
position_4287,-1500.81,-429.86519999999996,1.5,13,36.4,51.74140646563059,34.4,5.1,41,hot,2017-08-15 13:00:00
position_4288,-1500.81,-419.86519999999996,1.5,13,36.4,51.88544252636135,34.4,5.1,41,hot,2017-08-15 13:00:00
position_4289,-1500.81,-409.86519999999996,1.5,13,35.4,47.123966455640605,34.4,5.1,41,hot,2017-08-15 13:00:00
position_4290,-1500.81,-399.86519999999996,1.5,13,36.8,53.52180689741659,34.4,5.1,41,hot,2017-08-15 13:00:00
position_4291,-1500.81,-389.86519999999996,1.5,13,37.2,55.54626428387977,34.4,5.1,41,hot,2017-08-15 13:00:00
position_4292,-1500.81,-379.86519999999996,1.5,13,37.2,55.71498031734403,34.4,5.1,41,hot,2017-08-15 13:00:00
position_4293,-1500.81,-369.86519999999996,1.5,13,37.0,54.762322598423914,34.4,5.1,41,hot,2017-08-15 13:00:00
position_4294,-1500.81,-359.86519999999996,1.5,13,36.9,54.0604260432749,34.4,5.1,41,hot,2017-08-15 13:00:00
position_4295,-1500.81,-349.86519999999996,1.5,13,36.7,53.082323374564496,34.4,5.1,41,hot,2017-08-15 13:00:00
position_4296,-1500.81,-339.86519999999996,1.5,13,36.9,54.09238986672999,34.4,5.1,41,hot,2017-08-15 13:00:00
position_4297,-1500.81,-329.86519999999996,1.5,13,37.2,55.51863532518734,34.4,5.1,41,hot,2017-08-15 13:00:00
position_4298,-1500.81,-319.86519999999996,1.5,13,37.3,56.173661573084026,34.4,5.1,41,hot,2017-08-15 13:00:00
position_4299,-1500.81,-309.86519999999996,1.5,13,37.4,56.322034673125664,34.4,5.1,41,hot,2017-08-15 13:00:00
position_4300,-1500.81,-299.86519999999996,1.5,13,37.3,56.011726517427306,34.4,5.1,41,hot,2017-08-15 13:00:00
position_4301,-1500.81,-289.86519999999996,1.5,13,37.4,56.47718875097484,34.4,5.1,41,hot,2017-08-15 13:00:00
position_4302,-1500.81,-279.86519999999996,1.5,13,37.4,56.48396972878238,34.4,5.1,41,hot,2017-08-15 13:00:00
position_4303,-1500.81,-269.86519999999996,1.5,13,37.2,55.74888520638175,34.4,5.1,41,hot,2017-08-15 13:00:00
position_4304,-1500.81,-259.86519999999996,1.5,13,36.8,53.82495158677901,34.4,5.1,41,hot,2017-08-15 13:00:00
position_4305,-1500.81,-249.86519999999996,1.5,13,36.4,51.711178488200304,34.4,5.1,41,hot,2017-08-15 13:00:00
position_4306,-1500.81,-239.86519999999996,1.5,13,37.2,55.742104228574206,34.4,5.1,41,hot,2017-08-15 13:00:00
position_4307,-1500.81,-229.86519999999996,1.5,13,37.4,56.49075070658992,34.4,5.1,41,hot,2017-08-15 13:00:00
position_4308,-1500.81,-219.86519999999996,1.5,13,36.5,52.21095840046566,34.4,5.1,41,hot,2017-08-15 13:00:00
position_4309,-1500.81,-209.86519999999996,1.5,13,36.9,53.96898764750978,34.4,5.1,41,hot,2017-08-15 13:00:00
position_4310,-1500.81,-199.86519999999996,1.5,13,37.2,55.397737646410924,34.4,5.1,41,hot,2017-08-15 13:00:00
position_4311,-1500.81,-189.86519999999996,1.5,13,40.8,71.6112311683374,34.4,5.1,41,very_hot,2017-08-15 13:00:00
position_4312,-1490.81,-619.8652,1.5,13,36.0,49.98785461655761,34.4,5.1,41,hot,2017-08-15 13:00:00
position_4313,-1490.81,-609.8652,1.5,13,35.3,46.50559692964134,34.4,5.1,41,hot,2017-08-15 13:00:00
position_4314,-1490.81,-599.8652,1.5,13,36.2,50.77518679073908,34.4,5.1,41,hot,2017-08-15 13:00:00
position_4315,-1490.81,-589.8652,1.5,13,36.3,51.49718116179934,34.4,5.1,41,hot,2017-08-15 13:00:00
position_4316,-1490.81,-579.8652,1.5,13,36.1,50.40755926804392,34.4,5.1,41,hot,2017-08-15 13:00:00
position_4317,-1490.81,-569.8652,1.5,13,35.4,47.0940021258797,34.4,5.1,41,hot,2017-08-15 13:00:00
position_4318,-1490.81,-559.8652,1.5,13,35.6,48.090542125416945,34.4,5.1,41,hot,2017-08-15 13:00:00
position_4319,-1490.81,-549.8652,1.5,13,34.6,43.480601512583476,34.4,5.1,41,hot,2017-08-15 13:00:00
position_4320,-1490.81,-539.8652,1.5,13,35.1,45.650855174780695,34.4,5.1,41,hot,2017-08-15 13:00:00
position_4321,-1490.81,-529.8652,1.5,13,34.8,44.272152652704385,34.4,5.1,41,hot,2017-08-15 13:00:00
position_4322,-1490.81,-519.8652,1.5,13,32.7,34.4,34.4,5.1,41,hot,2017-08-15 13:00:00
position_4323,-1490.81,-509.86519999999996,1.5,13,32.7,34.4,34.4,5.1,41,hot,2017-08-15 13:00:00
position_4324,-1490.81,-499.86519999999996,1.5,13,32.7,34.4,34.4,5.1,41,hot,2017-08-15 13:00:00
position_4325,-1490.81,-489.86519999999996,1.5,13,34.7,43.94786907472548,34.4,5.1,41,hot,2017-08-15 13:00:00
position_4326,-1490.81,-479.86519999999996,1.5,13,35.2,46.00557503038739,34.4,5.1,41,hot,2017-08-15 13:00:00
position_4327,-1490.81,-469.86519999999996,1.5,13,35.7,48.762138329482234,34.4,5.1,41,hot,2017-08-15 13:00:00
position_4328,-1490.81,-459.86519999999996,1.5,13,35.4,47.36060314491007,34.4,5.1,41,hot,2017-08-15 13:00:00
position_4329,-1490.81,-449.86519999999996,1.5,13,35.0,45.370938183475246,34.4,5.1,41,hot,2017-08-15 13:00:00
position_4330,-1490.81,-439.86519999999996,1.5,13,34.4,42.35548725828868,34.4,5.1,41,hot,2017-08-15 13:00:00
position_4331,-1490.81,-429.86519999999996,1.5,13,36.5,52.29047032249325,34.4,5.1,41,hot,2017-08-15 13:00:00
position_4332,-1490.81,-419.86519999999996,1.5,13,36.5,52.155781737000545,34.4,5.1,41,hot,2017-08-15 13:00:00
position_4333,-1490.81,-409.86519999999996,1.5,13,35.7,48.68858121941888,34.4,5.1,41,hot,2017-08-15 13:00:00
position_4334,-1490.81,-399.86519999999996,1.5,13,36.8,53.88686792303754,34.4,5.1,41,hot,2017-08-15 13:00:00
position_4335,-1490.81,-389.86519999999996,1.5,13,37.2,55.70141836172894,34.4,5.1,41,hot,2017-08-15 13:00:00
position_4336,-1490.81,-379.86519999999996,1.5,13,37.3,56.01850749523485,34.4,5.1,41,hot,2017-08-15 13:00:00
position_4337,-1490.81,-369.86519999999996,1.5,13,37.1,55.056624860010515,34.4,5.1,41,hot,2017-08-15 13:00:00
position_4338,-1490.81,-359.86519999999996,1.5,13,37.2,55.394225276093124,34.4,5.1,41,hot,2017-08-15 13:00:00
position_4339,-1490.81,-349.86519999999996,1.5,13,37.1,54.928717252325356,34.4,5.1,41,hot,2017-08-15 13:00:00
position_4340,-1490.81,-339.86519999999996,1.5,13,37.2,55.380617530257794,34.4,5.1,41,hot,2017-08-15 13:00:00
position_4341,-1490.81,-329.86519999999996,1.5,13,37.3,56.025288473042394,34.4,5.1,41,hot,2017-08-15 13:00:00
position_4342,-1490.81,-319.86519999999996,1.5,13,37.3,56.166880595276496,34.4,5.1,41,hot,2017-08-15 13:00:00
position_4343,-1490.81,-309.86519999999996,1.5,13,37.4,56.47718875097484,34.4,5.1,41,hot,2017-08-15 13:00:00
position_4344,-1490.81,-299.86519999999996,1.5,13,37.4,56.47718875097484,34.4,5.1,41,hot,2017-08-15 13:00:00
position_4345,-1490.81,-289.86519999999996,1.5,13,37.4,56.47718875097484,34.4,5.1,41,hot,2017-08-15 13:00:00
position_4346,-1490.81,-279.86519999999996,1.5,13,37.1,55.26204190802955,34.4,5.1,41,hot,2017-08-15 13:00:00
position_4347,-1490.81,-269.86519999999996,1.5,13,37.0,54.46198725895293,34.4,5.1,41,hot,2017-08-15 13:00:00
position_4348,-1490.81,-259.86519999999996,1.5,13,37.2,55.53219728080244,34.4,5.1,41,hot,2017-08-15 13:00:00
position_4349,-1490.81,-249.86519999999996,1.5,13,36.2,50.748913364091266,34.4,5.1,41,hot,2017-08-15 13:00:00
position_4350,-1490.81,-239.86519999999996,1.5,13,37.2,55.518466976033274,34.4,5.1,41,hot,2017-08-15 13:00:00
position_4351,-1490.81,-229.86519999999996,1.5,13,37.3,56.03206945084993,34.4,5.1,41,hot,2017-08-15 13:00:00
position_4352,-1490.81,-219.86519999999996,1.5,13,37.2,55.69430068561325,34.4,5.1,41,hot,2017-08-15 13:00:00
position_4353,-1490.81,-209.86519999999996,1.5,13,36.1,50.345137838359406,34.4,5.1,41,hot,2017-08-15 13:00:00
position_4354,-1490.81,-199.86519999999996,1.5,13,37.0,54.7576488608049,34.4,5.1,41,hot,2017-08-15 13:00:00
position_4355,-1490.81,-189.86519999999996,1.5,13,40.6,70.7074306124725,34.4,5.1,41,very_hot,2017-08-15 13:00:00
position_4356,-1480.81,-619.8652,1.5,13,36.9,54.04202200088671,34.4,5.1,41,hot,2017-08-15 13:00:00
position_4357,-1480.81,-609.8652,1.5,13,36.3,51.38447094599937,34.4,5.1,41,hot,2017-08-15 13:00:00
position_4358,-1480.81,-599.8652,1.5,13,34.9,44.89345553912805,34.4,5.1,41,hot,2017-08-15 13:00:00
position_4359,-1480.81,-589.8652,1.5,13,36.1,50.4519878113478,34.4,5.1,41,hot,2017-08-15 13:00:00
position_4360,-1480.81,-579.8652,1.5,13,35.0,45.17141303410281,34.4,5.1,41,hot,2017-08-15 13:00:00
position_4361,-1480.81,-569.8652,1.5,13,35.9,49.67154368448288,34.4,5.1,41,hot,2017-08-15 13:00:00
position_4362,-1480.81,-559.8652,1.5,13,36.0,49.9225189876283,34.4,5.1,41,hot,2017-08-15 13:00:00
position_4363,-1480.81,-549.8652,1.5,13,35.8,49.07240069531666,34.4,5.1,41,hot,2017-08-15 13:00:00
position_4364,-1480.81,-539.8652,1.5,13,35.7,48.60003492502774,34.4,5.1,41,hot,2017-08-15 13:00:00
position_4365,-1480.81,-529.8652,1.5,13,35.5,47.81287042230238,34.4,5.1,41,hot,2017-08-15 13:00:00
position_4366,-1480.81,-519.8652,1.5,13,34.4,42.472933168694425,34.4,5.1,41,hot,2017-08-15 13:00:00
position_4367,-1480.81,-509.86519999999996,1.5,13,35.0,45.32541090719854,34.4,5.1,41,hot,2017-08-15 13:00:00
position_4368,-1480.81,-499.86519999999996,1.5,13,34.7,43.64745923123505,34.4,5.1,41,hot,2017-08-15 13:00:00
position_4369,-1480.81,-489.86519999999996,1.5,13,34.4,42.496634115855365,34.4,5.1,41,hot,2017-08-15 13:00:00
position_4370,-1480.81,-479.86519999999996,1.5,13,35.2,46.37245156860035,34.4,5.1,41,hot,2017-08-15 13:00:00
position_4371,-1480.81,-469.86519999999996,1.5,13,34.8,44.393305775869266,34.4,5.1,41,hot,2017-08-15 13:00:00
position_4372,-1480.81,-459.86519999999996,1.5,13,34.3,41.76950674993408,34.4,5.1,41,hot,2017-08-15 13:00:00
position_4373,-1480.81,-449.86519999999996,1.5,13,33.8,39.65556911006574,34.4,5.1,41,hot,2017-08-15 13:00:00
position_4374,-1480.81,-439.86519999999996,1.5,13,34.8,44.25957923003033,34.4,5.1,41,hot,2017-08-15 13:00:00
position_4375,-1480.81,-429.86519999999996,1.5,13,36.7,53.090249552906776,34.4,5.1,41,hot,2017-08-15 13:00:00
position_4376,-1480.81,-419.86519999999996,1.5,13,36.6,52.73007640427918,34.4,5.1,41,hot,2017-08-15 13:00:00
position_4377,-1480.81,-409.86519999999996,1.5,13,35.6,48.01875840912381,34.4,5.1,41,hot,2017-08-15 13:00:00
position_4378,-1480.81,-399.86519999999996,1.5,13,36.9,54.02151071831001,34.4,5.1,41,hot,2017-08-15 13:00:00
position_4379,-1480.81,-389.86519999999996,1.5,13,37.3,56.166880595276496,34.4,5.1,41,hot,2017-08-15 13:00:00
position_4380,-1480.81,-379.86519999999996,1.5,13,37.3,56.011726517427306,34.4,5.1,41,hot,2017-08-15 13:00:00
position_4381,-1480.81,-369.86519999999996,1.5,13,37.2,55.708199339536485,34.4,5.1,41,hot,2017-08-15 13:00:00
position_4382,-1480.81,-359.86519999999996,1.5,13,37.3,56.173661573084026,34.4,5.1,41,hot,2017-08-15 13:00:00
position_4383,-1480.81,-349.86519999999996,1.5,13,37.3,56.18044255089156,34.4,5.1,41,hot,2017-08-15 13:00:00
position_4384,-1480.81,-339.86519999999996,1.5,13,37.3,55.86451410698893,34.4,5.1,41,hot,2017-08-15 13:00:00
position_4385,-1480.81,-329.86519999999996,1.5,13,37.4,56.322034673125664,34.4,5.1,41,hot,2017-08-15 13:00:00
position_4386,-1480.81,-319.86519999999996,1.5,13,37.3,56.166880595276496,34.4,5.1,41,hot,2017-08-15 13:00:00
position_4387,-1480.81,-309.86519999999996,1.5,13,37.3,56.166880595276496,34.4,5.1,41,hot,2017-08-15 13:00:00
position_4388,-1480.81,-299.86519999999996,1.5,13,37.4,56.322034673125664,34.4,5.1,41,hot,2017-08-15 13:00:00
position_4389,-1480.81,-289.86519999999996,1.5,13,37.3,56.187223528699114,34.4,5.1,41,hot,2017-08-15 13:00:00
position_4390,-1480.81,-279.86519999999996,1.5,13,37.0,54.802123194329006,34.4,5.1,41,hot,2017-08-15 13:00:00
position_4391,-1480.81,-269.86519999999996,1.5,13,36.9,54.19636757615301,34.4,5.1,41,hot,2017-08-15 13:00:00
position_4392,-1480.81,-259.86519999999996,1.5,13,37.2,55.418065768106686,34.4,5.1,41,hot,2017-08-15 13:00:00
position_4393,-1480.81,-249.86519999999996,1.5,13,36.5,52.16756866552917,34.4,5.1,41,hot,2017-08-15 13:00:00
position_4394,-1480.81,-239.86519999999996,1.5,13,37.2,55.51168599822573,34.4,5.1,41,hot,2017-08-15 13:00:00
position_4395,-1480.81,-229.86519999999996,1.5,13,37.4,56.322034673125664,34.4,5.1,41,hot,2017-08-15 13:00:00
position_4396,-1480.81,-219.86519999999996,1.5,13,37.0,54.78353599070354,34.4,5.1,41,hot,2017-08-15 13:00:00
position_4397,-1480.81,-209.86519999999996,1.5,13,36.9,54.125272114166805,34.4,5.1,41,hot,2017-08-15 13:00:00
position_4398,-1480.81,-199.86519999999996,1.5,13,37.2,55.57911555282323,34.4,5.1,41,hot,2017-08-15 13:00:00
position_4399,-1480.81,-189.86519999999996,1.5,13,40.8,71.6112311683374,34.4,5.1,41,very_hot,2017-08-15 13:00:00
position_4400,-1470.81,-619.8652,1.5,13,40.5,70.52515262339315,34.4,5.1,41,very_hot,2017-08-15 13:00:00
position_4401,-1470.81,-609.8652,1.5,13,40.3,69.31765654048337,34.4,5.1,41,very_hot,2017-08-15 13:00:00
position_4402,-1470.81,-599.8652,1.5,13,39.9,67.62409536100887,34.4,5.1,41,very_hot,2017-08-15 13:00:00
position_4403,-1470.81,-589.8652,1.5,13,39.5,65.85785133819245,34.4,5.1,41,very_hot,2017-08-15 13:00:00
position_4404,-1470.81,-579.8652,1.5,13,37.9,58.86803518109433,34.4,5.1,41,hot,2017-08-15 13:00:00
position_4405,-1470.81,-569.8652,1.5,13,39.0,63.89514261581908,34.4,5.1,41,very_hot,2017-08-15 13:00:00
position_4406,-1470.81,-559.8652,1.5,13,39.4,65.3751782275599,34.4,5.1,41,very_hot,2017-08-15 13:00:00
position_4407,-1470.81,-549.8652,1.5,13,38.3,60.482388571716164,34.4,5.1,41,very_hot,2017-08-15 13:00:00
position_4408,-1470.81,-539.8652,1.5,13,38.1,59.72379808070561,34.4,5.1,41,very_hot,2017-08-15 13:00:00
position_4409,-1470.81,-529.8652,1.5,13,38.6,62.03849601796166,34.4,5.1,41,very_hot,2017-08-15 13:00:00
position_4410,-1470.81,-519.8652,1.5,13,38.8,62.974343148051574,34.4,5.1,41,very_hot,2017-08-15 13:00:00
position_4411,-1470.81,-509.86519999999996,1.5,13,39.2,64.65505997139506,34.4,5.1,41,very_hot,2017-08-15 13:00:00
position_4412,-1470.81,-499.86519999999996,1.5,13,38.7,62.37579678643178,34.4,5.1,41,very_hot,2017-08-15 13:00:00
position_4413,-1470.81,-489.86519999999996,1.5,13,38.3,60.347868335021225,34.4,5.1,41,very_hot,2017-08-15 13:00:00
position_4414,-1470.81,-479.86519999999996,1.5,13,39.0,63.76298887227816,34.4,5.1,41,very_hot,2017-08-15 13:00:00
position_4415,-1470.81,-469.86519999999996,1.5,13,37.8,58.33599605243617,34.4,5.1,41,hot,2017-08-15 13:00:00
position_4416,-1470.81,-459.86519999999996,1.5,13,37.3,56.06559078502985,34.4,5.1,41,hot,2017-08-15 13:00:00
position_4417,-1470.81,-449.86519999999996,1.5,13,38.0,59.076899512990565,34.4,5.1,41,very_hot,2017-08-15 13:00:00
position_4418,-1470.81,-439.86519999999996,1.5,13,38.9,63.25431625681065,34.4,5.1,41,very_hot,2017-08-15 13:00:00
position_4419,-1470.81,-429.86519999999996,1.5,13,40.2,69.02107868955417,34.4,5.1,41,very_hot,2017-08-15 13:00:00
position_4420,-1470.81,-419.86519999999996,1.5,13,40.1,68.65383365503112,34.4,5.1,41,very_hot,2017-08-15 13:00:00
position_4421,-1470.81,-409.86519999999996,1.5,13,39.8,67.45119514796298,34.4,5.1,41,very_hot,2017-08-15 13:00:00
position_4422,-1470.81,-399.86519999999996,1.5,13,40.4,69.78328712318499,34.4,5.1,41,very_hot,2017-08-15 13:00:00
position_4423,-1470.81,-389.86519999999996,1.5,13,40.7,70.9906148569407,34.4,5.1,41,very_hot,2017-08-15 13:00:00
position_4424,-1470.81,-379.86519999999996,1.5,13,40.6,70.68030670124233,34.4,5.1,41,very_hot,2017-08-15 13:00:00
position_4425,-1470.81,-369.86519999999996,1.5,13,40.7,70.9906148569407,34.4,5.1,41,very_hot,2017-08-15 13:00:00
position_4426,-1470.81,-359.86519999999996,1.5,13,40.7,71.14576893478987,34.4,5.1,41,very_hot,2017-08-15 13:00:00
position_4427,-1470.81,-349.86519999999996,1.5,13,40.7,71.14576893478987,34.4,5.1,41,very_hot,2017-08-15 13:00:00
position_4428,-1470.81,-339.86519999999996,1.5,13,40.7,71.30092301263905,34.4,5.1,41,very_hot,2017-08-15 13:00:00
position_4429,-1470.81,-329.86519999999996,1.5,13,40.7,71.30092301263905,34.4,5.1,41,very_hot,2017-08-15 13:00:00
position_4430,-1470.81,-319.86519999999996,1.5,13,40.6,70.83197870956911,34.4,5.1,41,very_hot,2017-08-15 13:00:00
position_4431,-1470.81,-309.86519999999996,1.5,13,40.6,70.8354607790915,34.4,5.1,41,very_hot,2017-08-15 13:00:00
position_4432,-1470.81,-299.86519999999996,1.5,13,40.8,71.45607709048822,34.4,5.1,41,very_hot,2017-08-15 13:00:00
position_4433,-1470.81,-289.86519999999996,1.5,13,40.8,71.45607709048822,34.4,5.1,41,very_hot,2017-08-15 13:00:00
position_4434,-1470.81,-279.86519999999996,1.5,13,40.6,70.8285114521299,34.4,5.1,41,very_hot,2017-08-15 13:00:00
position_4435,-1470.81,-269.86519999999996,1.5,13,40.7,71.12508930305907,34.4,5.1,41,very_hot,2017-08-15 13:00:00
position_4436,-1470.81,-259.86519999999996,1.5,13,40.7,70.99044650778661,34.4,5.1,41,very_hot,2017-08-15 13:00:00
position_4437,-1470.81,-249.86519999999996,1.5,13,40.1,68.69163408025669,34.4,5.1,41,very_hot,2017-08-15 13:00:00
position_4438,-1470.81,-239.86519999999996,1.5,13,40.6,70.94942394263319,34.4,5.1,41,very_hot,2017-08-15 13:00:00
position_4439,-1470.81,-229.86519999999996,1.5,13,40.6,70.69851141598308,34.4,5.1,41,very_hot,2017-08-15 13:00:00
position_4440,-1470.81,-219.86519999999996,1.5,13,40.4,69.89286745719556,34.4,5.1,41,very_hot,2017-08-15 13:00:00
position_4441,-1470.81,-209.86519999999996,1.5,13,39.9,67.72420942274823,34.4,5.1,41,very_hot,2017-08-15 13:00:00
position_4442,-1470.81,-199.86519999999996,1.5,13,40.5,70.40040587599076,34.4,5.1,41,very_hot,2017-08-15 13:00:00
position_4443,-1470.81,-189.86519999999996,1.5,13,40.7,71.3077039904466,34.4,5.1,41,very_hot,2017-08-15 13:00:00
