position_id,x,y,z,hour,utci,mrt,air_temp,wind_speed,relative_humidity,comfort_category,datetime
position_0,-2470.81,-619.8652,1.5,0,23.2,18.608941508154167,23.0,0.5,77,comfortable,2017-08-15 00:00:00
position_0,-2470.81,-619.8652,1.5,1,22.9,18.21280040410158,22.6,0.5,78,comfortable,2017-08-15 01:00:00
position_0,-2470.81,-619.8652,1.5,2,22.4,17.717775590980068,22.2,0.5,78,comfortable,2017-08-15 02:00:00
position_0,-2470.81,-619.8652,1.5,3,18.4,16.77117730736497,21.3,2.6,74,comfortable,2017-08-15 03:00:00
position_0,-2470.81,-619.8652,1.5,4,14.6,15.718992992418666,20.4,4.1,71,comfortable,2017-08-15 04:00:00
position_0,-2470.81,-619.8652,1.5,5,19.9,15.718992992418666,20.4,0.5,71,comfortable,2017-08-15 05:00:00
position_0,-2470.81,-619.8652,1.5,6,20.6,18.547945469836275,20.6,1.0,73,comfortable,2017-08-15 06:00:00
position_0,-2470.81,-619.8652,1.5,7,25.1,27.723742894374983,23.0,1.0,69,comfortable,2017-08-15 07:00:00
position_0,-2470.81,-619.8652,1.5,8,30.1,36.37373736775559,25.8,0.5,69,warm,2017-08-15 08:00:00
position_0,-2470.81,-619.8652,1.5,9,32.1,43.43150810727229,28.0,1.5,55,hot,2017-08-15 09:00:00
position_0,-2470.81,-619.8652,1.5,10,34.7,49.21118627811192,30.0,1.5,47,hot,2017-08-15 10:00:00
position_0,-2470.81,-619.8652,1.5,11,35.8,53.72049963464195,31.6,2.6,41,hot,2017-08-15 11:00:00
position_0,-2470.81,-619.8652,1.5,12,36.1,56.79509909098297,33.4,5.1,37,hot,2017-08-15 12:00:00
position_0,-2470.81,-619.8652,1.5,13,37.4,56.632342828824015,34.4,5.1,41,hot,2017-08-15 13:00:00
position_0,-2470.81,-619.8652,1.5,14,36.0,53.92463089481415,34.0,5.7,38,hot,2017-08-15 14:00:00
position_0,-2470.81,-619.8652,1.5,15,34.5,49.65068416124275,33.6,7.7,37,hot,2017-08-15 15:00:00
position_0,-2470.81,-619.8652,1.5,16,32.2,44.01209768709977,32.6,7.2,40,hot,2017-08-15 16:00:00
position_0,-2470.81,-619.8652,1.5,17,28.6,36.60554152091203,30.0,7.7,58,warm,2017-08-15 17:00:00
position_0,-2470.81,-619.8652,1.5,18,25.9,28.981363290199436,28.8,6.7,64,comfortable,2017-08-15 18:00:00
position_0,-2470.81,-619.8652,1.5,19,23.9,22.799281568184607,26.8,5.1,80,comfortable,2017-08-15 19:00:00
position_0,-2470.81,-619.8652,1.5,20,26.1,21.83023086443052,25.8,2.1,85,warm,2017-08-15 20:00:00
position_0,-2470.81,-619.8652,1.5,21,25.9,21.34731832213122,25.4,2.1,89,comfortable,2017-08-15 21:00:00
position_0,-2470.81,-619.8652,1.5,22,24.8,20.957327806021507,25.0,2.6,90,comfortable,2017-08-15 22:00:00
position_0,-2470.81,-619.8652,1.5,23,24.8,20.957327806021507,25.0,2.6,90,comfortable,2017-08-15 23:00:00
position_1,-2470.81,-569.8652,1.5,0,23.4,19.13541501813026,23.0,0.5,77,comfortable,2017-08-15 00:00:00
position_1,-2470.81,-569.8652,1.5,1,23.0,18.738811245111215,22.6,0.5,78,comfortable,2017-08-15 01:00:00
position_1,-2470.81,-569.8652,1.5,2,22.5,18.255179595390242,22.2,0.5,78,comfortable,2017-08-15 02:00:00
position_1,-2470.81,-569.8652,1.5,3,18.6,17.314168293132656,21.3,2.6,74,comfortable,2017-08-15 03:00:00
position_1,-2470.81,-569.8652,1.5,4,14.8,16.28023037836569,20.4,4.1,71,comfortable,2017-08-15 04:00:00
position_1,-2470.81,-569.8652,1.5,5,20.0,16.28023037836569,20.4,0.5,71,comfortable,2017-08-15 05:00:00
position_1,-2470.81,-569.8652,1.5,6,20.7,18.793980077018993,20.6,1.0,73,comfortable,2017-08-15 06:00:00
position_1,-2470.81,-569.8652,1.5,7,24.9,27.15738161578021,23.0,1.0,69,comfortable,2017-08-15 07:00:00
position_1,-2470.81,-569.8652,1.5,8,29.7,35.10598094048295,25.8,0.5,69,warm,2017-08-15 08:00:00
position_1,-2470.81,-569.8652,1.5,9,31.6,41.58132090239973,28.0,1.5,55,warm,2017-08-15 09:00:00
position_1,-2470.81,-569.8652,1.5,10,34.1,46.90782805835145,30.0,1.5,47,hot,2017-08-15 10:00:00
position_1,-2470.81,-569.8652,1.5,11,35.2,51.06832428632875,31.6,2.6,41,hot,2017-08-15 11:00:00
position_1,-2470.81,-569.8652,1.5,12,35.5,53.99010344869292,33.4,5.1,37,hot,2017-08-15 12:00:00
position_1,-2470.81,-569.8652,1.5,13,36.9,53.96675784838742,34.4,5.1,41,hot,2017-08-15 13:00:00
position_1,-2470.81,-569.8652,1.5,14,35.5,51.53573300569461,34.0,5.7,38,hot,2017-08-15 14:00:00
position_1,-2470.81,-569.8652,1.5,15,34.1,47.72625977847052,33.6,7.7,37,hot,2017-08-15 15:00:00
position_1,-2470.81,-569.8652,1.5,16,31.9,42.64382460745973,32.6,7.2,40,warm,2017-08-15 16:00:00
position_1,-2470.81,-569.8652,1.5,17,28.4,35.81355875951968,30.0,7.7,58,warm,2017-08-15 17:00:00
position_1,-2470.81,-569.8652,1.5,18,25.9,28.95961842659777,28.8,6.7,64,comfortable,2017-08-15 18:00:00
position_1,-2470.81,-569.8652,1.5,19,24.0,23.27895458532506,26.8,5.1,80,comfortable,2017-08-15 19:00:00
position_1,-2470.81,-569.8652,1.5,20,26.3,22.306193162468475,25.8,2.1,85,warm,2017-08-15 20:00:00
position_1,-2470.81,-569.8652,1.5,21,26.1,21.83322156202782,25.4,2.1,89,warm,2017-08-15 21:00:00
position_1,-2470.81,-569.8652,1.5,22,24.9,21.442030941631966,25.0,2.6,90,comfortable,2017-08-15 22:00:00
position_1,-2470.81,-569.8652,1.5,23,24.9,21.442030941631966,25.0,2.6,90,comfortable,2017-08-15 23:00:00
position_2,-2470.81,-519.8652,1.5,0,23.6,19.682563785460314,23.0,0.5,77,comfortable,2017-08-15 00:00:00
position_2,-2470.81,-519.8652,1.5,1,23.2,19.285479173899763,22.6,0.5,78,comfortable,2017-08-15 01:00:00
position_2,-2470.81,-519.8652,1.5,2,22.7,18.813688111012635,22.2,0.5,78,comfortable,2017-08-15 02:00:00
position_2,-2470.81,-519.8652,1.5,3,18.8,17.878483197689985,21.3,2.6,74,comfortable,2017-08-15 03:00:00
position_2,-2470.81,-519.8652,1.5,4,15.0,16.863508241509074,20.4,4.1,71,comfortable,2017-08-15 04:00:00
position_2,-2470.81,-519.8652,1.5,5,20.2,16.863508241509074,20.4,0.5,71,comfortable,2017-08-15 05:00:00
position_2,-2470.81,-519.8652,1.5,6,20.8,19.04967676353732,20.6,1.0,73,comfortable,2017-08-15 06:00:00
position_2,-2470.81,-519.8652,1.5,7,24.7,26.56877863847054,23.0,1.0,69,comfortable,2017-08-15 07:00:00
position_2,-2470.81,-519.8652,1.5,8,29.4,33.78843817087907,25.8,0.5,69,warm,2017-08-15 08:00:00
position_2,-2470.81,-519.8652,1.5,9,31.1,39.658474587640555,28.0,1.5,55,warm,2017-08-15 09:00:00
position_2,-2470.81,-519.8652,1.5,10,33.5,44.514014149806044,30.0,1.5,47,hot,2017-08-15 10:00:00
position_2,-2470.81,-519.8652,1.5,11,34.5,48.31199477482379,31.6,2.6,41,hot,2017-08-15 11:00:00
position_2,-2470.81,-519.8652,1.5,12,34.9,51.074952203733105,33.4,5.1,37,hot,2017-08-15 12:00:00
position_2,-2470.81,-519.8652,1.5,13,36.3,51.19649209213768,34.4,5.1,41,hot,2017-08-15 13:00:00
position_2,-2470.81,-519.8652,1.5,14,35.0,49.05302018056412,34.0,5.7,38,hot,2017-08-15 14:00:00
position_2,-2470.81,-519.8652,1.5,15,33.7,45.72626090122117,33.6,7.7,37,hot,2017-08-15 15:00:00
position_2,-2470.81,-519.8652,1.5,16,31.6,41.22181777385866,32.6,7.2,40,warm,2017-08-15 16:00:00
position_2,-2470.81,-519.8652,1.5,17,28.2,34.99047386838784,30.0,7.7,58,warm,2017-08-15 17:00:00
position_2,-2470.81,-519.8652,1.5,18,25.9,28.93701961566054,28.8,6.7,64,comfortable,2017-08-15 18:00:00
position_2,-2470.81,-519.8652,1.5,19,24.1,23.777464947340814,26.8,5.1,80,comfortable,2017-08-15 19:00:00
position_2,-2470.81,-519.8652,1.5,20,26.4,22.800847080913243,25.8,2.1,85,warm,2017-08-15 20:00:00
position_2,-2470.81,-519.8652,1.5,21,26.2,22.338206815252008,25.4,2.1,89,warm,2017-08-15 21:00:00
position_2,-2470.81,-519.8652,1.5,22,25.1,21.94576896100984,25.0,2.6,90,comfortable,2017-08-15 22:00:00
position_2,-2470.81,-519.8652,1.5,23,25.1,21.94576896100984,25.0,2.6,90,comfortable,2017-08-15 23:00:00
position_3,-2470.81,-469.86519999999996,1.5,0,23.9,20.748169934411678,23.0,0.5,77,comfortable,2017-08-15 00:00:00
position_3,-2470.81,-469.86519999999996,1.5,1,23.5,20.35014885997837,22.6,0.5,78,comfortable,2017-08-15 01:00:00
position_3,-2470.81,-469.86519999999996,1.5,2,23.0,19.90141807409581,22.2,0.5,78,comfortable,2017-08-15 02:00:00
position_3,-2470.81,-469.86519999999996,1.5,3,19.1,18.97752146323441,21.3,2.6,74,comfortable,2017-08-15 03:00:00
position_3,-2470.81,-469.86519999999996,1.5,4,15.3,17.99947804465016,20.4,4.1,71,comfortable,2017-08-15 04:00:00
position_3,-2470.81,-469.86519999999996,1.5,5,20.6,17.99947804465016,20.4,0.5,71,comfortable,2017-08-15 05:00:00
position_3,-2470.81,-469.86519999999996,1.5,6,20.9,19.547661914358386,20.6,1.0,73,comfortable,2017-08-15 06:00:00
position_3,-2470.81,-469.86519999999996,1.5,7,24.4,25.42243784532038,23.0,1.0,69,comfortable,2017-08-15 07:00:00
position_3,-2470.81,-469.86519999999996,1.5,8,28.7,31.22244193616693,25.8,0.5,69,warm,2017-08-15 08:00:00
position_3,-2470.81,-469.86519999999996,1.5,9,30.1,35.913612168422404,28.0,1.5,55,warm,2017-08-15 09:00:00
position_3,-2470.81,-469.86519999999996,1.5,10,32.3,39.851913140534194,30.0,1.5,47,hot,2017-08-15 10:00:00
position_3,-2470.81,-469.86519999999996,1.5,11,33.2,42.943872151924666,31.6,2.6,41,hot,2017-08-15 11:00:00
position_3,-2470.81,-469.86519999999996,1.5,12,33.6,45.39751440759061,33.4,5.1,37,hot,2017-08-15 12:00:00
position_3,-2470.81,-469.86519999999996,1.5,13,35.1,45.80122776851648,34.4,5.1,41,hot,2017-08-15 13:00:00
position_3,-2470.81,-469.86519999999996,1.5,14,34.0,44.217783019290216,34.0,5.7,38,hot,2017-08-15 14:00:00
position_3,-2470.81,-469.86519999999996,1.5,15,32.9,41.83113908290377,33.6,7.7,37,hot,2017-08-15 15:00:00
position_3,-2470.81,-469.86519999999996,1.5,16,31.0,38.45237129748179,32.6,7.2,40,warm,2017-08-15 16:00:00
position_3,-2470.81,-469.86519999999996,1.5,17,27.9,33.38746500961071,30.0,7.7,58,warm,2017-08-15 17:00:00
position_3,-2470.81,-469.86519999999996,1.5,18,25.9,28.893007030178143,28.8,6.7,64,comfortable,2017-08-15 18:00:00
position_3,-2470.81,-469.86519999999996,1.5,19,24.4,24.748344786241223,26.8,5.1,80,comfortable,2017-08-15 19:00:00
position_3,-2470.81,-469.86519999999996,1.5,20,26.6,23.764216256850133,25.8,2.1,85,warm,2017-08-15 20:00:00
position_3,-2470.81,-469.86519999999996,1.5,21,26.4,23.321696906240106,25.4,2.1,89,warm,2017-08-15 21:00:00
position_3,-2470.81,-469.86519999999996,1.5,22,25.3,22.926829986750654,25.0,2.6,90,comfortable,2017-08-15 22:00:00
position_3,-2470.81,-469.86519999999996,1.5,23,25.3,22.926829986750654,25.0,2.6,90,comfortable,2017-08-15 23:00:00
position_4,-2470.81,-419.86519999999996,1.5,0,23.7,20.024477956080684,23.0,0.5,77,comfortable,2017-08-15 00:00:00
position_4,-2470.81,-419.86519999999996,1.5,1,23.3,19.627092867719423,22.6,0.5,78,comfortable,2017-08-15 01:00:00
position_4,-2470.81,-419.86519999999996,1.5,2,22.8,19.16270100714926,22.2,0.5,78,comfortable,2017-08-15 02:00:00
position_4,-2470.81,-419.86519999999996,1.5,3,18.9,18.231124515885703,21.3,2.6,74,comfortable,2017-08-15 03:00:00
position_4,-2470.81,-419.86519999999996,1.5,4,15.1,17.22799954392225,20.4,4.1,71,comfortable,2017-08-15 04:00:00
position_4,-2470.81,-419.86519999999996,1.5,5,20.3,17.22799954392225,20.4,0.5,71,comfortable,2017-08-15 05:00:00
position_4,-2470.81,-419.86519999999996,1.5,6,20.8,19.209462046300374,20.6,1.0,73,comfortable,2017-08-15 06:00:00
position_4,-2470.81,-419.86519999999996,1.5,7,24.6,26.20095966339805,23.0,1.0,69,comfortable,2017-08-15 07:00:00
position_4,-2470.81,-419.86519999999996,1.5,8,29.2,32.96510351269418,25.8,0.5,69,warm,2017-08-15 08:00:00
position_4,-2470.81,-419.86519999999996,1.5,9,30.8,38.456884741885254,28.0,1.5,55,warm,2017-08-15 09:00:00
position_4,-2470.81,-419.86519999999996,1.5,10,33.1,43.0181158749113,30.0,1.5,47,hot,2017-08-15 10:00:00
position_4,-2470.81,-419.86519999999996,1.5,11,34.1,46.58955989942145,31.6,2.6,41,hot,2017-08-15 11:00:00
position_4,-2470.81,-419.86519999999996,1.5,12,34.5,49.25326936413323,33.4,5.1,37,hot,2017-08-15 12:00:00
position_4,-2470.81,-419.86519999999996,1.5,13,35.9,49.465348434320056,34.4,5.1,41,hot,2017-08-15 13:00:00
position_4,-2470.81,-419.86519999999996,1.5,14,34.7,47.501568825505146,34.0,5.7,38,hot,2017-08-15 14:00:00
position_4,-2470.81,-419.86519999999996,1.5,15,33.4,44.47645829142402,33.6,7.7,37,hot,2017-08-15 15:00:00
position_4,-2470.81,-419.86519999999996,1.5,16,31.4,40.33320334912046,32.6,7.2,40,warm,2017-08-15 16:00:00
position_4,-2470.81,-419.86519999999996,1.5,17,28.1,34.47612675713547,30.0,7.7,58,warm,2017-08-15 17:00:00
position_4,-2470.81,-419.86519999999996,1.5,18,25.9,28.92289758128895,28.8,6.7,64,comfortable,2017-08-15 18:00:00
position_4,-2470.81,-419.86519999999996,1.5,19,24.2,24.08898489794953,26.8,5.1,80,comfortable,2017-08-15 19:00:00
position_4,-2470.81,-419.86519999999996,1.5,20,26.5,23.10995713354933,25.8,2.1,85,warm,2017-08-15 20:00:00
position_4,-2470.81,-419.86519999999996,1.5,21,26.3,22.653772936097372,25.4,2.1,89,warm,2017-08-15 21:00:00
position_4,-2470.81,-419.86519999999996,1.5,22,25.1,22.26055568335959,25.0,2.6,90,comfortable,2017-08-15 22:00:00
position_4,-2470.81,-419.86519999999996,1.5,23,25.1,22.26055568335959,25.0,2.6,90,comfortable,2017-08-15 23:00:00
position_5,-2470.81,-369.86519999999996,1.5,0,23.4,19.067297296634017,23.0,0.5,77,comfortable,2017-08-15 00:00:00
position_5,-2470.81,-369.86519999999996,1.5,1,23.0,18.670753385992096,22.6,0.5,78,comfortable,2017-08-15 01:00:00
position_5,-2470.81,-369.86519999999996,1.5,2,22.5,18.185647632984306,22.2,0.5,78,comfortable,2017-08-15 02:00:00
position_5,-2470.81,-369.86519999999996,1.5,3,18.6,17.243913459712502,21.3,2.6,74,comfortable,2017-08-15 03:00:00
position_5,-2470.81,-369.86519999999996,1.5,4,14.8,16.207614736315712,20.4,4.1,71,comfortable,2017-08-15 04:00:00
position_5,-2470.81,-369.86519999999996,1.5,5,20.0,16.207614736315712,20.4,0.5,71,comfortable,2017-08-15 05:00:00
position_5,-2470.81,-369.86519999999996,1.5,6,20.7,18.762146914413584,20.6,1.0,73,comfortable,2017-08-15 06:00:00
position_5,-2470.81,-369.86519999999996,1.5,7,24.9,27.230660212158835,23.0,1.0,69,comfortable,2017-08-15 07:00:00
position_5,-2470.81,-369.86519999999996,1.5,8,29.8,35.270009476775215,25.8,0.5,69,warm,2017-08-15 08:00:00
position_5,-2470.81,-369.86519999999996,1.5,9,31.7,41.82070718556363,28.0,1.5,55,warm,2017-08-15 09:00:00
position_5,-2470.81,-369.86519999999996,1.5,10,34.2,47.20584782714638,30.0,1.5,47,hot,2017-08-15 10:00:00
position_5,-2470.81,-369.86519999999996,1.5,11,35.2,51.411475723793885,31.6,2.6,41,hot,2017-08-15 11:00:00
position_5,-2470.81,-369.86519999999996,1.5,12,35.6,54.353027524338,33.4,5.1,37,hot,2017-08-15 12:00:00
position_5,-2470.81,-369.86519999999996,1.5,13,36.9,54.31164428973981,34.4,5.1,41,hot,2017-08-15 13:00:00
position_5,-2470.81,-369.86519999999996,1.5,14,35.6,51.84482031590211,34.0,5.7,38,hot,2017-08-15 14:00:00
position_5,-2470.81,-369.86519999999996,1.5,15,34.2,47.97525123134004,33.6,7.7,37,hot,2017-08-15 15:00:00
position_5,-2470.81,-369.86519999999996,1.5,16,31.9,42.82085848058653,32.6,7.2,40,warm,2017-08-15 16:00:00
position_5,-2470.81,-369.86519999999996,1.5,17,28.4,35.91602936848309,30.0,7.7,58,warm,2017-08-15 17:00:00
position_5,-2470.81,-369.86519999999996,1.5,18,25.9,28.962431883561372,28.8,6.7,64,comfortable,2017-08-15 18:00:00
position_5,-2470.81,-369.86519999999996,1.5,19,24.0,23.216892140830332,26.8,5.1,80,comfortable,2017-08-15 19:00:00
position_5,-2470.81,-369.86519999999996,1.5,20,26.2,22.244610828987092,25.8,2.1,85,warm,2017-08-15 20:00:00
position_5,-2470.81,-369.86519999999996,1.5,21,26.1,21.770353020795987,25.4,2.1,89,warm,2017-08-15 21:00:00
position_5,-2470.81,-369.86519999999996,1.5,22,24.9,21.37931767577103,25.0,2.6,90,comfortable,2017-08-15 22:00:00
position_5,-2470.81,-369.86519999999996,1.5,23,24.9,21.37931767577103,25.0,2.6,90,comfortable,2017-08-15 23:00:00
position_6,-2470.81,-319.86519999999996,1.5,0,23.8,20.561560110121775,23.0,0.5,77,comfortable,2017-08-15 00:00:00
position_6,-2470.81,-319.86519999999996,1.5,1,23.4,20.163703029836128,22.6,0.5,78,comfortable,2017-08-15 01:00:00
position_6,-2470.81,-319.86519999999996,1.5,2,23.0,19.71093390929856,22.2,0.5,78,comfortable,2017-08-15 02:00:00
position_6,-2470.81,-319.86519999999996,1.5,3,19.0,18.78505697921942,21.3,2.6,74,comfortable,2017-08-15 03:00:00
position_6,-2470.81,-319.86519999999996,1.5,4,15.2,17.800546079428862,20.4,4.1,71,comfortable,2017-08-15 04:00:00
position_6,-2470.81,-319.86519999999996,1.5,5,20.5,17.800546079428862,20.4,0.5,71,comfortable,2017-08-15 05:00:00
position_6,-2470.81,-319.86519999999996,1.5,6,20.9,19.460454345609698,20.6,1.0,73,comfortable,2017-08-15 06:00:00
position_6,-2470.81,-319.86519999999996,1.5,7,24.4,25.623185986832713,23.0,1.0,69,comfortable,2017-08-15 07:00:00
position_6,-2470.81,-319.86519999999996,1.5,8,28.8,31.67180130497256,25.8,0.5,69,warm,2017-08-15 08:00:00
position_6,-2470.81,-319.86519999999996,1.5,9,30.3,36.56941555199697,28.0,1.5,55,warm,2017-08-15 09:00:00
position_6,-2470.81,-319.86519999999996,1.5,10,32.5,40.668344099588005,30.0,1.5,47,hot,2017-08-15 10:00:00
position_6,-2470.81,-319.86519999999996,1.5,11,33.4,43.88394219601333,31.6,2.6,41,hot,2017-08-15 11:00:00
position_6,-2470.81,-319.86519999999996,1.5,12,33.8,46.391751978946225,33.4,5.1,37,hot,2017-08-15 12:00:00
position_6,-2470.81,-319.86519999999996,1.5,13,35.3,46.7460508895348,34.4,5.1,41,hot,2017-08-15 13:00:00
position_6,-2470.81,-319.86519999999996,1.5,14,34.1,45.06453372352861,34.0,5.7,38,hot,2017-08-15 14:00:00
position_6,-2470.81,-319.86519999999996,1.5,15,33.1,42.51325601589939,33.6,7.7,37,hot,2017-08-15 15:00:00
position_6,-2470.81,-319.86519999999996,1.5,16,31.1,38.93735903975932,32.6,7.2,40,warm,2017-08-15 16:00:00
position_6,-2470.81,-319.86519999999996,1.5,17,27.9,33.66818523796706,30.0,7.7,58,warm,2017-08-15 17:00:00
position_6,-2470.81,-319.86519999999996,1.5,18,25.9,28.90071455030788,28.8,6.7,64,comfortable,2017-08-15 18:00:00
position_6,-2470.81,-319.86519999999996,1.5,19,24.3,24.578323511193112,26.8,5.1,80,comfortable,2017-08-15 19:00:00
position_6,-2470.81,-319.86519999999996,1.5,20,26.6,23.595510255270842,25.8,2.1,85,warm,2017-08-15 20:00:00
position_6,-2470.81,-319.86519999999996,1.5,21,26.4,23.149467313486014,25.4,2.1,89,warm,2017-08-15 21:00:00
position_6,-2470.81,-319.86519999999996,1.5,22,25.3,22.755025773898346,25.0,2.6,90,comfortable,2017-08-15 22:00:00
position_6,-2470.81,-319.86519999999996,1.5,23,25.3,22.755025773898346,25.0,2.6,90,comfortable,2017-08-15 23:00:00
position_7,-2470.81,-269.86519999999996,1.5,0,23.5,19.403127934289387,23.0,0.5,77,comfortable,2017-08-15 00:00:00
position_7,-2470.81,-269.86519999999996,1.5,1,23.1,19.006288893102276,22.6,0.5,78,comfortable,2017-08-15 01:00:00
position_7,-2470.81,-269.86519999999996,1.5,2,22.6,18.52845069156139,22.2,0.5,78,comfortable,2017-08-15 02:00:00
position_7,-2470.81,-269.86519999999996,1.5,3,18.7,17.590280381383,21.3,2.6,74,comfortable,2017-08-15 03:00:00
position_7,-2470.81,-269.86519999999996,1.5,4,14.9,16.56562080049011,20.4,4.1,71,comfortable,2017-08-15 04:00:00
position_7,-2470.81,-269.86519999999996,1.5,5,20.1,16.56562080049011,20.4,0.5,71,comfortable,2017-08-15 05:00:00
position_7,-2470.81,-269.86519999999996,1.5,6,20.7,18.919089205810568,20.6,1.0,73,comfortable,2017-08-15 06:00:00
position_7,-2470.81,-269.86519999999996,1.5,7,24.8,26.86938568318504,23.0,1.0,69,comfortable,2017-08-15 07:00:00
position_7,-2470.81,-269.86519999999996,1.5,8,29.6,34.46132406089931,25.8,0.5,69,warm,2017-08-15 08:00:00
position_7,-2470.81,-269.86519999999996,1.5,9,31.3,40.64049671529252,28.0,1.5,55,warm,2017-08-15 09:00:00
position_7,-2470.81,-269.86519999999996,1.5,10,33.8,45.73656543205298,30.0,1.5,47,hot,2017-08-15 10:00:00
position_7,-2470.81,-269.86519999999996,1.5,11,34.8,49.719687397277085,31.6,2.6,41,hot,2017-08-15 11:00:00
position_7,-2470.81,-269.86519999999996,1.5,12,35.2,52.5637571103079,33.4,5.1,37,hot,2017-08-15 12:00:00
position_7,-2470.81,-269.86519999999996,1.5,13,36.6,52.61130213245776,34.4,5.1,41,hot,2017-08-15 13:00:00
position_7,-2470.81,-269.86519999999996,1.5,14,35.3,50.320973272898925,34.0,5.7,38,hot,2017-08-15 14:00:00
position_7,-2470.81,-269.86519999999996,1.5,15,33.9,46.74768582616839,33.6,7.7,37,hot,2017-08-15 15:00:00
position_7,-2470.81,-269.86519999999996,1.5,16,31.8,41.9480547931929,32.6,7.2,40,warm,2017-08-15 16:00:00
position_7,-2470.81,-269.86519999999996,1.5,17,28.3,35.41083381594231,30.0,7.7,58,warm,2017-08-15 17:00:00
position_7,-2470.81,-269.86519999999996,1.5,18,25.9,28.948561116522388,28.8,6.7,64,comfortable,2017-08-15 18:00:00
position_7,-2470.81,-269.86519999999996,1.5,19,24.1,23.52286934986345,26.8,5.1,80,comfortable,2017-08-15 19:00:00
position_7,-2470.81,-269.86519999999996,1.5,20,26.3,22.548221018334054,25.8,2.1,85,warm,2017-08-15 20:00:00
position_7,-2470.81,-269.86519999999996,1.5,21,26.1,22.080304408284974,25.4,2.1,89,warm,2017-08-15 21:00:00
position_7,-2470.81,-269.86519999999996,1.5,22,25.0,21.68850353226932,25.0,2.6,90,comfortable,2017-08-15 22:00:00
position_7,-2470.81,-269.86519999999996,1.5,23,25.0,21.68850353226932,25.0,2.6,90,comfortable,2017-08-15 23:00:00
position_8,-2470.81,-219.86519999999996,1.5,0,23.9,20.631355605108986,23.0,0.5,77,comfortable,2017-08-15 00:00:00
position_8,-2470.81,-219.86519999999996,1.5,1,23.5,20.233437188005972,22.6,0.5,78,comfortable,2017-08-15 01:00:00
position_8,-2470.81,-219.86519999999996,1.5,2,23.0,19.782178478655187,22.2,0.5,78,comfortable,2017-08-15 02:00:00
position_8,-2470.81,-219.86519999999996,1.5,3,19.0,18.857042224264266,21.3,2.6,74,comfortable,2017-08-15 03:00:00
position_8,-2470.81,-219.86519999999996,1.5,4,15.3,17.874950280998814,20.4,4.1,71,comfortable,2017-08-15 04:00:00
position_8,-2470.81,-219.86519999999996,1.5,5,20.6,17.874950280998814,20.4,0.5,71,comfortable,2017-08-15 05:00:00
position_8,-2470.81,-219.86519999999996,1.5,6,20.9,19.49307157490407,20.6,1.0,73,comfortable,2017-08-15 06:00:00
position_8,-2470.81,-219.86519999999996,1.5,7,24.4,25.548102502038,23.0,1.0,69,comfortable,2017-08-15 07:00:00
position_8,-2470.81,-219.86519999999996,1.5,8,28.8,31.503732663933572,25.8,0.5,69,warm,2017-08-15 08:00:00
position_8,-2470.81,-219.86519999999996,1.5,9,30.2,36.324133065155515,28.0,1.5,55,warm,2017-08-15 09:00:00
position_8,-2470.81,-219.86519999999996,1.5,10,32.5,40.3629839550893,30.0,1.5,47,hot,2017-08-15 10:00:00
position_8,-2470.81,-219.86519999999996,1.5,11,33.3,43.53233876731127,31.6,2.6,41,hot,2017-08-15 11:00:00
position_8,-2470.81,-219.86519999999996,1.5,12,33.8,46.01988890211355,33.4,5.1,37,hot,2017-08-15 12:00:00
position_8,-2470.81,-219.86519999999996,1.5,13,35.2,46.39266972293348,34.4,5.1,41,hot,2017-08-15 13:00:00
position_8,-2470.81,-219.86519999999996,1.5,14,34.1,44.74783343854643,34.0,5.7,38,hot,2017-08-15 14:00:00
position_8,-2470.81,-219.86519999999996,1.5,15,33.0,42.258131779226694,33.6,7.7,37,hot,2017-08-15 15:00:00
position_8,-2470.81,-219.86519999999996,1.5,16,31.1,38.75596473394613,32.6,7.2,40,warm,2017-08-15 16:00:00
position_8,-2470.81,-219.86519999999996,1.5,17,27.9,33.56319072674231,30.0,7.7,58,warm,2017-08-15 17:00:00
position_8,-2470.81,-219.86519999999996,1.5,18,25.9,28.89783179649454,28.8,6.7,64,comfortable,2017-08-15 18:00:00
position_8,-2470.81,-219.86519999999996,1.5,19,24.3,24.641914584682922,26.8,5.1,80,comfortable,2017-08-15 19:00:00
position_8,-2470.81,-219.86519999999996,1.5,20,26.6,23.65860939237333,25.8,2.1,85,warm,2017-08-15 20:00:00
position_8,-2470.81,-219.86519999999996,1.5,21,26.4,23.213884338278035,25.4,2.1,89,warm,2017-08-15 21:00:00
position_8,-2470.81,-219.86519999999996,1.5,22,25.3,22.819283698809556,25.0,2.6,90,comfortable,2017-08-15 22:00:00
position_8,-2470.81,-219.86519999999996,1.5,23,25.3,22.819283698809556,25.0,2.6,90,comfortable,2017-08-15 23:00:00
position_9,-2470.81,-169.86519999999996,1.5,0,23.3,18.79280624152834,23.0,0.5,77,comfortable,2017-08-15 00:00:00
position_9,-2470.81,-169.86519999999996,1.5,1,22.9,18.396503555735077,22.6,0.5,78,comfortable,2017-08-15 01:00:00
position_9,-2470.81,-169.86519999999996,1.5,2,22.4,17.905457672058706,22.2,0.5,78,comfortable,2017-08-15 02:00:00
position_9,-2470.81,-169.86519999999996,1.5,3,18.5,16.96081057652468,21.3,2.6,74,comfortable,2017-08-15 03:00:00
position_9,-2470.81,-169.86519999999996,1.5,4,14.7,15.914998604042793,20.4,4.1,71,comfortable,2017-08-15 04:00:00
position_9,-2470.81,-169.86519999999996,1.5,5,19.9,15.914998604042793,20.4,0.5,71,comfortable,2017-08-15 05:00:00
position_9,-2470.81,-169.86519999999996,1.5,6,20.6,18.633870187021994,20.6,1.0,73,comfortable,2017-08-15 06:00:00
position_9,-2470.81,-169.86519999999996,1.5,7,25.0,27.525947823000905,23.0,1.0,69,comfortable,2017-08-15 07:00:00
position_9,-2470.81,-169.86519999999996,1.5,8,30.0,35.930988220710255,25.8,0.5,69,warm,2017-08-15 08:00:00
position_9,-2470.81,-169.86519999999996,1.5,9,31.9,42.7853518037355,28.0,1.5,55,warm,2017-08-15 09:00:00
position_9,-2470.81,-169.86519999999996,1.5,10,34.5,48.40676528272187,30.0,1.5,47,hot,2017-08-15 10:00:00
position_9,-2470.81,-169.86519999999996,1.5,11,35.6,52.794258325176465,31.6,2.6,41,hot,2017-08-15 11:00:00
position_9,-2470.81,-169.86519999999996,1.5,12,35.9,55.815487076109164,33.4,5.1,37,hot,2017-08-15 12:00:00
position_9,-2470.81,-169.86519999999996,1.5,13,37.2,55.70141836172894,34.4,5.1,41,hot,2017-08-15 13:00:00
position_9,-2470.81,-169.86519999999996,1.5,14,35.8,53.09033616750483,34.0,5.7,38,hot,2017-08-15 14:00:00
position_9,-2470.81,-169.86519999999996,1.5,15,34.4,48.97860138911384,33.6,7.7,37,hot,2017-08-15 15:00:00
position_9,-2470.81,-169.86519999999996,1.5,16,32.1,43.534244271488234,32.6,7.2,40,hot,2017-08-15 16:00:00
position_9,-2470.81,-169.86519999999996,1.5,17,28.5,36.328950777976154,30.0,7.7,58,warm,2017-08-15 17:00:00
position_9,-2470.81,-169.86519999999996,1.5,18,25.9,28.973769150185518,28.8,6.7,64,comfortable,2017-08-15 18:00:00
position_9,-2470.81,-169.86519999999996,1.5,19,24.0,22.96680177524558,26.8,5.1,80,comfortable,2017-08-15 19:00:00
position_9,-2470.81,-169.86519999999996,1.5,20,26.2,21.99645514612112,25.8,2.1,85,warm,2017-08-15 20:00:00
position_9,-2470.81,-169.86519999999996,1.5,21,26.0,21.51701436182995,25.4,2.1,89,warm,2017-08-15 21:00:00
position_9,-2470.81,-169.86519999999996,1.5,22,24.8,21.12660472329449,25.0,2.6,90,comfortable,2017-08-15 22:00:00
position_9,-2470.81,-169.86519999999996,1.5,23,24.8,21.12660472329449,25.0,2.6,90,comfortable,2017-08-15 23:00:00
position_10,-2420.81,-619.8652,1.5,0,23.4,19.170685995896324,23.0,0.5,77,comfortable,2017-08-15 00:00:00
position_10,-2420.81,-619.8652,1.5,1,23.0,18.774051226470963,22.6,0.5,78,comfortable,2017-08-15 01:00:00
position_10,-2420.81,-619.8652,1.5,2,22.5,18.291182859242596,22.2,0.5,78,comfortable,2017-08-15 02:00:00
position_10,-2420.81,-619.8652,1.5,3,18.6,17.3505458555803,21.3,2.6,74,comfortable,2017-08-15 03:00:00
position_10,-2420.81,-619.8652,1.5,4,14.8,16.317830354406496,20.4,4.1,71,comfortable,2017-08-15 04:00:00
position_10,-2420.81,-619.8652,1.5,5,20.0,16.317830354406496,20.4,0.5,71,comfortable,2017-08-15 05:00:00
position_10,-2420.81,-619.8652,1.5,6,20.7,18.81046311176849,20.6,1.0,73,comfortable,2017-08-15 06:00:00
position_10,-2420.81,-619.8652,1.5,7,24.9,27.119438365671037,23.0,1.0,69,comfortable,2017-08-15 07:00:00
position_10,-2420.81,-619.8652,1.5,8,29.7,35.02104787564337,25.8,0.5,69,warm,2017-08-15 08:00:00
position_10,-2420.81,-619.8652,1.5,9,31.6,41.45736801487633,28.0,1.5,55,warm,2017-08-15 09:00:00
position_10,-2420.81,-619.8652,1.5,10,34.1,46.753515077703774,30.0,1.5,47,hot,2017-08-15 10:00:00
position_10,-2420.81,-619.8652,1.5,11,35.1,50.89064237837045,31.6,2.6,41,hot,2017-08-15 11:00:00
position_10,-2420.81,-619.8652,1.5,12,35.5,53.80218337853097,33.4,5.1,37,hot,2017-08-15 12:00:00
position_10,-2420.81,-619.8652,1.5,13,36.8,53.78817756505503,34.4,5.1,41,hot,2017-08-15 13:00:00
position_10,-2420.81,-619.8652,1.5,14,35.5,51.37568931358871,34.0,5.7,38,hot,2017-08-15 14:00:00
position_10,-2420.81,-619.8652,1.5,15,34.1,47.5973333874346,33.6,7.7,37,hot,2017-08-15 15:00:00
position_10,-2420.81,-619.8652,1.5,16,31.9,42.552157451457745,32.6,7.2,40,warm,2017-08-15 16:00:00
position_10,-2420.81,-619.8652,1.5,17,28.4,35.760500047468916,30.0,7.7,58,warm,2017-08-15 17:00:00
position_10,-2420.81,-619.8652,1.5,18,25.9,28.958161634212043,28.8,6.7,64,comfortable,2017-08-15 18:00:00
position_10,-2420.81,-619.8652,1.5,19,24.0,23.311090174299537,26.8,5.1,80,comfortable,2017-08-15 19:00:00
position_10,-2420.81,-619.8652,1.5,20,26.3,22.338080152627473,25.8,2.1,85,warm,2017-08-15 20:00:00
position_10,-2420.81,-619.8652,1.5,21,26.1,21.86577454341454,25.4,2.1,89,warm,2017-08-15 21:00:00
position_10,-2420.81,-619.8652,1.5,22,24.9,21.474503522294256,25.0,2.6,90,comfortable,2017-08-15 22:00:00
position_10,-2420.81,-619.8652,1.5,23,24.9,21.474503522294256,25.0,2.6,90,comfortable,2017-08-15 23:00:00
position_11,-2420.81,-569.8652,1.5,0,23.6,19.76379314154141,23.0,0.5,77,comfortable,2017-08-15 00:00:00
position_11,-2420.81,-569.8652,1.5,1,23.2,19.366637144998496,22.6,0.5,78,comfortable,2017-08-15 01:00:00
position_11,-2420.81,-569.8652,1.5,2,22.7,18.89660392806034,22.2,0.5,78,comfortable,2017-08-15 02:00:00
position_11,-2420.81,-569.8652,1.5,3,18.8,17.962261027525624,21.3,2.6,74,comfortable,2017-08-15 03:00:00
position_11,-2420.81,-569.8652,1.5,4,15.0,16.950101300049067,20.4,4.1,71,comfortable,2017-08-15 04:00:00
position_11,-2420.81,-569.8652,1.5,5,20.3,16.950101300049067,20.4,0.5,71,comfortable,2017-08-15 05:00:00
position_11,-2420.81,-569.8652,1.5,6,20.8,19.08763733009275,20.6,1.0,73,comfortable,2017-08-15 06:00:00
position_11,-2420.81,-569.8652,1.5,7,24.7,26.481395016886978,23.0,1.0,69,comfortable,2017-08-15 07:00:00
position_11,-2420.81,-569.8652,1.5,8,29.3,33.5928366139086,25.8,0.5,69,warm,2017-08-15 08:00:00
position_11,-2420.81,-569.8652,1.5,9,31.0,39.37301005346465,28.0,1.5,55,warm,2017-08-15 09:00:00
position_11,-2420.81,-569.8652,1.5,10,33.4,44.158630067853395,30.0,1.5,47,hot,2017-08-15 10:00:00
position_11,-2420.81,-569.8652,1.5,11,34.4,47.90279185829448,31.6,2.6,41,hot,2017-08-15 11:00:00
position_11,-2420.81,-569.8652,1.5,12,34.8,50.64217071422596,33.4,5.1,37,hot,2017-08-15 12:00:00
position_11,-2420.81,-569.8652,1.5,13,36.2,50.78522020962617,34.4,5.1,41,hot,2017-08-15 13:00:00
position_11,-2420.81,-569.8652,1.5,14,34.9,48.68443822230854,34.0,5.7,38,hot,2017-08-15 14:00:00
position_11,-2420.81,-569.8652,1.5,15,33.6,45.429342346959146,33.6,7.7,37,hot,2017-08-15 15:00:00
position_11,-2420.81,-569.8652,1.5,16,31.6,41.01070754875482,32.6,7.2,40,warm,2017-08-15 16:00:00
position_11,-2420.81,-569.8652,1.5,17,28.2,34.86827921183588,30.0,7.7,58,warm,2017-08-15 17:00:00
position_11,-2420.81,-569.8652,1.5,18,25.9,28.933664610641365,28.8,6.7,64,comfortable,2017-08-15 18:00:00
position_11,-2420.81,-569.8652,1.5,19,24.2,23.851473476874553,26.8,5.1,80,comfortable,2017-08-15 19:00:00
position_11,-2420.81,-569.8652,1.5,20,26.4,22.874283085300736,25.8,2.1,85,warm,2017-08-15 20:00:00
position_11,-2420.81,-569.8652,1.5,21,26.2,22.41317660299368,25.4,2.1,89,warm,2017-08-15 21:00:00
position_11,-2420.81,-569.8652,1.5,22,25.1,22.020553585212326,25.0,2.6,90,comfortable,2017-08-15 22:00:00
position_11,-2420.81,-569.8652,1.5,23,25.1,22.020553585212326,25.0,2.6,90,comfortable,2017-08-15 23:00:00
position_12,-2420.81,-519.8652,1.5,0,24.6,23.0,23.0,0.5,77,comfortable,2017-08-15 00:00:00
position_12,-2420.81,-519.8652,1.5,1,24.2,22.6,22.6,0.5,78,comfortable,2017-08-15 01:00:00
position_12,-2420.81,-519.8652,1.5,2,23.7,22.2,22.2,0.5,78,comfortable,2017-08-15 02:00:00
position_12,-2420.81,-519.8652,1.5,3,19.8,21.3,21.3,2.6,74,comfortable,2017-08-15 03:00:00
position_12,-2420.81,-519.8652,1.5,4,16.0,20.4,20.4,4.1,71,comfortable,2017-08-15 04:00:00
position_12,-2420.81,-519.8652,1.5,5,21.4,20.4,20.4,0.5,71,comfortable,2017-08-15 05:00:00
position_12,-2420.81,-519.8652,1.5,6,21.2,20.6,20.6,1.0,73,comfortable,2017-08-15 06:00:00
position_12,-2420.81,-519.8652,1.5,7,23.7,23.0,23.0,1.0,69,comfortable,2017-08-15 07:00:00
position_12,-2420.81,-519.8652,1.5,8,27.2,25.8,25.8,0.5,69,warm,2017-08-15 08:00:00
position_12,-2420.81,-519.8652,1.5,9,28.0,28.0,28.0,1.5,55,warm,2017-08-15 09:00:00
position_12,-2420.81,-519.8652,1.5,10,29.8,30.0,30.0,1.5,47,warm,2017-08-15 10:00:00
position_12,-2420.81,-519.8652,1.5,11,30.5,31.6,31.6,2.6,41,warm,2017-08-15 11:00:00
position_12,-2420.81,-519.8652,1.5,12,31.0,33.4,33.4,5.1,37,warm,2017-08-15 12:00:00
position_12,-2420.81,-519.8652,1.5,13,32.7,34.4,34.4,5.1,41,hot,2017-08-15 13:00:00
position_12,-2420.81,-519.8652,1.5,14,31.8,34.0,34.0,5.7,38,warm,2017-08-15 14:00:00
position_12,-2420.81,-519.8652,1.5,15,31.3,33.6,33.6,7.7,37,warm,2017-08-15 15:00:00
position_12,-2420.81,-519.8652,1.5,16,29.9,32.6,32.6,7.2,40,warm,2017-08-15 16:00:00
position_12,-2420.81,-519.8652,1.5,17,27.2,30.0,30.0,7.7,58,warm,2017-08-15 17:00:00
position_12,-2420.81,-519.8652,1.5,18,25.9,28.8,28.8,6.7,64,comfortable,2017-08-15 18:00:00
position_12,-2420.81,-519.8652,1.5,19,24.8,26.8,26.8,5.1,80,comfortable,2017-08-15 19:00:00
position_12,-2420.81,-519.8652,1.5,20,27.1,25.8,25.8,2.1,85,warm,2017-08-15 20:00:00
position_12,-2420.81,-519.8652,1.5,21,27.0,25.4,25.4,2.1,89,warm,2017-08-15 21:00:00
position_12,-2420.81,-519.8652,1.5,22,25.8,25.0,25.0,2.6,90,comfortable,2017-08-15 22:00:00
position_12,-2420.81,-519.8652,1.5,23,25.8,25.0,25.0,2.6,90,comfortable,2017-08-15 23:00:00
position_13,-2420.81,-469.86519999999996,1.5,0,23.4,19.184483354472096,23.0,0.5,77,comfortable,2017-08-15 00:00:00
position_13,-2420.81,-469.86519999999996,1.5,1,23.0,18.78783645982199,22.6,0.5,78,comfortable,2017-08-15 01:00:00
position_13,-2420.81,-469.86519999999996,1.5,2,22.5,18.30526667468326,22.2,0.5,78,comfortable,2017-08-15 02:00:00
position_13,-2420.81,-469.86519999999996,1.5,3,18.6,17.364776089755594,21.3,2.6,74,comfortable,2017-08-15 03:00:00
position_13,-2420.81,-469.86519999999996,1.5,4,14.8,16.33253877432375,20.4,4.1,71,comfortable,2017-08-15 04:00:00
position_13,-2420.81,-469.86519999999996,1.5,5,20.1,16.33253877432375,20.4,0.5,71,comfortable,2017-08-15 05:00:00
position_13,-2420.81,-469.86519999999996,1.5,6,20.7,18.816910972169865,20.6,1.0,73,comfortable,2017-08-15 06:00:00
position_13,-2420.81,-469.86519999999996,1.5,7,24.9,27.104595663244172,23.0,1.0,69,comfortable,2017-08-15 07:00:00
position_13,-2420.81,-469.86519999999996,1.5,8,29.7,34.9878236208948,25.8,0.5,69,warm,2017-08-15 08:00:00
position_13,-2420.81,-469.86519999999996,1.5,9,31.5,41.408879922286275,28.0,1.5,55,warm,2017-08-15 09:00:00
position_13,-2420.81,-469.86519999999996,1.5,10,34.1,46.69315067439709,30.0,1.5,47,hot,2017-08-15 10:00:00
position_13,-2420.81,-469.86519999999996,1.5,11,35.1,50.821136479986016,31.6,2.6,41,hot,2017-08-15 11:00:00
position_13,-2420.81,-469.86519999999996,1.5,12,35.5,53.72867249916704,33.4,5.1,37,hot,2017-08-15 12:00:00
position_13,-2420.81,-469.86519999999996,1.5,13,36.8,53.71832023872735,34.4,5.1,41,hot,2017-08-15 13:00:00
position_13,-2420.81,-469.86519999999996,1.5,14,35.5,51.31308316123246,34.0,5.7,38,hot,2017-08-15 14:00:00
position_13,-2420.81,-469.86519999999996,1.5,15,34.1,47.54689975163349,33.6,7.7,37,hot,2017-08-15 15:00:00
position_13,-2420.81,-469.86519999999996,1.5,16,31.9,42.5162989439514,32.6,7.2,40,warm,2017-08-15 16:00:00
position_13,-2420.81,-469.86519999999996,1.5,17,28.4,35.73974445400087,30.0,7.7,58,warm,2017-08-15 17:00:00
position_13,-2420.81,-469.86519999999996,1.5,18,25.9,28.957591763791964,28.8,6.7,64,comfortable,2017-08-15 18:00:00
position_13,-2420.81,-469.86519999999996,1.5,19,24.0,23.323661026376996,26.8,5.1,80,comfortable,2017-08-15 19:00:00
position_13,-2420.81,-469.86519999999996,1.5,20,26.3,22.350553757415064,25.8,2.1,85,warm,2017-08-15 20:00:00
position_13,-2420.81,-469.86519999999996,1.5,21,26.1,21.878508671736185,25.4,2.1,89,warm,2017-08-15 21:00:00
position_13,-2420.81,-469.86519999999996,1.5,22,24.9,21.487206199329464,25.0,2.6,90,comfortable,2017-08-15 22:00:00
position_13,-2420.81,-469.86519999999996,1.5,23,24.9,21.487206199329464,25.0,2.6,90,comfortable,2017-08-15 23:00:00
position_14,-2420.81,-419.86519999999996,1.5,0,23.7,20.196570054296554,23.0,0.5,77,comfortable,2017-08-15 00:00:00
position_14,-2420.81,-419.86519999999996,1.5,1,23.3,19.79903373007687,22.6,0.5,78,comfortable,2017-08-15 01:00:00
position_14,-2420.81,-419.86519999999996,1.5,2,22.9,19.338366032940886,22.2,0.5,78,comfortable,2017-08-15 02:00:00
position_14,-2420.81,-419.86519999999996,1.5,3,18.9,18.408615797559705,21.3,2.6,74,comfortable,2017-08-15 03:00:00
position_14,-2420.81,-419.86519999999996,1.5,4,15.1,17.411455154726298,20.4,4.1,71,comfortable,2017-08-15 04:00:00
position_14,-2420.81,-419.86519999999996,1.5,5,20.4,17.411455154726298,20.4,0.5,71,comfortable,2017-08-15 05:00:00
position_14,-2420.81,-419.86519999999996,1.5,6,20.8,19.28988510839464,20.6,1.0,73,comfortable,2017-08-15 06:00:00
position_14,-2420.81,-419.86519999999996,1.5,7,24.6,26.0158291697745,23.0,1.0,69,comfortable,2017-08-15 07:00:00
position_14,-2420.81,-419.86519999999996,1.5,8,29.0,32.55070305481375,25.8,0.5,69,warm,2017-08-15 08:00:00
position_14,-2420.81,-419.86519999999996,1.5,9,30.6,37.85210104024539,28.0,1.5,55,warm,2017-08-15 09:00:00
position_14,-2420.81,-419.86519999999996,1.5,10,32.9,42.265200977067046,30.0,1.5,47,hot,2017-08-15 10:00:00
position_14,-2420.81,-419.86519999999996,1.5,11,33.9,45.72262469398565,31.6,2.6,41,hot,2017-08-15 11:00:00
position_14,-2420.81,-419.86519999999996,1.5,12,34.3,48.33638071461696,33.4,5.1,37,hot,2017-08-15 12:00:00
position_14,-2420.81,-419.86519999999996,1.5,13,35.7,48.59402992813941,34.4,5.1,41,hot,2017-08-15 13:00:00
position_14,-2420.81,-419.86519999999996,1.5,14,34.5,46.7206929744472,34.0,5.7,38,hot,2017-08-15 14:00:00
position_14,-2420.81,-419.86519999999996,1.5,15,33.3,43.84740816142964,33.6,7.7,37,hot,2017-08-15 15:00:00
position_14,-2420.81,-419.86519999999996,1.5,16,31.3,39.885946306276566,32.6,7.2,40,warm,2017-08-15 16:00:00
position_14,-2420.81,-419.86519999999996,1.5,17,28.1,34.217245782924635,30.0,7.7,58,warm,2017-08-15 17:00:00
position_14,-2420.81,-419.86519999999996,1.5,18,25.9,28.915789684819863,28.8,6.7,64,comfortable,2017-08-15 18:00:00
position_14,-2420.81,-419.86519999999996,1.5,19,24.2,24.245778989984636,26.8,5.1,80,comfortable,2017-08-15 19:00:00
position_14,-2420.81,-419.86519999999996,1.5,20,26.5,23.2655382767387,25.8,2.1,85,warm,2017-08-15 20:00:00
position_14,-2420.81,-419.86519999999996,1.5,21,26.3,22.812603544853914,25.4,2.1,89,warm,2017-08-15 21:00:00
position_14,-2420.81,-419.86519999999996,1.5,22,25.2,22.418994005589333,25.0,2.6,90,comfortable,2017-08-15 22:00:00
position_14,-2420.81,-419.86519999999996,1.5,23,25.2,22.418994005589333,25.0,2.6,90,comfortable,2017-08-15 23:00:00
position_15,-2420.81,-369.86519999999996,1.5,0,24.3,22.168382268768955,23.0,0.5,77,comfortable,2017-08-15 00:00:00
position_15,-2420.81,-369.86519999999996,1.5,1,23.9,21.769113100822047,22.6,0.5,78,comfortable,2017-08-15 01:00:00
position_15,-2420.81,-369.86519999999996,1.5,2,23.5,21.35111645613022,22.2,0.5,78,comfortable,2017-08-15 02:00:00
position_15,-2420.81,-369.86519999999996,1.5,3,19.5,20.442291258522125,21.3,2.6,74,comfortable,2017-08-15 03:00:00
position_15,-2420.81,-369.86519999999996,1.5,4,15.7,19.513469238738143,20.4,4.1,71,comfortable,2017-08-15 04:00:00
position_15,-2420.81,-369.86519999999996,1.5,5,21.1,19.513469238738143,20.4,0.5,71,comfortable,2017-08-15 05:00:00
position_15,-2420.81,-369.86519999999996,1.5,6,21.1,20.211363652771617,20.6,1.0,73,comfortable,2017-08-15 06:00:00
position_15,-2420.81,-369.86519999999996,1.5,7,23.9,23.89462446379018,23.0,1.0,69,comfortable,2017-08-15 07:00:00
position_15,-2420.81,-369.86519999999996,1.5,8,27.7,27.802548473616316,25.8,0.5,69,warm,2017-08-15 08:00:00
position_15,-2420.81,-369.86519999999996,1.5,9,28.8,30.92255632337267,28.0,1.5,55,warm,2017-08-15 09:00:00
position_15,-2420.81,-369.86519999999996,1.5,10,30.8,33.638385409014354,30.0,1.5,47,warm,2017-08-15 10:00:00
position_15,-2420.81,-369.86519999999996,1.5,11,31.5,35.78937706113891,31.6,2.6,41,warm,2017-08-15 11:00:00
position_15,-2420.81,-369.86519999999996,1.5,12,32.0,37.830772048265366,33.4,5.1,37,hot,2017-08-15 12:00:00
position_15,-2420.81,-369.86519999999996,1.5,13,33.6,38.610558920495144,34.4,5.1,41,hot,2017-08-15 13:00:00
position_15,-2420.81,-369.86519999999996,1.5,14,32.6,37.773503899146675,34.0,5.7,38,hot,2017-08-15 14:00:00
position_15,-2420.81,-369.86519999999996,1.5,15,31.9,36.63982139424151,33.6,7.7,37,warm,2017-08-15 15:00:00
position_15,-2420.81,-369.86519999999996,1.5,16,30.3,34.76132461108336,32.6,7.2,40,warm,2017-08-15 16:00:00
position_15,-2420.81,-369.86519999999996,1.5,17,27.4,31.251016232959397,30.0,7.7,58,warm,2017-08-15 17:00:00
position_15,-2420.81,-369.86519999999996,1.5,18,25.9,28.834348193767934,28.8,6.7,64,comfortable,2017-08-15 18:00:00
position_15,-2420.81,-369.86519999999996,1.5,19,24.6,26.042308342797327,26.8,5.1,80,comfortable,2017-08-15 19:00:00
position_15,-2420.81,-369.86519999999996,1.5,20,27.0,25.048169795924178,25.8,2.1,85,warm,2017-08-15 20:00:00
position_15,-2420.81,-369.86519999999996,1.5,21,26.8,24.632467080862288,25.4,2.1,89,warm,2017-08-15 21:00:00
position_15,-2420.81,-369.86519999999996,1.5,22,25.6,24.234362765991307,25.0,2.6,90,comfortable,2017-08-15 22:00:00
position_15,-2420.81,-369.86519999999996,1.5,23,25.6,24.234362765991307,25.0,2.6,90,comfortable,2017-08-15 23:00:00
position_16,-2420.81,-319.86519999999996,1.5,0,23.7,20.19414110403428,23.0,0.5,77,comfortable,2017-08-15 00:00:00
position_16,-2420.81,-319.86519999999996,1.5,1,23.3,19.796606914394754,22.6,0.5,78,comfortable,2017-08-15 01:00:00
position_16,-2420.81,-319.86519999999996,1.5,2,22.9,19.335886653498758,22.2,0.5,78,comfortable,2017-08-15 02:00:00
position_16,-2420.81,-319.86519999999996,1.5,3,18.9,18.406110641892226,21.3,2.6,74,comfortable,2017-08-15 03:00:00
position_16,-2420.81,-319.86519999999996,1.5,4,15.1,17.4088658170484,20.4,4.1,71,comfortable,2017-08-15 04:00:00
position_16,-2420.81,-319.86519999999996,1.5,5,20.4,17.4088658170484,20.4,0.5,71,comfortable,2017-08-15 05:00:00
position_16,-2420.81,-319.86519999999996,1.5,6,20.8,19.288749997487212,20.6,1.0,73,comfortable,2017-08-15 06:00:00
position_16,-2420.81,-319.86519999999996,1.5,7,24.6,26.01844214716105,23.0,1.0,69,comfortable,2017-08-15 07:00:00
position_16,-2420.81,-319.86519999999996,1.5,8,29.0,32.55655200494738,25.8,0.5,69,warm,2017-08-15 08:00:00
position_16,-2420.81,-319.86519999999996,1.5,9,30.6,37.86063710637478,28.0,1.5,55,warm,2017-08-15 09:00:00
position_16,-2420.81,-319.86519999999996,1.5,10,32.9,42.275827803385916,30.0,1.5,47,hot,2017-08-15 10:00:00
position_16,-2420.81,-319.86519999999996,1.5,11,33.9,45.73486083101025,31.6,2.6,41,hot,2017-08-15 11:00:00
position_16,-2420.81,-319.86519999999996,1.5,12,34.3,48.34932190685535,33.4,5.1,37,hot,2017-08-15 12:00:00
position_16,-2420.81,-319.86519999999996,1.5,13,35.7,48.60632793215037,34.4,5.1,41,hot,2017-08-15 13:00:00
position_16,-2420.81,-319.86519999999996,1.5,14,34.5,46.731714448546796,34.0,5.7,38,hot,2017-08-15 14:00:00
position_16,-2420.81,-319.86519999999996,1.5,15,33.3,43.85628672990591,33.6,7.7,37,hot,2017-08-15 15:00:00
position_16,-2420.81,-319.86519999999996,1.5,16,31.3,39.89225900234329,32.6,7.2,40,warm,2017-08-15 16:00:00
position_16,-2420.81,-319.86519999999996,1.5,17,28.1,34.2208996927597,30.0,7.7,58,warm,2017-08-15 17:00:00
position_16,-2420.81,-319.86519999999996,1.5,18,25.9,28.915890007421375,28.8,6.7,64,comfortable,2017-08-15 18:00:00
position_16,-2420.81,-319.86519999999996,1.5,19,24.2,24.243565959549656,26.8,5.1,80,comfortable,2017-08-15 19:00:00
position_16,-2420.81,-319.86519999999996,1.5,20,26.5,23.263342366162483,25.8,2.1,85,warm,2017-08-15 20:00:00
position_16,-2420.81,-319.86519999999996,1.5,21,26.3,22.81036177052031,25.4,2.1,89,warm,2017-08-15 21:00:00
position_16,-2420.81,-319.86519999999996,1.5,22,25.2,22.41675776808439,25.0,2.6,90,comfortable,2017-08-15 22:00:00
position_16,-2420.81,-319.86519999999996,1.5,23,25.2,22.41675776808439,25.0,2.6,90,comfortable,2017-08-15 23:00:00
position_17,-2420.81,-269.86519999999996,1.5,0,24.6,23.0,23.0,0.5,77,comfortable,2017-08-15 00:00:00
position_17,-2420.81,-269.86519999999996,1.5,1,24.2,22.6,22.6,0.5,78,comfortable,2017-08-15 01:00:00
position_17,-2420.81,-269.86519999999996,1.5,2,23.7,22.2,22.2,0.5,78,comfortable,2017-08-15 02:00:00
position_17,-2420.81,-269.86519999999996,1.5,3,19.8,21.3,21.3,2.6,74,comfortable,2017-08-15 03:00:00
position_17,-2420.81,-269.86519999999996,1.5,4,16.0,20.4,20.4,4.1,71,comfortable,2017-08-15 04:00:00
position_17,-2420.81,-269.86519999999996,1.5,5,21.4,20.4,20.4,0.5,71,comfortable,2017-08-15 05:00:00
position_17,-2420.81,-269.86519999999996,1.5,6,21.2,20.6,20.6,1.0,73,comfortable,2017-08-15 06:00:00
position_17,-2420.81,-269.86519999999996,1.5,7,23.7,23.0,23.0,1.0,69,comfortable,2017-08-15 07:00:00
position_17,-2420.81,-269.86519999999996,1.5,8,27.2,25.8,25.8,0.5,69,warm,2017-08-15 08:00:00
position_17,-2420.81,-269.86519999999996,1.5,9,28.0,28.0,28.0,1.5,55,warm,2017-08-15 09:00:00
position_17,-2420.81,-269.86519999999996,1.5,10,29.8,30.0,30.0,1.5,47,warm,2017-08-15 10:00:00
position_17,-2420.81,-269.86519999999996,1.5,11,30.5,31.6,31.6,2.6,41,warm,2017-08-15 11:00:00
position_17,-2420.81,-269.86519999999996,1.5,12,31.0,33.4,33.4,5.1,37,warm,2017-08-15 12:00:00
position_17,-2420.81,-269.86519999999996,1.5,13,32.7,34.4,34.4,5.1,41,hot,2017-08-15 13:00:00
position_17,-2420.81,-269.86519999999996,1.5,14,31.8,34.0,34.0,5.7,38,warm,2017-08-15 14:00:00
position_17,-2420.81,-269.86519999999996,1.5,15,31.3,33.6,33.6,7.7,37,warm,2017-08-15 15:00:00
position_17,-2420.81,-269.86519999999996,1.5,16,29.9,32.6,32.6,7.2,40,warm,2017-08-15 16:00:00
position_17,-2420.81,-269.86519999999996,1.5,17,27.2,30.0,30.0,7.7,58,warm,2017-08-15 17:00:00
position_17,-2420.81,-269.86519999999996,1.5,18,25.9,28.8,28.8,6.7,64,comfortable,2017-08-15 18:00:00
position_17,-2420.81,-269.86519999999996,1.5,19,24.8,26.8,26.8,5.1,80,comfortable,2017-08-15 19:00:00
position_17,-2420.81,-269.86519999999996,1.5,20,27.1,25.8,25.8,2.1,85,warm,2017-08-15 20:00:00
position_17,-2420.81,-269.86519999999996,1.5,21,27.0,25.4,25.4,2.1,89,warm,2017-08-15 21:00:00
position_17,-2420.81,-269.86519999999996,1.5,22,25.8,25.0,25.0,2.6,90,comfortable,2017-08-15 22:00:00
position_17,-2420.81,-269.86519999999996,1.5,23,25.8,25.0,25.0,2.6,90,comfortable,2017-08-15 23:00:00
position_18,-2420.81,-219.86519999999996,1.5,0,24.0,21.15132133399097,23.0,0.5,77,comfortable,2017-08-15 00:00:00
position_18,-2420.81,-219.86519999999996,1.5,1,23.6,20.75294596700954,22.6,0.5,78,comfortable,2017-08-15 01:00:00
position_18,-2420.81,-219.86519999999996,1.5,2,23.2,20.312939589256786,22.2,0.5,78,comfortable,2017-08-15 02:00:00
position_18,-2420.81,-219.86519999999996,1.5,3,19.2,19.39332125510072,21.3,2.6,74,comfortable,2017-08-15 03:00:00
position_18,-2420.81,-219.86519999999996,1.5,4,15.4,18.429250166805065,20.4,4.1,71,comfortable,2017-08-15 04:00:00
position_18,-2420.81,-219.86519999999996,1.5,5,20.7,18.429250166805065,20.4,0.5,71,comfortable,2017-08-15 05:00:00
position_18,-2420.81,-219.86519999999996,1.5,6,21.0,19.736064928662298,20.6,1.0,73,comfortable,2017-08-15 06:00:00
position_18,-2420.81,-219.86519999999996,1.5,7,24.3,24.988742060430145,23.0,1.0,69,comfortable,2017-08-15 07:00:00
position_18,-2420.81,-219.86519999999996,1.5,8,28.4,30.251647075084897,25.8,0.5,69,warm,2017-08-15 08:00:00
position_18,-2420.81,-219.86519999999996,1.5,9,29.8,34.49681617205414,28.0,1.5,55,warm,2017-08-15 09:00:00
position_18,-2420.81,-219.86519999999996,1.5,10,31.9,38.08809773019936,30.0,1.5,47,warm,2017-08-15 10:00:00
position_18,-2420.81,-219.86519999999996,1.5,11,32.7,40.91294717024663,31.6,2.6,41,hot,2017-08-15 11:00:00
position_18,-2420.81,-219.86519999999996,1.5,12,33.2,43.24956603492813,33.4,5.1,37,hot,2017-08-15 12:00:00
position_18,-2420.81,-219.86519999999996,1.5,13,34.7,43.76003425127883,34.4,5.1,41,hot,2017-08-15 13:00:00
position_18,-2420.81,-219.86519999999996,1.5,14,33.6,42.38846490698045,34.0,5.7,38,hot,2017-08-15 14:00:00
position_18,-2420.81,-219.86519999999996,1.5,15,32.6,40.35749535990929,33.6,7.7,37,hot,2017-08-15 15:00:00
position_18,-2420.81,-219.86519999999996,1.5,16,30.8,37.4046049870959,32.6,7.2,40,warm,2017-08-15 16:00:00
position_18,-2420.81,-219.86519999999996,1.5,17,27.8,32.780997727500925,30.0,7.7,58,warm,2017-08-15 17:00:00
position_18,-2420.81,-219.86519999999996,1.5,18,25.9,28.87635572288812,28.8,6.7,64,comfortable,2017-08-15 18:00:00
position_18,-2420.81,-219.86519999999996,1.5,19,24.4,25.115658325358087,26.8,5.1,80,comfortable,2017-08-15 19:00:00
position_18,-2420.81,-219.86519999999996,1.5,20,26.7,24.12868828244111,25.8,2.1,85,warm,2017-08-15 20:00:00
position_18,-2420.81,-219.86519999999996,1.5,21,26.5,23.693781289428394,25.4,2.1,89,warm,2017-08-15 21:00:00
position_18,-2420.81,-219.86519999999996,1.5,22,25.4,23.297995380258683,25.0,2.6,90,comfortable,2017-08-15 22:00:00
position_18,-2420.81,-219.86519999999996,1.5,23,25.4,23.297995380258683,25.0,2.6,90,comfortable,2017-08-15 23:00:00
position_19,-2420.81,-169.86519999999996,1.5,0,23.3,18.79280624152834,23.0,0.5,77,comfortable,2017-08-15 00:00:00
position_19,-2420.81,-169.86519999999996,1.5,1,22.9,18.396503555735077,22.6,0.5,78,comfortable,2017-08-15 01:00:00
position_19,-2420.81,-169.86519999999996,1.5,2,22.4,17.905457672058706,22.2,0.5,78,comfortable,2017-08-15 02:00:00
position_19,-2420.81,-169.86519999999996,1.5,3,18.5,16.96081057652468,21.3,2.6,74,comfortable,2017-08-15 03:00:00
position_19,-2420.81,-169.86519999999996,1.5,4,14.7,15.914998604042793,20.4,4.1,71,comfortable,2017-08-15 04:00:00
position_19,-2420.81,-169.86519999999996,1.5,5,19.9,15.914998604042793,20.4,0.5,71,comfortable,2017-08-15 05:00:00
position_19,-2420.81,-169.86519999999996,1.5,6,20.6,18.633870187021994,20.6,1.0,73,comfortable,2017-08-15 06:00:00
position_19,-2420.81,-169.86519999999996,1.5,7,25.0,27.525947823000905,23.0,1.0,69,comfortable,2017-08-15 07:00:00
position_19,-2420.81,-169.86519999999996,1.5,8,30.0,35.930988220710255,25.8,0.5,69,warm,2017-08-15 08:00:00
position_19,-2420.81,-169.86519999999996,1.5,9,31.9,42.7853518037355,28.0,1.5,55,warm,2017-08-15 09:00:00
position_19,-2420.81,-169.86519999999996,1.5,10,34.5,48.40676528272187,30.0,1.5,47,hot,2017-08-15 10:00:00
position_19,-2420.81,-169.86519999999996,1.5,11,35.6,52.794258325176465,31.6,2.6,41,hot,2017-08-15 11:00:00
position_19,-2420.81,-169.86519999999996,1.5,12,35.9,55.815487076109164,33.4,5.1,37,hot,2017-08-15 12:00:00
position_19,-2420.81,-169.86519999999996,1.5,13,37.2,55.70141836172894,34.4,5.1,41,hot,2017-08-15 13:00:00
position_19,-2420.81,-169.86519999999996,1.5,14,35.8,53.09033616750483,34.0,5.7,38,hot,2017-08-15 14:00:00
position_19,-2420.81,-169.86519999999996,1.5,15,34.4,48.97860138911384,33.6,7.7,37,hot,2017-08-15 15:00:00
position_19,-2420.81,-169.86519999999996,1.5,16,32.1,43.534244271488234,32.6,7.2,40,hot,2017-08-15 16:00:00
position_19,-2420.81,-169.86519999999996,1.5,17,28.5,36.328950777976154,30.0,7.7,58,warm,2017-08-15 17:00:00
position_19,-2420.81,-169.86519999999996,1.5,18,25.9,28.973769150185518,28.8,6.7,64,comfortable,2017-08-15 18:00:00
position_19,-2420.81,-169.86519999999996,1.5,19,24.0,22.96680177524558,26.8,5.1,80,comfortable,2017-08-15 19:00:00
position_19,-2420.81,-169.86519999999996,1.5,20,26.2,21.99645514612112,25.8,2.1,85,warm,2017-08-15 20:00:00
position_19,-2420.81,-169.86519999999996,1.5,21,26.0,21.51701436182995,25.4,2.1,89,warm,2017-08-15 21:00:00
position_19,-2420.81,-169.86519999999996,1.5,22,24.8,21.12660472329449,25.0,2.6,90,comfortable,2017-08-15 22:00:00
position_19,-2420.81,-169.86519999999996,1.5,23,24.8,21.12660472329449,25.0,2.6,90,comfortable,2017-08-15 23:00:00
position_20,-2370.81,-619.8652,1.5,0,23.3,18.670229752612222,23.0,0.5,77,comfortable,2017-08-15 00:00:00
position_20,-2370.81,-619.8652,1.5,1,22.9,18.27403478797941,22.6,0.5,78,comfortable,2017-08-15 01:00:00
position_20,-2370.81,-619.8652,1.5,2,22.4,17.78033628467295,22.2,0.5,78,comfortable,2017-08-15 02:00:00
position_20,-2370.81,-619.8652,1.5,3,18.4,16.834388397084872,21.3,2.6,74,comfortable,2017-08-15 03:00:00
position_20,-2370.81,-619.8652,1.5,4,14.6,15.784328196293375,20.4,4.1,71,comfortable,2017-08-15 04:00:00
position_20,-2370.81,-619.8652,1.5,5,19.9,15.784328196293375,20.4,0.5,71,comfortable,2017-08-15 05:00:00
position_20,-2370.81,-619.8652,1.5,6,20.6,18.576587042231512,20.6,1.0,73,comfortable,2017-08-15 06:00:00
position_20,-2370.81,-619.8652,1.5,7,25.0,27.657811203916957,23.0,1.0,69,comfortable,2017-08-15 07:00:00
position_20,-2370.81,-619.8652,1.5,8,30.0,36.226154318740484,25.8,0.5,69,warm,2017-08-15 08:00:00
position_20,-2370.81,-619.8652,1.5,9,32.0,43.21612267276004,28.0,1.5,55,hot,2017-08-15 09:00:00
position_20,-2370.81,-619.8652,1.5,10,34.6,48.94304594631523,30.0,1.5,47,hot,2017-08-15 10:00:00
position_20,-2370.81,-619.8652,1.5,11,35.7,53.4117525314868,31.6,2.6,41,hot,2017-08-15 11:00:00
position_20,-2370.81,-619.8652,1.5,12,36.1,56.46856175269171,33.4,5.1,37,hot,2017-08-15 12:00:00
position_20,-2370.81,-619.8652,1.5,13,37.4,56.322034673125664,34.4,5.1,41,hot,2017-08-15 13:00:00
position_20,-2370.81,-619.8652,1.5,14,36.0,53.64653265237771,34.0,5.7,38,hot,2017-08-15 14:00:00
position_20,-2370.81,-619.8652,1.5,15,34.5,49.42665657053311,33.6,7.7,37,hot,2017-08-15 15:00:00
position_20,-2370.81,-619.8652,1.5,16,32.2,43.85281321522926,32.6,7.2,40,hot,2017-08-15 16:00:00
position_20,-2370.81,-619.8652,1.5,17,28.5,36.513344606600064,30.0,7.7,58,warm,2017-08-15 17:00:00
position_20,-2370.81,-619.8652,1.5,18,25.9,28.9788319101948,28.8,6.7,64,comfortable,2017-08-15 18:00:00
position_20,-2370.81,-619.8652,1.5,19,23.9,22.85512163720493,26.8,5.1,80,comfortable,2017-08-15 19:00:00
position_20,-2370.81,-619.8652,1.5,20,26.2,21.885638958327384,25.8,2.1,85,warm,2017-08-15 20:00:00
position_20,-2370.81,-619.8652,1.5,21,26.0,21.40388366869746,25.4,2.1,89,warm,2017-08-15 21:00:00
position_20,-2370.81,-619.8652,1.5,22,24.8,21.0137534451125,25.0,2.6,90,comfortable,2017-08-15 22:00:00
position_20,-2370.81,-619.8652,1.5,23,24.8,21.0137534451125,25.0,2.6,90,comfortable,2017-08-15 23:00:00
position_21,-2370.81,-569.8652,1.5,0,23.3,18.670229752612222,23.0,0.5,77,comfortable,2017-08-15 00:00:00
position_21,-2370.81,-569.8652,1.5,1,22.9,18.27403478797941,22.6,0.5,78,comfortable,2017-08-15 01:00:00
position_21,-2370.81,-569.8652,1.5,2,22.4,17.78033628467295,22.2,0.5,78,comfortable,2017-08-15 02:00:00
position_21,-2370.81,-569.8652,1.5,3,18.4,16.834388397084872,21.3,2.6,74,comfortable,2017-08-15 03:00:00
position_21,-2370.81,-569.8652,1.5,4,14.6,15.784328196293375,20.4,4.1,71,comfortable,2017-08-15 04:00:00
position_21,-2370.81,-569.8652,1.5,5,19.9,15.784328196293375,20.4,0.5,71,comfortable,2017-08-15 05:00:00
position_21,-2370.81,-569.8652,1.5,6,20.6,18.576587042231512,20.6,1.0,73,comfortable,2017-08-15 06:00:00
position_21,-2370.81,-569.8652,1.5,7,25.0,27.657811203916957,23.0,1.0,69,comfortable,2017-08-15 07:00:00
position_21,-2370.81,-569.8652,1.5,8,30.0,36.226154318740484,25.8,0.5,69,warm,2017-08-15 08:00:00
position_21,-2370.81,-569.8652,1.5,9,32.0,43.21612267276004,28.0,1.5,55,hot,2017-08-15 09:00:00
position_21,-2370.81,-569.8652,1.5,10,34.6,48.94304594631523,30.0,1.5,47,hot,2017-08-15 10:00:00
position_21,-2370.81,-569.8652,1.5,11,35.7,53.4117525314868,31.6,2.6,41,hot,2017-08-15 11:00:00
position_21,-2370.81,-569.8652,1.5,12,36.1,56.46856175269171,33.4,5.1,37,hot,2017-08-15 12:00:00
position_21,-2370.81,-569.8652,1.5,13,37.4,56.322034673125664,34.4,5.1,41,hot,2017-08-15 13:00:00
position_21,-2370.81,-569.8652,1.5,14,36.0,53.64653265237771,34.0,5.7,38,hot,2017-08-15 14:00:00
position_21,-2370.81,-569.8652,1.5,15,34.5,49.42665657053311,33.6,7.7,37,hot,2017-08-15 15:00:00
position_21,-2370.81,-569.8652,1.5,16,32.2,43.85281321522926,32.6,7.2,40,hot,2017-08-15 16:00:00
position_21,-2370.81,-569.8652,1.5,17,28.5,36.513344606600064,30.0,7.7,58,warm,2017-08-15 17:00:00
position_21,-2370.81,-569.8652,1.5,18,25.9,28.9788319101948,28.8,6.7,64,comfortable,2017-08-15 18:00:00
position_21,-2370.81,-569.8652,1.5,19,23.9,22.85512163720493,26.8,5.1,80,comfortable,2017-08-15 19:00:00
position_21,-2370.81,-569.8652,1.5,20,26.2,21.885638958327384,25.8,2.1,85,warm,2017-08-15 20:00:00
position_21,-2370.81,-569.8652,1.5,21,26.0,21.40388366869746,25.4,2.1,89,warm,2017-08-15 21:00:00
position_21,-2370.81,-569.8652,1.5,22,24.8,21.0137534451125,25.0,2.6,90,comfortable,2017-08-15 22:00:00
position_21,-2370.81,-569.8652,1.5,23,24.8,21.0137534451125,25.0,2.6,90,comfortable,2017-08-15 23:00:00
position_22,-2370.81,-519.8652,1.5,0,23.3,18.700873874841253,23.0,0.5,77,comfortable,2017-08-15 00:00:00
position_22,-2370.81,-519.8652,1.5,1,22.9,18.304651979918326,22.6,0.5,78,comfortable,2017-08-15 01:00:00
position_22,-2370.81,-519.8652,1.5,2,22.4,17.811616631519385,22.2,0.5,78,comfortable,2017-08-15 02:00:00
position_22,-2370.81,-519.8652,1.5,3,18.5,16.865993941944822,21.3,2.6,74,comfortable,2017-08-15 03:00:00
position_22,-2370.81,-519.8652,1.5,4,14.7,15.816995798230728,20.4,4.1,71,comfortable,2017-08-15 04:00:00
position_22,-2370.81,-519.8652,1.5,5,19.9,15.816995798230728,20.4,0.5,71,comfortable,2017-08-15 05:00:00
position_22,-2370.81,-519.8652,1.5,6,20.6,18.59090782842913,20.6,1.0,73,comfortable,2017-08-15 06:00:00
position_22,-2370.81,-519.8652,1.5,7,25.0,27.624845358687942,23.0,1.0,69,comfortable,2017-08-15 07:00:00
position_22,-2370.81,-519.8652,1.5,8,30.0,36.15236279423293,25.8,0.5,69,warm,2017-08-15 08:00:00
position_22,-2370.81,-519.8652,1.5,9,32.0,43.1084299555039,28.0,1.5,55,hot,2017-08-15 09:00:00
position_22,-2370.81,-519.8652,1.5,10,34.6,48.808975780416894,30.0,1.5,47,hot,2017-08-15 10:00:00
position_22,-2370.81,-519.8652,1.5,11,35.7,53.257378979909205,31.6,2.6,41,hot,2017-08-15 11:00:00
position_22,-2370.81,-519.8652,1.5,12,36.0,56.305293083546076,33.4,5.1,37,hot,2017-08-15 12:00:00
position_22,-2370.81,-519.8652,1.5,13,37.3,56.166880595276496,34.4,5.1,41,hot,2017-08-15 13:00:00
position_22,-2370.81,-519.8652,1.5,14,35.9,53.5074835311595,34.0,5.7,38,hot,2017-08-15 14:00:00
position_22,-2370.81,-519.8652,1.5,15,34.4,49.3146427751783,33.6,7.7,37,hot,2017-08-15 15:00:00
position_22,-2370.81,-519.8652,1.5,16,32.1,43.773170979294,32.6,7.2,40,hot,2017-08-15 16:00:00
position_22,-2370.81,-519.8652,1.5,17,28.5,36.467246149444094,30.0,7.7,58,warm,2017-08-15 17:00:00
position_22,-2370.81,-519.8652,1.5,18,25.9,28.977566220192475,28.8,6.7,64,comfortable,2017-08-15 18:00:00
position_22,-2370.81,-519.8652,1.5,19,23.9,22.883041671715095,26.8,5.1,80,comfortable,2017-08-15 19:00:00
position_22,-2370.81,-519.8652,1.5,20,26.2,21.913343005275816,25.8,2.1,85,warm,2017-08-15 20:00:00
position_22,-2370.81,-519.8652,1.5,21,26.0,21.432166341980583,25.4,2.1,89,warm,2017-08-15 21:00:00
position_22,-2370.81,-519.8652,1.5,22,24.8,21.041966264657997,25.0,2.6,90,comfortable,2017-08-15 22:00:00
position_22,-2370.81,-519.8652,1.5,23,24.8,21.041966264657997,25.0,2.6,90,comfortable,2017-08-15 23:00:00
position_23,-2370.81,-469.86519999999996,1.5,0,23.2,18.608941508154167,23.0,0.5,77,comfortable,2017-08-15 00:00:00
position_23,-2370.81,-469.86519999999996,1.5,1,22.9,18.21280040410158,22.6,0.5,78,comfortable,2017-08-15 01:00:00
position_23,-2370.81,-469.86519999999996,1.5,2,22.4,17.717775590980068,22.2,0.5,78,comfortable,2017-08-15 02:00:00
position_23,-2370.81,-469.86519999999996,1.5,3,18.4,16.77117730736497,21.3,2.6,74,comfortable,2017-08-15 03:00:00
position_23,-2370.81,-469.86519999999996,1.5,4,14.6,15.718992992418666,20.4,4.1,71,comfortable,2017-08-15 04:00:00
position_23,-2370.81,-469.86519999999996,1.5,5,19.9,15.718992992418666,20.4,0.5,71,comfortable,2017-08-15 05:00:00
position_23,-2370.81,-469.86519999999996,1.5,6,20.6,18.547945469836275,20.6,1.0,73,comfortable,2017-08-15 06:00:00
position_23,-2370.81,-469.86519999999996,1.5,7,25.1,27.723742894374983,23.0,1.0,69,comfortable,2017-08-15 07:00:00
position_23,-2370.81,-469.86519999999996,1.5,8,30.1,36.37373736775559,25.8,0.5,69,warm,2017-08-15 08:00:00
position_23,-2370.81,-469.86519999999996,1.5,9,32.1,43.43150810727229,28.0,1.5,55,hot,2017-08-15 09:00:00
position_23,-2370.81,-469.86519999999996,1.5,10,34.7,49.21118627811192,30.0,1.5,47,hot,2017-08-15 10:00:00
position_23,-2370.81,-469.86519999999996,1.5,11,35.8,53.72049963464195,31.6,2.6,41,hot,2017-08-15 11:00:00
position_23,-2370.81,-469.86519999999996,1.5,12,36.1,56.79509909098297,33.4,5.1,37,hot,2017-08-15 12:00:00
position_23,-2370.81,-469.86519999999996,1.5,13,37.4,56.632342828824015,34.4,5.1,41,hot,2017-08-15 13:00:00
position_23,-2370.81,-469.86519999999996,1.5,14,36.0,53.92463089481415,34.0,5.7,38,hot,2017-08-15 14:00:00
position_23,-2370.81,-469.86519999999996,1.5,15,34.5,49.65068416124275,33.6,7.7,37,hot,2017-08-15 15:00:00
position_23,-2370.81,-469.86519999999996,1.5,16,32.2,44.01209768709977,32.6,7.2,40,hot,2017-08-15 16:00:00
position_23,-2370.81,-469.86519999999996,1.5,17,28.6,36.60554152091203,30.0,7.7,58,warm,2017-08-15 17:00:00
position_23,-2370.81,-469.86519999999996,1.5,18,25.9,28.981363290199436,28.8,6.7,64,comfortable,2017-08-15 18:00:00
position_23,-2370.81,-469.86519999999996,1.5,19,23.9,22.799281568184607,26.8,5.1,80,comfortable,2017-08-15 19:00:00
position_23,-2370.81,-469.86519999999996,1.5,20,26.1,21.83023086443052,25.8,2.1,85,warm,2017-08-15 20:00:00
position_23,-2370.81,-469.86519999999996,1.5,21,25.9,21.34731832213122,25.4,2.1,89,comfortable,2017-08-15 21:00:00
position_23,-2370.81,-469.86519999999996,1.5,22,24.8,20.957327806021507,25.0,2.6,90,comfortable,2017-08-15 22:00:00
position_23,-2370.81,-469.86519999999996,1.5,23,24.8,20.957327806021507,25.0,2.6,90,comfortable,2017-08-15 23:00:00
position_24,-2370.81,-419.86519999999996,1.5,0,23.3,18.790127651114894,23.0,0.5,77,comfortable,2017-08-15 00:00:00
position_24,-2370.81,-419.86519999999996,1.5,1,22.9,18.393827319287475,22.6,0.5,78,comfortable,2017-08-15 01:00:00
position_24,-2370.81,-419.86519999999996,1.5,2,22.4,17.902723469507045,22.2,0.5,78,comfortable,2017-08-15 02:00:00
position_24,-2370.81,-419.86519999999996,1.5,3,18.5,16.958047948545296,21.3,2.6,74,comfortable,2017-08-15 03:00:00
position_24,-2370.81,-419.86519999999996,1.5,4,14.7,15.912143142080934,20.4,4.1,71,comfortable,2017-08-15 04:00:00
position_24,-2370.81,-419.86519999999996,1.5,5,19.9,15.912143142080934,20.4,0.5,71,comfortable,2017-08-15 05:00:00
position_24,-2370.81,-419.86519999999996,1.5,6,20.6,18.632618412853517,20.6,1.0,73,comfortable,2017-08-15 06:00:00
position_24,-2370.81,-419.86519999999996,1.5,7,25.0,27.528829354289073,23.0,1.0,69,comfortable,2017-08-15 07:00:00
position_24,-2370.81,-419.86519999999996,1.5,8,30.0,35.937438308223356,25.8,0.5,69,warm,2017-08-15 08:00:00
position_24,-2370.81,-419.86519999999996,1.5,9,31.9,42.7947651808877,28.0,1.5,55,warm,2017-08-15 09:00:00
position_24,-2370.81,-419.86519999999996,1.5,10,34.5,48.418484302063334,30.0,1.5,47,hot,2017-08-15 10:00:00
position_24,-2370.81,-419.86519999999996,1.5,11,35.6,52.80775205530371,31.6,2.6,41,hot,2017-08-15 11:00:00
position_24,-2370.81,-419.86519999999996,1.5,12,35.9,55.82975832488962,33.4,5.1,37,hot,2017-08-15 12:00:00
position_24,-2370.81,-419.86519999999996,1.5,13,37.2,55.71498031734403,34.4,5.1,41,hot,2017-08-15 13:00:00
position_24,-2370.81,-419.86519999999996,1.5,14,35.8,53.10249039533062,34.0,5.7,38,hot,2017-08-15 14:00:00
position_24,-2370.81,-419.86519999999996,1.5,15,34.4,48.988392469966755,33.6,7.7,37,hot,2017-08-15 15:00:00
position_24,-2370.81,-419.86519999999996,1.5,16,32.1,43.54120576733683,32.6,7.2,40,hot,2017-08-15 16:00:00
position_24,-2370.81,-419.86519999999996,1.5,17,28.5,36.33298022559713,30.0,7.7,58,warm,2017-08-15 17:00:00
position_24,-2370.81,-419.86519999999996,1.5,18,25.9,28.973879783640154,28.8,6.7,64,comfortable,2017-08-15 18:00:00
position_24,-2370.81,-419.86519999999996,1.5,19,24.0,22.964361296245304,26.8,5.1,80,comfortable,2017-08-15 19:00:00
position_24,-2370.81,-419.86519999999996,1.5,20,26.2,21.99403354650684,25.8,2.1,85,warm,2017-08-15 20:00:00
position_24,-2370.81,-419.86519999999996,1.5,21,26.0,21.51454218472021,25.4,2.1,89,warm,2017-08-15 21:00:00
position_24,-2370.81,-419.86519999999996,1.5,22,24.8,21.124138652071892,25.0,2.6,90,comfortable,2017-08-15 22:00:00
position_24,-2370.81,-419.86519999999996,1.5,23,24.8,21.124138652071892,25.0,2.6,90,comfortable,2017-08-15 23:00:00
position_25,-2370.81,-369.86519999999996,1.5,0,23.3,18.822111068550644,23.0,0.5,77,comfortable,2017-08-15 00:00:00
position_25,-2370.81,-369.86519999999996,1.5,1,22.9,18.425782629450193,22.6,0.5,78,comfortable,2017-08-15 01:00:00
position_25,-2370.81,-369.86519999999996,1.5,2,22.4,17.935370917629314,22.2,0.5,78,comfortable,2017-08-15 02:00:00
position_25,-2370.81,-369.86519999999996,1.5,3,18.5,16.99103480739494,21.3,2.6,74,comfortable,2017-08-15 03:00:00
position_25,-2370.81,-369.86519999999996,1.5,4,14.7,15.946238474999218,20.4,4.1,71,comfortable,2017-08-15 04:00:00
position_25,-2370.81,-369.86519999999996,1.5,5,19.9,15.946238474999218,20.4,0.5,71,comfortable,2017-08-15 05:00:00
position_25,-2370.81,-369.86519999999996,1.5,6,20.6,18.647565086135376,20.6,1.0,73,comfortable,2017-08-15 06:00:00
position_25,-2370.81,-369.86519999999996,1.5,7,25.0,27.494422743415974,23.0,1.0,69,comfortable,2017-08-15 07:00:00
position_25,-2370.81,-369.86519999999996,1.5,8,29.9,35.860421739959264,25.8,0.5,69,warm,2017-08-15 08:00:00
position_25,-2370.81,-369.86519999999996,1.5,9,31.9,42.682365775055466,28.0,1.5,55,warm,2017-08-15 09:00:00
position_25,-2370.81,-369.86519999999996,1.5,10,34.5,48.27855462649427,30.0,1.5,47,hot,2017-08-15 10:00:00
position_25,-2370.81,-369.86519999999996,1.5,11,35.5,52.6466316386625,31.6,2.6,41,hot,2017-08-15 11:00:00
position_25,-2370.81,-369.86519999999996,1.5,12,35.9,55.65935403135376,33.4,5.1,37,hot,2017-08-15 12:00:00
position_25,-2370.81,-369.86519999999996,1.5,13,37.2,55.55304526168731,34.4,5.1,41,hot,2017-08-15 13:00:00
position_25,-2370.81,-369.86519999999996,1.5,14,35.8,52.95736416019951,34.0,5.7,38,hot,2017-08-15 14:00:00
position_25,-2370.81,-369.86519999999996,1.5,15,34.3,48.87148313418548,33.6,7.7,37,hot,2017-08-15 15:00:00
position_25,-2370.81,-369.86519999999996,1.5,16,32.1,43.45808278347728,32.6,7.2,40,hot,2017-08-15 16:00:00
position_25,-2370.81,-369.86519999999996,1.5,17,28.5,36.284867044630666,30.0,7.7,58,warm,2017-08-15 17:00:00
position_25,-2370.81,-369.86519999999996,1.5,18,25.9,28.97255877691052,28.8,6.7,64,comfortable,2017-08-15 18:00:00
position_25,-2370.81,-369.86519999999996,1.5,19,24.0,22.993501570255603,26.8,5.1,80,comfortable,2017-08-15 19:00:00
position_25,-2370.81,-369.86519999999996,1.5,20,26.2,22.022948393262414,25.8,2.1,85,warm,2017-08-15 20:00:00
position_25,-2370.81,-369.86519999999996,1.5,21,26.0,21.5440609465582,25.4,2.1,89,warm,2017-08-15 21:00:00
position_25,-2370.81,-369.86519999999996,1.5,22,24.9,21.15358450722869,25.0,2.6,90,comfortable,2017-08-15 22:00:00
position_25,-2370.81,-369.86519999999996,1.5,23,24.9,21.15358450722869,25.0,2.6,90,comfortable,2017-08-15 23:00:00
position_26,-2370.81,-319.86519999999996,1.5,0,23.3,18.851415895572952,23.0,0.5,77,comfortable,2017-08-15 00:00:00
position_26,-2370.81,-319.86519999999996,1.5,1,22.9,18.45506170316531,22.6,0.5,78,comfortable,2017-08-15 01:00:00
position_26,-2370.81,-319.86519999999996,1.5,2,22.4,17.96528416319992,22.2,0.5,78,comfortable,2017-08-15 02:00:00
position_26,-2370.81,-319.86519999999996,1.5,3,18.5,17.0212590382652,21.3,2.6,74,comfortable,2017-08-15 03:00:00
position_26,-2370.81,-319.86519999999996,1.5,4,14.7,15.977478345955642,20.4,4.1,71,comfortable,2017-08-15 04:00:00
position_26,-2370.81,-319.86519999999996,1.5,5,19.9,15.977478345955642,20.4,0.5,71,comfortable,2017-08-15 05:00:00
position_26,-2370.81,-319.86519999999996,1.5,6,20.6,18.66125998524876,20.6,1.0,73,comfortable,2017-08-15 06:00:00
position_26,-2370.81,-319.86519999999996,1.5,7,25.0,27.462897663831047,23.0,1.0,69,comfortable,2017-08-15 07:00:00
position_26,-2370.81,-319.86519999999996,1.5,8,29.9,35.789855259208245,25.8,0.5,69,warm,2017-08-15 08:00:00
position_26,-2370.81,-319.86519999999996,1.5,9,31.8,42.57937974637542,28.0,1.5,55,warm,2017-08-15 09:00:00
position_26,-2370.81,-319.86519999999996,1.5,10,34.4,48.15034397026664,30.0,1.5,47,hot,2017-08-15 10:00:00
position_26,-2370.81,-319.86519999999996,1.5,11,35.5,52.49900495214854,31.6,2.6,41,hot,2017-08-15 11:00:00
position_26,-2370.81,-319.86519999999996,1.5,12,35.9,55.50322098659834,33.4,5.1,37,hot,2017-08-15 12:00:00
position_26,-2370.81,-319.86519999999996,1.5,13,37.2,55.40467216164567,34.4,5.1,41,hot,2017-08-15 13:00:00
position_26,-2370.81,-319.86519999999996,1.5,14,35.8,52.82439215289418,34.0,5.7,38,hot,2017-08-15 14:00:00
position_26,-2370.81,-319.86519999999996,1.5,15,34.3,48.764364879257116,33.6,7.7,37,hot,2017-08-15 15:00:00
position_26,-2370.81,-319.86519999999996,1.5,16,32.1,43.38192129546631,32.6,7.2,40,hot,2017-08-15 16:00:00
position_26,-2370.81,-319.86519999999996,1.5,17,28.5,36.24078331128517,30.0,7.7,58,warm,2017-08-15 17:00:00
position_26,-2370.81,-319.86519999999996,1.5,18,25.9,28.971348403635517,28.8,6.7,64,comfortable,2017-08-15 18:00:00
position_26,-2370.81,-319.86519999999996,1.5,19,24.0,23.020201365265628,26.8,5.1,80,comfortable,2017-08-15 19:00:00
position_26,-2370.81,-319.86519999999996,1.5,20,26.2,22.04944164040371,25.8,2.1,85,warm,2017-08-15 20:00:00
position_26,-2370.81,-319.86519999999996,1.5,21,26.0,21.571107531286454,25.4,2.1,89,warm,2017-08-15 21:00:00
position_26,-2370.81,-319.86519999999996,1.5,22,24.9,21.180564291162888,25.0,2.6,90,comfortable,2017-08-15 22:00:00
position_26,-2370.81,-319.86519999999996,1.5,23,24.9,21.180564291162888,25.0,2.6,90,comfortable,2017-08-15 23:00:00
position_27,-2370.81,-269.86519999999996,1.5,0,23.4,18.97131379407562,23.0,0.5,77,comfortable,2017-08-15 00:00:00
position_27,-2370.81,-269.86519999999996,1.5,1,23.0,18.57485423447337,22.6,0.5,78,comfortable,2017-08-15 01:00:00
position_27,-2370.81,-269.86519999999996,1.5,2,22.5,18.087671348034018,22.2,0.5,78,comfortable,2017-08-15 02:00:00
position_27,-2370.81,-269.86519999999996,1.5,3,18.5,17.144918589725624,21.3,2.6,74,comfortable,2017-08-15 03:00:00
position_27,-2370.81,-269.86519999999996,1.5,4,14.7,16.1052932917432,20.4,4.1,71,comfortable,2017-08-15 04:00:00
position_27,-2370.81,-269.86519999999996,1.5,5,20.0,16.1052932917432,20.4,0.5,71,comfortable,2017-08-15 05:00:00
position_27,-2370.81,-269.86519999999996,1.5,6,20.7,18.717291355870763,20.6,1.0,73,comfortable,2017-08-15 06:00:00
position_27,-2370.81,-269.86519999999996,1.5,7,24.9,27.33391581420317,23.0,1.0,69,comfortable,2017-08-15 07:00:00
position_27,-2370.81,-269.86519999999996,1.5,8,29.8,35.50113924869113,25.8,0.5,69,warm,2017-08-15 08:00:00
position_27,-2370.81,-269.86519999999996,1.5,9,31.7,42.1580222545031,28.0,1.5,55,warm,2017-08-15 09:00:00
position_27,-2370.81,-269.86519999999996,1.5,10,34.3,47.625782326014736,30.0,1.5,47,hot,2017-08-15 10:00:00
position_27,-2370.81,-269.86519999999996,1.5,11,35.4,51.895004475965465,31.6,2.6,41,hot,2017-08-15 11:00:00
position_27,-2370.81,-269.86519999999996,1.5,12,35.7,54.864417558796255,33.4,5.1,37,hot,2017-08-15 12:00:00
position_27,-2370.81,-269.86519999999996,1.5,13,37.0,54.79761780586405,34.4,5.1,41,hot,2017-08-15 13:00:00
position_27,-2370.81,-269.86519999999996,1.5,14,35.7,52.280349895847095,34.0,5.7,38,hot,2017-08-15 14:00:00
position_27,-2370.81,-269.86519999999996,1.5,15,34.2,48.32610077869076,33.6,7.7,37,hot,2017-08-15 15:00:00
position_27,-2370.81,-269.86519999999996,1.5,16,32.0,43.0703138475739,32.6,7.2,40,hot,2017-08-15 16:00:00
position_27,-2370.81,-269.86519999999996,1.5,17,28.4,36.06041893028223,30.0,7.7,58,warm,2017-08-15 17:00:00
position_27,-2370.81,-269.86519999999996,1.5,18,25.9,28.96639627708088,28.8,6.7,64,comfortable,2017-08-15 18:00:00
position_27,-2370.81,-269.86519999999996,1.5,19,24.0,23.129441024305997,26.8,5.1,80,comfortable,2017-08-15 19:00:00
position_27,-2370.81,-269.86519999999996,1.5,20,26.2,22.157836228583168,25.8,2.1,85,warm,2017-08-15 20:00:00
position_27,-2370.81,-269.86519999999996,1.5,21,26.0,21.6817660473092,25.4,2.1,89,warm,2017-08-15 21:00:00
position_27,-2370.81,-269.86519999999996,1.5,22,24.9,21.29094949812228,25.0,2.6,90,comfortable,2017-08-15 22:00:00
position_27,-2370.81,-269.86519999999996,1.5,23,24.9,21.29094949812228,25.0,2.6,90,comfortable,2017-08-15 23:00:00
position_28,-2370.81,-219.86519999999996,1.5,0,23.5,19.427690830751327,23.0,0.5,77,comfortable,2017-08-15 00:00:00
position_28,-2370.81,-219.86519999999996,1.5,1,23.1,19.030830203502042,22.6,0.5,78,comfortable,2017-08-15 01:00:00
position_28,-2370.81,-219.86519999999996,1.5,2,22.6,18.553523555947592,22.2,0.5,78,comfortable,2017-08-15 02:00:00
position_28,-2370.81,-219.86519999999996,1.5,3,18.7,17.61561390930121,21.3,2.6,74,comfortable,2017-08-15 03:00:00
position_28,-2370.81,-219.86519999999996,1.5,4,14.9,16.591805623734516,20.4,4.1,71,comfortable,2017-08-15 04:00:00
position_28,-2370.81,-219.86519999999996,1.5,5,20.1,16.591805623734516,20.4,0.5,71,comfortable,2017-08-15 05:00:00
position_28,-2370.81,-219.86519999999996,1.5,6,20.7,18.930568078855025,20.6,1.0,73,comfortable,2017-08-15 06:00:00
position_28,-2370.81,-219.86519999999996,1.5,7,24.8,26.84296180205414,23.0,1.0,69,comfortable,2017-08-15 07:00:00
position_28,-2370.81,-219.86519999999996,1.5,8,29.6,34.40217622293218,25.8,0.5,69,warm,2017-08-15 08:00:00
position_28,-2370.81,-219.86519999999996,1.5,9,31.3,40.55417526532906,28.0,1.5,55,warm,2017-08-15 09:00:00
position_28,-2370.81,-219.86519999999996,1.5,10,33.8,45.62910105180466,30.0,1.5,47,hot,2017-08-15 10:00:00
position_28,-2370.81,-219.86519999999996,1.5,11,34.8,49.59594877179053,31.6,2.6,41,hot,2017-08-15 11:00:00
position_28,-2370.81,-219.86519999999996,1.5,12,35.2,52.43288857422355,33.4,5.1,37,hot,2017-08-15 12:00:00
position_28,-2370.81,-219.86519999999996,1.5,13,36.5,52.48693787358377,34.4,5.1,41,hot,2017-08-15 13:00:00
position_28,-2370.81,-219.86519999999996,1.5,14,35.2,50.20951799471929,34.0,5.7,38,hot,2017-08-15 14:00:00
position_28,-2370.81,-219.86519999999996,1.5,15,33.9,46.65790080191331,33.6,7.7,37,hot,2017-08-15 15:00:00
position_28,-2370.81,-219.86519999999996,1.5,16,31.8,41.884217298333226,32.6,7.2,40,warm,2017-08-15 16:00:00
position_28,-2370.81,-219.86519999999996,1.5,17,28.3,35.37388344674215,30.0,7.7,58,warm,2017-08-15 17:00:00
position_28,-2370.81,-219.86519999999996,1.5,18,25.9,28.947546598558795,28.8,6.7,64,comfortable,2017-08-15 18:00:00
position_28,-2370.81,-219.86519999999996,1.5,19,24.1,23.54524874489919,26.8,5.1,80,comfortable,2017-08-15 19:00:00
position_28,-2370.81,-219.86519999999996,1.5,20,26.3,22.57042728783283,25.8,2.1,85,warm,2017-08-15 20:00:00
position_28,-2370.81,-219.86519999999996,1.5,21,26.1,22.10297447761599,25.4,2.1,89,warm,2017-08-15 21:00:00
position_28,-2370.81,-219.86519999999996,1.5,22,25.0,21.71111761010833,25.0,2.6,90,comfortable,2017-08-15 22:00:00
position_28,-2370.81,-219.86519999999996,1.5,23,25.0,21.71111761010833,25.0,2.6,90,comfortable,2017-08-15 23:00:00
position_29,-2370.81,-169.86519999999996,1.5,0,23.3,18.700873874841253,23.0,0.5,77,comfortable,2017-08-15 00:00:00
position_29,-2370.81,-169.86519999999996,1.5,1,22.9,18.304651979918326,22.6,0.5,78,comfortable,2017-08-15 01:00:00
position_29,-2370.81,-169.86519999999996,1.5,2,22.4,17.811616631519385,22.2,0.5,78,comfortable,2017-08-15 02:00:00
position_29,-2370.81,-169.86519999999996,1.5,3,18.5,16.865993941944822,21.3,2.6,74,comfortable,2017-08-15 03:00:00
position_29,-2370.81,-169.86519999999996,1.5,4,14.7,15.816995798230728,20.4,4.1,71,comfortable,2017-08-15 04:00:00
position_29,-2370.81,-169.86519999999996,1.5,5,19.9,15.816995798230728,20.4,0.5,71,comfortable,2017-08-15 05:00:00
position_29,-2370.81,-169.86519999999996,1.5,6,20.6,18.59090782842913,20.6,1.0,73,comfortable,2017-08-15 06:00:00
position_29,-2370.81,-169.86519999999996,1.5,7,25.0,27.624845358687942,23.0,1.0,69,comfortable,2017-08-15 07:00:00
position_29,-2370.81,-169.86519999999996,1.5,8,30.0,36.15236279423293,25.8,0.5,69,warm,2017-08-15 08:00:00
position_29,-2370.81,-169.86519999999996,1.5,9,32.0,43.1084299555039,28.0,1.5,55,hot,2017-08-15 09:00:00
position_29,-2370.81,-169.86519999999996,1.5,10,34.6,48.808975780416894,30.0,1.5,47,hot,2017-08-15 10:00:00
position_29,-2370.81,-169.86519999999996,1.5,11,35.7,53.257378979909205,31.6,2.6,41,hot,2017-08-15 11:00:00
position_29,-2370.81,-169.86519999999996,1.5,12,36.0,56.305293083546076,33.4,5.1,37,hot,2017-08-15 12:00:00
position_29,-2370.81,-169.86519999999996,1.5,13,37.3,56.166880595276496,34.4,5.1,41,hot,2017-08-15 13:00:00
position_29,-2370.81,-169.86519999999996,1.5,14,35.9,53.5074835311595,34.0,5.7,38,hot,2017-08-15 14:00:00
position_29,-2370.81,-169.86519999999996,1.5,15,34.4,49.3146427751783,33.6,7.7,37,hot,2017-08-15 15:00:00
position_29,-2370.81,-169.86519999999996,1.5,16,32.1,43.773170979294,32.6,7.2,40,hot,2017-08-15 16:00:00
position_29,-2370.81,-169.86519999999996,1.5,17,28.5,36.467246149444094,30.0,7.7,58,warm,2017-08-15 17:00:00
position_29,-2370.81,-169.86519999999996,1.5,18,25.9,28.977566220192475,28.8,6.7,64,comfortable,2017-08-15 18:00:00
position_29,-2370.81,-169.86519999999996,1.5,19,23.9,22.883041671715095,26.8,5.1,80,comfortable,2017-08-15 19:00:00
position_29,-2370.81,-169.86519999999996,1.5,20,26.2,21.913343005275816,25.8,2.1,85,warm,2017-08-15 20:00:00
position_29,-2370.81,-169.86519999999996,1.5,21,26.0,21.432166341980583,25.4,2.1,89,warm,2017-08-15 21:00:00
position_29,-2370.81,-169.86519999999996,1.5,22,24.8,21.041966264657997,25.0,2.6,90,comfortable,2017-08-15 22:00:00
position_29,-2370.81,-169.86519999999996,1.5,23,24.8,21.041966264657997,25.0,2.6,90,comfortable,2017-08-15 23:00:00
position_30,-2320.81,-619.8652,1.5,0,23.2,18.607602212947448,23.0,0.5,77,comfortable,2017-08-15 00:00:00
position_30,-2320.81,-619.8652,1.5,1,22.9,18.211462285877776,22.6,0.5,78,comfortable,2017-08-15 01:00:00
position_30,-2320.81,-619.8652,1.5,2,22.4,17.71640848970424,22.2,0.5,78,comfortable,2017-08-15 02:00:00
position_30,-2320.81,-619.8652,1.5,3,18.4,16.76979599337528,21.3,2.6,74,comfortable,2017-08-15 03:00:00
position_30,-2320.81,-619.8652,1.5,4,14.6,15.717565261437738,20.4,4.1,71,comfortable,2017-08-15 04:00:00
position_30,-2320.81,-619.8652,1.5,5,19.9,15.717565261437738,20.4,0.5,71,comfortable,2017-08-15 05:00:00
position_30,-2320.81,-619.8652,1.5,6,20.6,18.547319582752035,20.6,1.0,73,comfortable,2017-08-15 06:00:00
position_30,-2320.81,-619.8652,1.5,7,25.1,27.725183660019066,23.0,1.0,69,comfortable,2017-08-15 07:00:00
position_30,-2320.81,-619.8652,1.5,8,30.1,36.37696241151213,25.8,0.5,69,warm,2017-08-15 08:00:00
position_30,-2320.81,-619.8652,1.5,9,32.1,43.4362147958484,28.0,1.5,55,hot,2017-08-15 09:00:00
position_30,-2320.81,-619.8652,1.5,10,34.7,49.21704578778264,30.0,1.5,47,hot,2017-08-15 10:00:00
position_30,-2320.81,-619.8652,1.5,11,35.8,53.72724649970557,31.6,2.6,41,hot,2017-08-15 11:00:00
position_30,-2320.81,-619.8652,1.5,12,36.1,56.8022347153732,33.4,5.1,37,hot,2017-08-15 12:00:00
position_30,-2320.81,-619.8652,1.5,13,37.4,56.63912380663156,34.4,5.1,41,hot,2017-08-15 13:00:00
position_30,-2320.81,-619.8652,1.5,14,36.0,53.93070800872704,34.0,5.7,38,hot,2017-08-15 14:00:00
position_30,-2320.81,-619.8652,1.5,15,34.5,49.6555797016692,33.6,7.7,37,hot,2017-08-15 15:00:00
position_30,-2320.81,-619.8652,1.5,16,32.2,44.01557843502407,32.6,7.2,40,hot,2017-08-15 16:00:00
position_30,-2320.81,-619.8652,1.5,17,28.6,36.60755624472252,30.0,7.7,58,warm,2017-08-15 17:00:00
position_30,-2320.81,-619.8652,1.5,18,25.9,28.981418606926756,28.8,6.7,64,comfortable,2017-08-15 18:00:00
position_30,-2320.81,-619.8652,1.5,19,23.9,22.79806132868447,26.8,5.1,80,comfortable,2017-08-15 19:00:00
position_30,-2320.81,-619.8652,1.5,20,26.1,21.82902006462338,25.8,2.1,85,warm,2017-08-15 20:00:00
position_30,-2320.81,-619.8652,1.5,21,25.9,21.346082233576347,25.4,2.1,89,comfortable,2017-08-15 21:00:00
position_30,-2320.81,-619.8652,1.5,22,24.8,20.956094770410207,25.0,2.6,90,comfortable,2017-08-15 22:00:00
position_30,-2320.81,-619.8652,1.5,23,24.8,20.956094770410207,25.0,2.6,90,comfortable,2017-08-15 23:00:00
position_31,-2320.81,-569.8652,1.5,0,23.3,18.826162204421955,23.0,0.5,77,comfortable,2017-08-15 00:00:00
position_31,-2320.81,-569.8652,1.5,1,22.9,18.429830205152168,22.6,0.5,78,comfortable,2017-08-15 01:00:00
position_31,-2320.81,-569.8652,1.5,2,22.4,17.93950616204028,22.2,0.5,78,comfortable,2017-08-15 02:00:00
position_31,-2320.81,-569.8652,1.5,3,18.5,16.99521304280196,21.3,2.6,74,comfortable,2017-08-15 03:00:00
position_31,-2320.81,-569.8652,1.5,4,14.7,15.950557113759663,20.4,4.1,71,comfortable,2017-08-15 04:00:00
position_31,-2320.81,-569.8652,1.5,5,19.9,15.950557113759663,20.4,0.5,71,comfortable,2017-08-15 05:00:00
position_31,-2320.81,-569.8652,1.5,6,20.6,18.649458286085334,20.6,1.0,73,comfortable,2017-08-15 06:00:00
position_31,-2320.81,-569.8652,1.5,7,25.0,27.490064677058676,23.0,1.0,69,comfortable,2017-08-15 07:00:00
position_31,-2320.81,-569.8652,1.5,8,29.9,35.85066654156601,25.8,0.5,69,warm,2017-08-15 08:00:00
position_31,-2320.81,-569.8652,1.5,9,31.9,42.66812885788439,28.0,1.5,55,warm,2017-08-15 09:00:00
position_31,-2320.81,-569.8652,1.5,10,34.5,48.26083062532092,30.0,1.5,47,hot,2017-08-15 10:00:00
position_31,-2320.81,-569.8652,1.5,11,35.5,52.626223541223666,31.6,2.6,41,hot,2017-08-15 11:00:00
position_31,-2320.81,-569.8652,1.5,12,35.9,55.637770004332396,33.4,5.1,37,hot,2017-08-15 12:00:00
position_31,-2320.81,-569.8652,1.5,13,37.2,55.5325339791106,34.4,5.1,41,hot,2017-08-15 13:00:00
position_31,-2320.81,-569.8652,1.5,14,35.8,52.93898194390918,34.0,5.7,38,hot,2017-08-15 14:00:00
position_31,-2320.81,-569.8652,1.5,15,34.3,48.85667497289922,33.6,7.7,37,hot,2017-08-15 15:00:00
position_31,-2320.81,-569.8652,1.5,16,32.1,43.44755412429568,32.6,7.2,40,hot,2017-08-15 16:00:00
position_31,-2320.81,-569.8652,1.5,17,28.5,36.278772854299454,30.0,7.7,58,warm,2017-08-15 17:00:00
position_31,-2320.81,-569.8652,1.5,18,25.9,28.972391453397968,28.8,6.7,64,comfortable,2017-08-15 18:00:00
position_31,-2320.81,-569.8652,1.5,19,24.0,22.99719258324945,26.8,5.1,80,comfortable,2017-08-15 19:00:00
position_31,-2320.81,-569.8652,1.5,20,26.2,22.026610852821037,25.8,2.1,85,warm,2017-08-15 20:00:00
position_31,-2320.81,-569.8652,1.5,21,26.0,21.547799900195624,25.4,2.1,89,warm,2017-08-15 21:00:00
position_31,-2320.81,-569.8652,1.5,22,24.9,21.15731422624095,25.0,2.6,90,comfortable,2017-08-15 22:00:00
position_31,-2320.81,-569.8652,1.5,23,24.9,21.15731422624095,25.0,2.6,90,comfortable,2017-08-15 23:00:00
position_32,-2320.81,-519.8652,1.5,0,23.5,19.459466150195198,23.0,0.5,77,comfortable,2017-08-15 00:00:00
position_32,-2320.81,-519.8652,1.5,1,23.1,19.062577598550995,22.6,0.5,78,comfortable,2017-08-15 01:00:00
position_32,-2320.81,-519.8652,1.5,2,22.6,18.585958585606203,22.2,0.5,78,comfortable,2017-08-15 02:00:00
position_32,-2320.81,-519.8652,1.5,3,18.7,17.648386141333727,21.3,2.6,74,comfortable,2017-08-15 03:00:00
position_32,-2320.81,-519.8652,1.5,4,14.9,16.6256791176224,20.4,4.1,71,comfortable,2017-08-15 04:00:00
position_32,-2320.81,-519.8652,1.5,5,20.1,16.6256791176224,20.4,0.5,71,comfortable,2017-08-15 05:00:00
position_32,-2320.81,-519.8652,1.5,6,20.7,18.945417502594943,20.6,1.0,73,comfortable,2017-08-15 06:00:00
position_32,-2320.81,-519.8652,1.5,7,24.8,26.808779055520887,23.0,1.0,69,comfortable,2017-08-15 07:00:00
position_32,-2320.81,-519.8652,1.5,8,29.5,34.325660757879746,25.8,0.5,69,warm,2017-08-15 08:00:00
position_32,-2320.81,-519.8652,1.5,9,31.3,40.44250717880281,28.0,1.5,55,warm,2017-08-15 09:00:00
position_32,-2320.81,-519.8652,1.5,10,33.8,45.49008181942225,30.0,1.5,47,hot,2017-08-15 10:00:00
position_32,-2320.81,-519.8652,1.5,11,34.8,49.43587667449235,31.6,2.6,41,hot,2017-08-15 11:00:00
position_32,-2320.81,-519.8652,1.5,12,35.1,52.26359300496219,33.4,5.1,37,hot,2017-08-15 12:00:00
position_32,-2320.81,-519.8652,1.5,13,36.5,52.32605643766499,34.4,5.1,41,hot,2017-08-15 13:00:00
position_32,-2320.81,-519.8652,1.5,14,35.2,50.065336013846206,34.0,5.7,38,hot,2017-08-15 14:00:00
position_32,-2320.81,-519.8652,1.5,15,33.9,46.54175212899919,33.6,7.7,37,hot,2017-08-15 15:00:00
position_32,-2320.81,-519.8652,1.5,16,31.7,41.80163514867487,32.6,7.2,40,warm,2017-08-15 16:00:00
position_32,-2320.81,-519.8652,1.5,17,28.3,35.32608331100803,30.0,7.7,58,warm,2017-08-15 17:00:00
position_32,-2320.81,-519.8652,1.5,18,25.9,28.94623418687214,28.8,6.7,64,comfortable,2017-08-15 18:00:00
position_32,-2320.81,-519.8652,1.5,19,24.1,23.574199419642415,26.8,5.1,80,comfortable,2017-08-15 19:00:00
position_32,-2320.81,-519.8652,1.5,20,26.3,22.59915400204886,25.8,2.1,85,warm,2017-08-15 20:00:00
position_32,-2320.81,-519.8652,1.5,21,26.1,22.13230117758087,25.4,2.1,89,warm,2017-08-15 21:00:00
position_32,-2320.81,-519.8652,1.5,22,25.0,21.740371877754516,25.0,2.6,90,comfortable,2017-08-15 22:00:00
position_32,-2320.81,-519.8652,1.5,23,25.0,21.740371877754516,25.0,2.6,90,comfortable,2017-08-15 23:00:00
position_33,-2320.81,-469.86519999999996,1.5,0,23.3,18.816765857144215,23.0,0.5,77,comfortable,2017-08-15 00:00:00
position_33,-2320.81,-469.86519999999996,1.5,1,22.9,18.420442115456623,22.6,0.5,78,comfortable,2017-08-15 01:00:00
position_33,-2320.81,-469.86519999999996,1.5,2,22.4,17.929914730452175,22.2,0.5,78,comfortable,2017-08-15 02:00:00
position_33,-2320.81,-469.86519999999996,1.5,3,18.5,16.985521896382863,21.3,2.6,74,comfortable,2017-08-15 03:00:00
position_33,-2320.81,-469.86519999999996,1.5,4,14.7,15.94054031085566,20.4,4.1,71,comfortable,2017-08-15 04:00:00
position_33,-2320.81,-469.86519999999996,1.5,5,19.9,15.94054031085566,20.4,0.5,71,comfortable,2017-08-15 05:00:00
position_33,-2320.81,-469.86519999999996,1.5,6,20.6,18.645067131416347,20.6,1.0,73,comfortable,2017-08-15 06:00:00
position_33,-2320.81,-469.86519999999996,1.5,7,25.0,27.50017292972002,23.0,1.0,69,comfortable,2017-08-15 07:00:00
position_33,-2320.81,-469.86519999999996,1.5,8,29.9,35.87329309243422,25.8,0.5,69,warm,2017-08-15 08:00:00
position_33,-2320.81,-469.86519999999996,1.5,9,31.9,42.70115046519489,28.0,1.5,55,warm,2017-08-15 09:00:00
position_33,-2320.81,-469.86519999999996,1.5,10,34.5,48.30194029813026,30.0,1.5,47,hot,2017-08-15 10:00:00
position_33,-2320.81,-469.86519999999996,1.5,11,35.5,52.67355880148271,31.6,2.6,41,hot,2017-08-15 11:00:00
position_33,-2320.81,-469.86519999999996,1.5,12,35.9,55.68783275709788,33.4,5.1,37,hot,2017-08-15 12:00:00
position_33,-2320.81,-469.86519999999996,1.5,13,37.2,55.58010857061407,34.4,5.1,41,hot,2017-08-15 13:00:00
position_33,-2320.81,-469.86519999999996,1.5,14,35.8,52.981618304052446,34.0,5.7,38,hot,2017-08-15 14:00:00
position_33,-2320.81,-469.86519999999996,1.5,15,34.3,48.891021543937704,33.6,7.7,37,hot,2017-08-15 15:00:00
position_33,-2320.81,-469.86519999999996,1.5,16,32.1,43.47197466736852,32.6,7.2,40,hot,2017-08-15 16:00:00
position_33,-2320.81,-469.86519999999996,1.5,17,28.5,36.292907934076524,30.0,7.7,58,warm,2017-08-15 17:00:00
position_33,-2320.81,-469.86519999999996,1.5,18,25.9,28.972779549448457,28.8,6.7,64,comfortable,2017-08-15 18:00:00
position_33,-2320.81,-469.86519999999996,1.5,19,24.0,22.98863151766228,26.8,5.1,80,comfortable,2017-08-15 19:00:00
position_33,-2320.81,-469.86519999999996,1.5,20,26.2,22.018116015077577,25.8,2.1,85,warm,2017-08-15 20:00:00
position_33,-2320.81,-469.86519999999996,1.5,21,26.0,21.539127639390603,25.4,2.1,89,warm,2017-08-15 21:00:00
position_33,-2320.81,-469.86519999999996,1.5,22,24.9,21.148663384550904,25.0,2.6,90,comfortable,2017-08-15 22:00:00
position_33,-2320.81,-469.86519999999996,1.5,23,24.9,21.148663384550904,25.0,2.6,90,comfortable,2017-08-15 23:00:00
position_34,-2320.81,-419.86519999999996,1.5,0,23.5,19.373844254458337,23.0,0.5,77,comfortable,2017-08-15 00:00:00
position_34,-2320.81,-419.86519999999996,1.5,1,23.1,18.977030947994102,22.6,0.5,78,comfortable,2017-08-15 01:00:00
position_34,-2320.81,-419.86519999999996,1.5,2,22.6,18.498559032234056,22.2,0.5,78,comfortable,2017-08-15 02:00:00
position_34,-2320.81,-419.86519999999996,1.5,3,18.7,17.56007796117179,21.3,2.6,74,comfortable,2017-08-15 03:00:00
position_34,-2320.81,-419.86519999999996,1.5,4,14.9,16.53440347310732,20.4,4.1,71,comfortable,2017-08-15 04:00:00
position_34,-2320.81,-419.86519999999996,1.5,5,20.1,16.53440347310732,20.4,0.5,71,comfortable,2017-08-15 05:00:00
position_34,-2320.81,-419.86519999999996,1.5,6,20.7,18.905404189323367,20.6,1.0,73,comfortable,2017-08-15 06:00:00
position_34,-2320.81,-419.86519999999996,1.5,7,24.8,26.900888013381724,23.0,1.0,69,comfortable,2017-08-15 07:00:00
position_34,-2320.81,-419.86519999999996,1.5,8,29.6,34.53183961888378,25.8,0.5,69,warm,2017-08-15 08:00:00
position_34,-2320.81,-419.86519999999996,1.5,9,31.4,40.74340842634415,28.0,1.5,55,warm,2017-08-15 09:00:00
position_34,-2320.81,-419.86519999999996,1.5,10,33.9,45.86468356784816,30.0,1.5,47,hot,2017-08-15 10:00:00
position_34,-2320.81,-419.86519999999996,1.5,11,34.9,49.86720755220252,31.6,2.6,41,hot,2017-08-15 11:00:00
position_34,-2320.81,-419.86519999999996,1.5,12,35.2,52.7197774850463,33.4,5.1,37,hot,2017-08-15 12:00:00
position_34,-2320.81,-419.86519999999996,1.5,13,36.6,52.75956816227778,34.4,5.1,41,hot,2017-08-15 13:00:00
position_34,-2320.81,-419.86519999999996,1.5,14,35.3,50.45384932384634,34.0,5.7,38,hot,2017-08-15 14:00:00
position_34,-2320.81,-419.86519999999996,1.5,15,33.9,46.854726781537124,33.6,7.7,37,hot,2017-08-15 15:00:00
position_34,-2320.81,-419.86519999999996,1.5,16,31.8,42.024161320922,32.6,7.2,40,warm,2017-08-15 16:00:00
position_34,-2320.81,-419.86519999999996,1.5,17,28.3,35.45488573722013,30.0,7.7,58,warm,2017-08-15 17:00:00
position_34,-2320.81,-419.86519999999996,1.5,18,25.9,28.949770616357828,28.8,6.7,64,comfortable,2017-08-15 18:00:00
position_34,-2320.81,-419.86519999999996,1.5,19,24.1,23.49618882217997,26.8,5.1,80,comfortable,2017-08-15 19:00:00
position_34,-2320.81,-419.86519999999996,1.5,20,26.3,22.521746889468524,25.8,2.1,85,warm,2017-08-15 20:00:00
position_34,-2320.81,-419.86519999999996,1.5,21,26.1,22.05327734113653,25.4,2.1,89,warm,2017-08-15 21:00:00
position_34,-2320.81,-419.86519999999996,1.5,22,25.0,21.661543217709585,25.0,2.6,90,comfortable,2017-08-15 22:00:00
position_34,-2320.81,-419.86519999999996,1.5,23,25.0,21.661543217709585,25.0,2.6,90,comfortable,2017-08-15 23:00:00
position_35,-2320.81,-369.86519999999996,1.5,0,23.7,20.05402195792829,23.0,0.5,77,comfortable,2017-08-15 00:00:00
position_35,-2320.81,-369.86519999999996,1.5,1,23.3,19.65661090607116,22.6,0.5,78,comfortable,2017-08-15 01:00:00
position_35,-2320.81,-369.86519999999996,1.5,2,22.8,19.19285839322539,22.2,0.5,78,comfortable,2017-08-15 02:00:00
position_35,-2320.81,-369.86519999999996,1.5,3,18.9,18.261595425404934,21.3,2.6,74,comfortable,2017-08-15 03:00:00
position_35,-2320.81,-369.86519999999996,1.5,4,15.1,17.259494382794802,20.4,4.1,71,comfortable,2017-08-15 04:00:00
position_35,-2320.81,-369.86519999999996,1.5,5,20.4,17.259494382794802,20.4,0.5,71,comfortable,2017-08-15 05:00:00
position_35,-2320.81,-369.86519999999996,1.5,6,20.8,19.223268717958955,20.6,1.0,73,comfortable,2017-08-15 06:00:00
position_35,-2320.81,-369.86519999999996,1.5,7,24.6,26.16917728813291,23.0,1.0,69,comfortable,2017-08-15 07:00:00
position_35,-2320.81,-369.86519999999996,1.5,8,29.1,32.893961095231695,25.8,0.5,69,warm,2017-08-15 08:00:00
position_35,-2320.81,-369.86519999999996,1.5,9,30.8,38.353058180503936,28.0,1.5,55,warm,2017-08-15 09:00:00
position_35,-2320.81,-369.86519999999996,1.5,10,33.1,42.888858812189596,30.0,1.5,47,hot,2017-08-15 10:00:00
position_35,-2320.81,-369.86519999999996,1.5,11,34.0,46.44072834017682,31.6,2.6,41,hot,2017-08-15 11:00:00
position_35,-2320.81,-369.86519999999996,1.5,12,34.4,49.09586202099435,33.4,5.1,37,hot,2017-08-15 12:00:00
position_35,-2320.81,-369.86519999999996,1.5,13,35.9,49.31576436960512,34.4,5.1,41,hot,2017-08-15 13:00:00
position_35,-2320.81,-369.86519999999996,1.5,14,34.6,47.36751155137356,34.0,5.7,38,hot,2017-08-15 14:00:00
position_35,-2320.81,-369.86519999999996,1.5,15,33.4,44.368465778139196,33.6,7.7,37,hot,2017-08-15 15:00:00
position_35,-2320.81,-369.86519999999996,1.5,16,31.4,40.256420260081946,32.6,7.2,40,warm,2017-08-15 16:00:00
position_35,-2320.81,-369.86519999999996,1.5,17,28.1,34.431683229165934,30.0,7.7,58,warm,2017-08-15 17:00:00
position_35,-2320.81,-369.86519999999996,1.5,18,25.9,28.921677329408748,28.8,6.7,64,comfortable,2017-08-15 18:00:00
position_35,-2320.81,-369.86519999999996,1.5,19,24.2,24.11590260650677,26.8,5.1,80,comfortable,2017-08-15 19:00:00
position_35,-2320.81,-369.86519999999996,1.5,20,26.5,23.136666608472886,25.8,2.1,85,warm,2017-08-15 20:00:00
position_35,-2320.81,-369.86519999999996,1.5,21,26.3,22.6810402647383,25.4,2.1,89,warm,2017-08-15 21:00:00
position_35,-2320.81,-369.86519999999996,1.5,22,25.1,22.287755666003854,25.0,2.6,90,comfortable,2017-08-15 22:00:00
position_35,-2320.81,-369.86519999999996,1.5,23,25.1,22.287755666003854,25.0,2.6,90,comfortable,2017-08-15 23:00:00
position_36,-2320.81,-319.86519999999996,1.5,0,23.3,18.82077177334392,23.0,0.5,77,comfortable,2017-08-15 00:00:00
position_36,-2320.81,-319.86519999999996,1.5,1,22.9,18.42444451122639,22.6,0.5,78,comfortable,2017-08-15 01:00:00
position_36,-2320.81,-319.86519999999996,1.5,2,22.4,17.93400381635348,22.2,0.5,78,comfortable,2017-08-15 02:00:00
position_36,-2320.81,-319.86519999999996,1.5,3,18.5,16.98965349340525,21.3,2.6,74,comfortable,2017-08-15 03:00:00
position_36,-2320.81,-319.86519999999996,1.5,4,14.7,15.944810744018287,20.4,4.1,71,comfortable,2017-08-15 04:00:00
position_36,-2320.81,-319.86519999999996,1.5,5,19.9,15.944810744018287,20.4,0.5,71,comfortable,2017-08-15 05:00:00
position_36,-2320.81,-319.86519999999996,1.5,6,20.6,18.64693919905114,20.6,1.0,73,comfortable,2017-08-15 06:00:00
position_36,-2320.81,-319.86519999999996,1.5,7,25.0,27.495863509060065,23.0,1.0,69,comfortable,2017-08-15 07:00:00
position_36,-2320.81,-319.86519999999996,1.5,8,29.9,35.86364678371581,25.8,0.5,69,warm,2017-08-15 08:00:00
position_36,-2320.81,-319.86519999999996,1.5,9,31.9,42.687072463631566,28.0,1.5,55,warm,2017-08-15 09:00:00
position_36,-2320.81,-319.86519999999996,1.5,10,34.5,48.28441413616499,30.0,1.5,47,hot,2017-08-15 10:00:00
position_36,-2320.81,-319.86519999999996,1.5,11,35.5,52.65337850372613,31.6,2.6,41,hot,2017-08-15 11:00:00
position_36,-2320.81,-319.86519999999996,1.5,12,35.9,55.66648965574398,33.4,5.1,37,hot,2017-08-15 12:00:00
position_36,-2320.81,-319.86519999999996,1.5,13,37.2,55.55982623949485,34.4,5.1,41,hot,2017-08-15 13:00:00
position_36,-2320.81,-319.86519999999996,1.5,14,35.8,52.963441274112405,34.0,5.7,38,hot,2017-08-15 14:00:00
position_36,-2320.81,-319.86519999999996,1.5,15,34.3,48.87637867461194,33.6,7.7,37,hot,2017-08-15 15:00:00
position_36,-2320.81,-319.86519999999996,1.5,16,32.1,43.46156353140158,32.6,7.2,40,hot,2017-08-15 16:00:00
position_36,-2320.81,-319.86519999999996,1.5,17,28.5,36.286881768441155,30.0,7.7,58,warm,2017-08-15 17:00:00
position_36,-2320.81,-319.86519999999996,1.5,18,25.9,28.97261409363784,28.8,6.7,64,comfortable,2017-08-15 18:00:00
position_36,-2320.81,-319.86519999999996,1.5,19,24.0,22.992281330755468,26.8,5.1,80,comfortable,2017-08-15 19:00:00
position_36,-2320.81,-319.86519999999996,1.5,20,26.2,22.021737593455278,25.8,2.1,85,warm,2017-08-15 20:00:00
position_36,-2320.81,-319.86519999999996,1.5,21,26.0,21.542824858003332,25.4,2.1,89,warm,2017-08-15 21:00:00
position_36,-2320.81,-319.86519999999996,1.5,22,24.9,21.15235147161739,25.0,2.6,90,comfortable,2017-08-15 22:00:00
position_36,-2320.81,-319.86519999999996,1.5,23,24.9,21.15235147161739,25.0,2.6,90,comfortable,2017-08-15 23:00:00
position_37,-2320.81,-269.86519999999996,1.5,0,23.5,19.280721060556637,23.0,0.5,77,comfortable,2017-08-15 00:00:00
position_37,-2320.81,-269.86519999999996,1.5,1,23.1,18.883989591470844,22.6,0.5,78,comfortable,2017-08-15 01:00:00
position_37,-2320.81,-269.86519999999996,1.5,2,22.6,18.403502440861562,22.2,0.5,78,comfortable,2017-08-15 02:00:00
position_37,-2320.81,-269.86519999999996,1.5,3,18.6,17.464033138599774,21.3,2.6,74,comfortable,2017-08-15 03:00:00
position_37,-2320.81,-269.86519999999996,1.5,4,14.8,16.435131207882048,20.4,4.1,71,comfortable,2017-08-15 04:00:00
position_37,-2320.81,-269.86519999999996,1.5,5,20.1,16.435131207882048,20.4,0.5,71,comfortable,2017-08-15 05:00:00
position_37,-2320.81,-269.86519999999996,1.5,6,20.7,18.861885326556187,20.6,1.0,73,comfortable,2017-08-15 06:00:00
position_37,-2320.81,-269.86519999999996,1.5,7,24.8,27.001066598183435,23.0,1.0,69,comfortable,2017-08-15 07:00:00
position_37,-2320.81,-269.86519999999996,1.5,8,29.6,34.75608172292126,25.8,0.5,69,warm,2017-08-15 08:00:00
position_37,-2320.81,-269.86519999999996,1.5,9,31.5,41.07067150524364,28.0,1.5,55,warm,2017-08-15 09:00:00
position_37,-2320.81,-269.86519999999996,1.5,10,34.0,46.272104017423246,30.0,1.5,47,hot,2017-08-15 10:00:00
position_37,-2320.81,-269.86519999999996,1.5,11,35.0,50.336327146146566,31.6,2.6,41,hot,2017-08-15 11:00:00
position_37,-2320.81,-269.86519999999996,1.5,12,35.3,53.215928094983475,33.4,5.1,37,hot,2017-08-15 12:00:00
position_37,-2320.81,-269.86519999999996,1.5,13,36.7,53.23105966620155,34.4,5.1,41,hot,2017-08-15 13:00:00
position_37,-2320.81,-269.86519999999996,1.5,14,35.4,50.87640012103639,34.0,5.7,38,hot,2017-08-15 14:00:00
position_37,-2320.81,-269.86519999999996,1.5,15,34.0,47.195121011351645,33.6,7.7,37,hot,2017-08-15 15:00:00
position_37,-2320.81,-269.86519999999996,1.5,16,31.8,42.26618291724426,32.6,7.2,40,warm,2017-08-15 16:00:00
position_37,-2320.81,-269.86519999999996,1.5,17,28.3,35.59497248965577,30.0,7.7,58,warm,2017-08-15 17:00:00
position_37,-2320.81,-269.86519999999996,1.5,18,25.9,28.953616870938866,28.8,6.7,64,comfortable,2017-08-15 18:00:00
position_37,-2320.81,-269.86519999999996,1.5,19,24.1,23.411343749183587,26.8,5.1,80,comfortable,2017-08-15 19:00:00
position_37,-2320.81,-269.86519999999996,1.5,20,26.3,22.437558172410185,25.8,2.1,85,warm,2017-08-15 20:00:00
position_37,-2320.81,-269.86519999999996,1.5,21,26.1,21.967330259718487,25.4,2.1,89,warm,2017-08-15 21:00:00
position_37,-2320.81,-269.86519999999996,1.5,22,25.0,21.575808412012968,25.0,2.6,90,comfortable,2017-08-15 22:00:00
position_37,-2320.81,-269.86519999999996,1.5,23,25.0,21.575808412012968,25.0,2.6,90,comfortable,2017-08-15 23:00:00
position_38,-2320.81,-219.86519999999996,1.5,0,23.5,19.554040931544368,23.0,0.5,77,comfortable,2017-08-15 00:00:00
position_38,-2320.81,-219.86519999999996,1.5,1,23.1,19.157069266855522,22.6,0.5,78,comfortable,2017-08-15 01:00:00
position_38,-2320.81,-219.86519999999996,1.5,2,22.7,18.682496901875087,22.2,0.5,78,comfortable,2017-08-15 02:00:00
position_38,-2320.81,-219.86519999999996,1.5,3,18.7,17.745928093170736,21.3,2.6,74,comfortable,2017-08-15 03:00:00
position_38,-2320.81,-219.86519999999996,1.5,4,14.9,16.726498820903068,20.4,4.1,71,comfortable,2017-08-15 04:00:00
position_38,-2320.81,-219.86519999999996,1.5,5,20.2,16.726498820903068,20.4,0.5,71,comfortable,2017-08-15 05:00:00
position_38,-2320.81,-219.86519999999996,1.5,6,20.7,18.989614729497568,20.6,1.0,73,comfortable,2017-08-15 06:00:00
position_38,-2320.81,-219.86519999999996,1.5,7,24.8,26.70703890511869,23.0,1.0,69,comfortable,2017-08-15 07:00:00
position_38,-2320.81,-219.86519999999996,1.5,8,29.5,34.09792320861774,25.8,0.5,69,warm,2017-08-15 08:00:00
position_38,-2320.81,-219.86519999999996,1.5,9,31.2,40.110142782417896,28.0,1.5,55,warm,2017-08-15 09:00:00
position_38,-2320.81,-219.86519999999996,1.5,10,33.7,45.07631057381379,30.0,1.5,47,hot,2017-08-15 10:00:00
position_38,-2320.81,-219.86519999999996,1.5,11,34.6,48.95944452944905,31.6,2.6,41,hot,2017-08-15 11:00:00
position_38,-2320.81,-219.86519999999996,1.5,12,35.0,51.75970848935378,33.4,5.1,37,hot,2017-08-15 12:00:00
position_38,-2320.81,-219.86519999999996,1.5,13,36.4,51.84721540973963,34.4,5.1,41,hot,2017-08-15 13:00:00
position_38,-2320.81,-219.86519999999996,1.5,14,35.1,49.636198571509865,34.0,5.7,38,hot,2017-08-15 14:00:00
position_38,-2320.81,-219.86519999999996,1.5,15,33.8,46.19605189570167,33.6,7.7,37,hot,2017-08-15 15:00:00
position_38,-2320.81,-219.86519999999996,1.5,16,31.7,41.555840963628796,32.6,7.2,40,warm,2017-08-15 16:00:00
position_38,-2320.81,-219.86519999999996,1.5,17,28.3,35.18381291169697,30.0,7.7,58,warm,2017-08-15 17:00:00
position_38,-2320.81,-219.86519999999996,1.5,18,25.9,28.942327977572663,28.8,6.7,64,comfortable,2017-08-15 18:00:00
position_38,-2320.81,-219.86519999999996,1.5,19,24.1,23.660367042239827,26.8,5.1,80,comfortable,2017-08-15 19:00:00
position_38,-2320.81,-219.86519999999996,1.5,20,26.4,22.68465503755097,25.8,2.1,85,warm,2017-08-15 20:00:00
position_38,-2320.81,-219.86519999999996,1.5,21,26.2,22.219587986507232,25.4,2.1,89,warm,2017-08-15 21:00:00
position_38,-2320.81,-219.86519999999996,1.5,22,25.0,21.827443102044032,25.0,2.6,90,comfortable,2017-08-15 22:00:00
position_38,-2320.81,-219.86519999999996,1.5,23,25.0,21.827443102044032,25.0,2.6,90,comfortable,2017-08-15 23:00:00
position_39,-2320.81,-169.86519999999996,1.5,0,23.3,18.79280624152834,23.0,0.5,77,comfortable,2017-08-15 00:00:00
position_39,-2320.81,-169.86519999999996,1.5,1,22.9,18.396503555735077,22.6,0.5,78,comfortable,2017-08-15 01:00:00
position_39,-2320.81,-169.86519999999996,1.5,2,22.4,17.905457672058706,22.2,0.5,78,comfortable,2017-08-15 02:00:00
position_39,-2320.81,-169.86519999999996,1.5,3,18.5,16.96081057652468,21.3,2.6,74,comfortable,2017-08-15 03:00:00
position_39,-2320.81,-169.86519999999996,1.5,4,14.7,15.914998604042793,20.4,4.1,71,comfortable,2017-08-15 04:00:00
position_39,-2320.81,-169.86519999999996,1.5,5,19.9,15.914998604042793,20.4,0.5,71,comfortable,2017-08-15 05:00:00
position_39,-2320.81,-169.86519999999996,1.5,6,20.6,18.633870187021994,20.6,1.0,73,comfortable,2017-08-15 06:00:00
position_39,-2320.81,-169.86519999999996,1.5,7,25.0,27.525947823000905,23.0,1.0,69,comfortable,2017-08-15 07:00:00
position_39,-2320.81,-169.86519999999996,1.5,8,30.0,35.930988220710255,25.8,0.5,69,warm,2017-08-15 08:00:00
position_39,-2320.81,-169.86519999999996,1.5,9,31.9,42.7853518037355,28.0,1.5,55,warm,2017-08-15 09:00:00
position_39,-2320.81,-169.86519999999996,1.5,10,34.5,48.40676528272187,30.0,1.5,47,hot,2017-08-15 10:00:00
position_39,-2320.81,-169.86519999999996,1.5,11,35.6,52.794258325176465,31.6,2.6,41,hot,2017-08-15 11:00:00
position_39,-2320.81,-169.86519999999996,1.5,12,35.9,55.815487076109164,33.4,5.1,37,hot,2017-08-15 12:00:00
position_39,-2320.81,-169.86519999999996,1.5,13,37.2,55.70141836172894,34.4,5.1,41,hot,2017-08-15 13:00:00
position_39,-2320.81,-169.86519999999996,1.5,14,35.8,53.09033616750483,34.0,5.7,38,hot,2017-08-15 14:00:00
position_39,-2320.81,-169.86519999999996,1.5,15,34.4,48.97860138911384,33.6,7.7,37,hot,2017-08-15 15:00:00
position_39,-2320.81,-169.86519999999996,1.5,16,32.1,43.534244271488234,32.6,7.2,40,hot,2017-08-15 16:00:00
position_39,-2320.81,-169.86519999999996,1.5,17,28.5,36.328950777976154,30.0,7.7,58,warm,2017-08-15 17:00:00
position_39,-2320.81,-169.86519999999996,1.5,18,25.9,28.973769150185518,28.8,6.7,64,comfortable,2017-08-15 18:00:00
position_39,-2320.81,-169.86519999999996,1.5,19,24.0,22.96680177524558,26.8,5.1,80,comfortable,2017-08-15 19:00:00
position_39,-2320.81,-169.86519999999996,1.5,20,26.2,21.99645514612112,25.8,2.1,85,warm,2017-08-15 20:00:00
position_39,-2320.81,-169.86519999999996,1.5,21,26.0,21.51701436182995,25.4,2.1,89,warm,2017-08-15 21:00:00
position_39,-2320.81,-169.86519999999996,1.5,22,24.8,21.12660472329449,25.0,2.6,90,comfortable,2017-08-15 22:00:00
position_39,-2320.81,-169.86519999999996,1.5,23,24.8,21.12660472329449,25.0,2.6,90,comfortable,2017-08-15 23:00:00
position_40,-2270.81,-619.8652,1.5,0,23.2,18.57829738592514,23.0,0.5,77,comfortable,2017-08-15 00:00:00
position_40,-2270.81,-619.8652,1.5,1,22.8,18.18218321216266,22.6,0.5,78,comfortable,2017-08-15 01:00:00
position_40,-2270.81,-619.8652,1.5,2,22.4,17.68649524413363,22.2,0.5,78,comfortable,2017-08-15 02:00:00
position_40,-2270.81,-619.8652,1.5,3,18.4,16.739571762505015,21.3,2.6,74,comfortable,2017-08-15 03:00:00
position_40,-2270.81,-619.8652,1.5,4,14.6,15.686325390481311,20.4,4.1,71,comfortable,2017-08-15 04:00:00
position_40,-2270.81,-619.8652,1.5,5,19.8,15.686325390481311,20.4,0.5,71,comfortable,2017-08-15 05:00:00
position_40,-2270.81,-619.8652,1.5,6,20.6,18.533624683638653,20.6,1.0,73,comfortable,2017-08-15 06:00:00
position_40,-2270.81,-619.8652,1.5,7,25.1,27.756708739603994,23.0,1.0,69,comfortable,2017-08-15 07:00:00
position_40,-2270.81,-619.8652,1.5,8,30.1,36.44752889226314,25.8,0.5,69,warm,2017-08-15 08:00:00
position_40,-2270.81,-619.8652,1.5,9,32.1,43.53920082452843,28.0,1.5,55,hot,2017-08-15 09:00:00
position_40,-2270.81,-619.8652,1.5,10,34.7,49.34525644401026,30.0,1.5,47,hot,2017-08-15 10:00:00
position_40,-2270.81,-619.8652,1.5,11,35.8,53.87487318621953,31.6,2.6,41,hot,2017-08-15 11:00:00
position_40,-2270.81,-619.8652,1.5,12,36.2,56.95836776012861,33.4,5.1,37,hot,2017-08-15 12:00:00
position_40,-2270.81,-619.8652,1.5,13,37.5,56.7874969066732,34.4,5.1,41,hot,2017-08-15 13:00:00
position_40,-2270.81,-619.8652,1.5,14,36.1,54.06368001603236,34.0,5.7,38,hot,2017-08-15 14:00:00
position_40,-2270.81,-619.8652,1.5,15,34.5,49.76269795659756,33.6,7.7,37,hot,2017-08-15 15:00:00
position_40,-2270.81,-619.8652,1.5,16,32.2,44.09173992303502,32.6,7.2,40,hot,2017-08-15 16:00:00
position_40,-2270.81,-619.8652,1.5,17,28.6,36.651639978068005,30.0,7.7,58,warm,2017-08-15 17:00:00
position_40,-2270.81,-619.8652,1.5,18,25.9,28.98262898020176,28.8,6.7,64,comfortable,2017-08-15 18:00:00
position_40,-2270.81,-619.8652,1.5,19,23.9,22.771361533674444,26.8,5.1,80,comfortable,2017-08-15 19:00:00
position_40,-2270.81,-619.8652,1.5,20,26.1,21.802526817482082,25.8,2.1,85,warm,2017-08-15 20:00:00
position_40,-2270.81,-619.8652,1.5,21,25.9,21.319035648848097,25.4,2.1,89,comfortable,2017-08-15 21:00:00
position_40,-2270.81,-619.8652,1.5,22,24.8,20.92911498647601,25.0,2.6,90,comfortable,2017-08-15 22:00:00
position_40,-2270.81,-619.8652,1.5,23,24.8,20.92911498647601,25.0,2.6,90,comfortable,2017-08-15 23:00:00
position_41,-2270.81,-569.8652,1.5,0,23.3,18.84873730515951,23.0,0.5,77,comfortable,2017-08-15 00:00:00
position_41,-2270.81,-569.8652,1.5,1,22.9,18.452385466717704,22.6,0.5,78,comfortable,2017-08-15 01:00:00
position_41,-2270.81,-569.8652,1.5,2,22.4,17.96254996064826,22.2,0.5,78,comfortable,2017-08-15 02:00:00
position_41,-2270.81,-569.8652,1.5,3,18.5,17.018496410285817,21.3,2.6,74,comfortable,2017-08-15 03:00:00
position_41,-2270.81,-569.8652,1.5,4,14.7,15.974622883993783,20.4,4.1,71,comfortable,2017-08-15 04:00:00
position_41,-2270.81,-569.8652,1.5,5,19.9,15.974622883993783,20.4,0.5,71,comfortable,2017-08-15 05:00:00
position_41,-2270.81,-569.8652,1.5,6,20.6,18.66000821108028,20.6,1.0,73,comfortable,2017-08-15 06:00:00
position_41,-2270.81,-569.8652,1.5,7,25.0,27.46577919511922,23.0,1.0,69,comfortable,2017-08-15 07:00:00
position_41,-2270.81,-569.8652,1.5,8,29.9,35.79630534672135,25.8,0.5,69,warm,2017-08-15 08:00:00
position_41,-2270.81,-569.8652,1.5,9,31.8,42.58879312352763,28.0,1.5,55,warm,2017-08-15 09:00:00
position_41,-2270.81,-569.8652,1.5,10,34.4,48.1620629896081,30.0,1.5,47,hot,2017-08-15 10:00:00
position_41,-2270.81,-569.8652,1.5,11,35.5,52.51249868227578,31.6,2.6,41,hot,2017-08-15 11:00:00
position_41,-2270.81,-569.8652,1.5,12,35.9,55.51749223537881,33.4,5.1,37,hot,2017-08-15 12:00:00
position_41,-2270.81,-569.8652,1.5,13,37.2,55.418234117260766,34.4,5.1,41,hot,2017-08-15 13:00:00
position_41,-2270.81,-569.8652,1.5,14,35.8,52.836546380719966,34.0,5.7,38,hot,2017-08-15 14:00:00
position_41,-2270.81,-569.8652,1.5,15,34.3,48.77415596011002,33.6,7.7,37,hot,2017-08-15 15:00:00
position_41,-2270.81,-569.8652,1.5,16,32.1,43.38888279131491,32.6,7.2,40,hot,2017-08-15 16:00:00
position_41,-2270.81,-569.8652,1.5,17,28.5,36.24481275890615,30.0,7.7,58,warm,2017-08-15 17:00:00
position_41,-2270.81,-569.8652,1.5,18,25.9,28.971459037090153,28.8,6.7,64,comfortable,2017-08-15 18:00:00
position_41,-2270.81,-569.8652,1.5,19,24.0,23.01776088626535,26.8,5.1,80,comfortable,2017-08-15 19:00:00
position_41,-2270.81,-569.8652,1.5,20,26.2,22.047020040789434,25.8,2.1,85,warm,2017-08-15 20:00:00
position_41,-2270.81,-569.8652,1.5,21,26.0,21.568635354176713,25.4,2.1,89,warm,2017-08-15 21:00:00
position_41,-2270.81,-569.8652,1.5,22,24.9,21.178098219940292,25.0,2.6,90,comfortable,2017-08-15 22:00:00
position_41,-2270.81,-569.8652,1.5,23,24.9,21.178098219940292,25.0,2.6,90,comfortable,2017-08-15 23:00:00
position_42,-2270.81,-519.8652,1.5,0,24.6,23.0,23.0,0.5,77,comfortable,2017-08-15 00:00:00
position_42,-2270.81,-519.8652,1.5,1,24.2,22.6,22.6,0.5,78,comfortable,2017-08-15 01:00:00
position_42,-2270.81,-519.8652,1.5,2,23.7,22.2,22.2,0.5,78,comfortable,2017-08-15 02:00:00
position_42,-2270.81,-519.8652,1.5,3,19.8,21.3,21.3,2.6,74,comfortable,2017-08-15 03:00:00
position_42,-2270.81,-519.8652,1.5,4,16.0,20.4,20.4,4.1,71,comfortable,2017-08-15 04:00:00
position_42,-2270.81,-519.8652,1.5,5,21.4,20.4,20.4,0.5,71,comfortable,2017-08-15 05:00:00
position_42,-2270.81,-519.8652,1.5,6,21.2,20.6,20.6,1.0,73,comfortable,2017-08-15 06:00:00
position_42,-2270.81,-519.8652,1.5,7,23.7,23.0,23.0,1.0,69,comfortable,2017-08-15 07:00:00
position_42,-2270.81,-519.8652,1.5,8,27.2,25.8,25.8,0.5,69,warm,2017-08-15 08:00:00
position_42,-2270.81,-519.8652,1.5,9,28.0,28.0,28.0,1.5,55,warm,2017-08-15 09:00:00
position_42,-2270.81,-519.8652,1.5,10,29.8,30.0,30.0,1.5,47,warm,2017-08-15 10:00:00
position_42,-2270.81,-519.8652,1.5,11,30.5,31.6,31.6,2.6,41,warm,2017-08-15 11:00:00
position_42,-2270.81,-519.8652,1.5,12,31.0,33.4,33.4,5.1,37,warm,2017-08-15 12:00:00
position_42,-2270.81,-519.8652,1.5,13,32.7,34.4,34.4,5.1,41,hot,2017-08-15 13:00:00
position_42,-2270.81,-519.8652,1.5,14,31.8,34.0,34.0,5.7,38,warm,2017-08-15 14:00:00
position_42,-2270.81,-519.8652,1.5,15,31.3,33.6,33.6,7.7,37,warm,2017-08-15 15:00:00
position_42,-2270.81,-519.8652,1.5,16,29.9,32.6,32.6,7.2,40,warm,2017-08-15 16:00:00
position_42,-2270.81,-519.8652,1.5,17,27.2,30.0,30.0,7.7,58,warm,2017-08-15 17:00:00
position_42,-2270.81,-519.8652,1.5,18,25.9,28.8,28.8,6.7,64,comfortable,2017-08-15 18:00:00
position_42,-2270.81,-519.8652,1.5,19,24.8,26.8,26.8,5.1,80,comfortable,2017-08-15 19:00:00
position_42,-2270.81,-519.8652,1.5,20,27.1,25.8,25.8,2.1,85,warm,2017-08-15 20:00:00
position_42,-2270.81,-519.8652,1.5,21,27.0,25.4,25.4,2.1,89,warm,2017-08-15 21:00:00
position_42,-2270.81,-519.8652,1.5,22,25.8,25.0,25.0,2.6,90,comfortable,2017-08-15 22:00:00
position_42,-2270.81,-519.8652,1.5,23,25.8,25.0,25.0,2.6,90,comfortable,2017-08-15 23:00:00
position_43,-2270.81,-469.86519999999996,1.5,0,24.6,23.0,23.0,0.5,77,comfortable,2017-08-15 00:00:00
position_43,-2270.81,-469.86519999999996,1.5,1,24.2,22.6,22.6,0.5,78,comfortable,2017-08-15 01:00:00
position_43,-2270.81,-469.86519999999996,1.5,2,23.7,22.2,22.2,0.5,78,comfortable,2017-08-15 02:00:00
position_43,-2270.81,-469.86519999999996,1.5,3,19.8,21.3,21.3,2.6,74,comfortable,2017-08-15 03:00:00
position_43,-2270.81,-469.86519999999996,1.5,4,16.0,20.4,20.4,4.1,71,comfortable,2017-08-15 04:00:00
position_43,-2270.81,-469.86519999999996,1.5,5,21.4,20.4,20.4,0.5,71,comfortable,2017-08-15 05:00:00
position_43,-2270.81,-469.86519999999996,1.5,6,21.2,20.6,20.6,1.0,73,comfortable,2017-08-15 06:00:00
position_43,-2270.81,-469.86519999999996,1.5,7,23.7,23.0,23.0,1.0,69,comfortable,2017-08-15 07:00:00
position_43,-2270.81,-469.86519999999996,1.5,8,27.2,25.8,25.8,0.5,69,warm,2017-08-15 08:00:00
position_43,-2270.81,-469.86519999999996,1.5,9,28.0,28.0,28.0,1.5,55,warm,2017-08-15 09:00:00
position_43,-2270.81,-469.86519999999996,1.5,10,29.8,30.0,30.0,1.5,47,warm,2017-08-15 10:00:00
position_43,-2270.81,-469.86519999999996,1.5,11,30.5,31.6,31.6,2.6,41,warm,2017-08-15 11:00:00
position_43,-2270.81,-469.86519999999996,1.5,12,31.0,33.4,33.4,5.1,37,warm,2017-08-15 12:00:00
position_43,-2270.81,-469.86519999999996,1.5,13,32.7,34.4,34.4,5.1,41,hot,2017-08-15 13:00:00
position_43,-2270.81,-469.86519999999996,1.5,14,31.8,34.0,34.0,5.7,38,warm,2017-08-15 14:00:00
position_43,-2270.81,-469.86519999999996,1.5,15,31.3,33.6,33.6,7.7,37,warm,2017-08-15 15:00:00
position_43,-2270.81,-469.86519999999996,1.5,16,29.9,32.6,32.6,7.2,40,warm,2017-08-15 16:00:00
position_43,-2270.81,-469.86519999999996,1.5,17,27.2,30.0,30.0,7.7,58,warm,2017-08-15 17:00:00
position_43,-2270.81,-469.86519999999996,1.5,18,25.9,28.8,28.8,6.7,64,comfortable,2017-08-15 18:00:00
position_43,-2270.81,-469.86519999999996,1.5,19,24.8,26.8,26.8,5.1,80,comfortable,2017-08-15 19:00:00
position_43,-2270.81,-469.86519999999996,1.5,20,27.1,25.8,25.8,2.1,85,warm,2017-08-15 20:00:00
position_43,-2270.81,-469.86519999999996,1.5,21,27.0,25.4,25.4,2.1,89,warm,2017-08-15 21:00:00
position_43,-2270.81,-469.86519999999996,1.5,22,25.8,25.0,25.0,2.6,90,comfortable,2017-08-15 22:00:00
position_43,-2270.81,-469.86519999999996,1.5,23,25.8,25.0,25.0,2.6,90,comfortable,2017-08-15 23:00:00
position_44,-2270.81,-419.86519999999996,1.5,0,23.5,19.442755133171858,23.0,0.5,77,comfortable,2017-08-15 00:00:00
position_44,-2270.81,-419.86519999999996,1.5,1,23.1,19.045881267297837,22.6,0.5,78,comfortable,2017-08-15 01:00:00
position_44,-2270.81,-419.86519999999996,1.5,2,22.6,18.568900619163568,22.2,0.5,78,comfortable,2017-08-15 02:00:00
position_44,-2270.81,-419.86519999999996,1.5,3,18.7,17.63115083616691,21.3,2.6,74,comfortable,2017-08-15 03:00:00
position_44,-2270.81,-419.86519999999996,1.5,4,14.9,16.607864645796226,20.4,4.1,71,comfortable,2017-08-15 04:00:00
position_44,-2270.81,-419.86519999999996,1.5,5,20.1,16.607864645796226,20.4,0.5,71,comfortable,2017-08-15 05:00:00
position_44,-2270.81,-419.86519999999996,1.5,6,20.7,18.937608014688994,20.6,1.0,73,comfortable,2017-08-15 06:00:00
position_44,-2270.81,-419.86519999999996,1.5,7,24.8,26.826756166977813,23.0,1.0,69,comfortable,2017-08-15 07:00:00
position_44,-2270.81,-419.86519999999996,1.5,8,29.5,34.365901147635654,25.8,0.5,69,warm,2017-08-15 08:00:00
position_44,-2270.81,-419.86519999999996,1.5,9,31.3,40.50123474873961,28.0,1.5,55,warm,2017-08-15 09:00:00
position_44,-2270.81,-419.86519999999996,1.5,10,33.8,45.56319368106751,30.0,1.5,47,hot,2017-08-15 10:00:00
position_44,-2270.81,-419.86519999999996,1.5,11,34.8,49.52006048726682,31.6,2.6,41,hot,2017-08-15 11:00:00
position_44,-2270.81,-419.86519999999996,1.5,12,35.2,52.35262755093741,33.4,5.1,37,hot,2017-08-15 12:00:00
position_44,-2270.81,-419.86519999999996,1.5,13,36.5,52.410665891210456,34.4,5.1,41,hot,2017-08-15 13:00:00
position_44,-2270.81,-419.86519999999996,1.5,14,35.2,50.141163026099704,34.0,5.7,38,hot,2017-08-15 14:00:00
position_44,-2270.81,-419.86519999999996,1.5,15,33.9,46.602836092410946,33.6,7.7,37,hot,2017-08-15 15:00:00
position_44,-2270.81,-419.86519999999996,1.5,16,31.7,41.845066079753394,32.6,7.2,40,warm,2017-08-15 16:00:00
position_44,-2270.81,-419.86519999999996,1.5,17,28.3,35.35122196880758,30.0,7.7,58,warm,2017-08-15 17:00:00
position_44,-2270.81,-419.86519999999996,1.5,18,25.9,28.946924399729827,28.8,6.7,64,comfortable,2017-08-15 18:00:00
position_44,-2270.81,-419.86519999999996,1.5,19,24.1,23.558973916738317,26.8,5.1,80,comfortable,2017-08-15 19:00:00
position_44,-2270.81,-419.86519999999996,1.5,20,26.3,22.58404628263988,25.8,2.1,85,warm,2017-08-15 20:00:00
position_44,-2270.81,-419.86519999999996,1.5,21,26.1,22.11687791855692,25.4,2.1,89,warm,2017-08-15 21:00:00
position_44,-2270.81,-419.86519999999996,1.5,22,25.0,21.72498671174527,25.0,2.6,90,comfortable,2017-08-15 22:00:00
position_44,-2270.81,-419.86519999999996,1.5,23,25.0,21.72498671174527,25.0,2.6,90,comfortable,2017-08-15 23:00:00
position_45,-2270.81,-369.86519999999996,1.5,0,24.6,23.0,23.0,0.5,77,comfortable,2017-08-15 00:00:00
position_45,-2270.81,-369.86519999999996,1.5,1,24.2,22.6,22.6,0.5,78,comfortable,2017-08-15 01:00:00
position_45,-2270.81,-369.86519999999996,1.5,2,23.7,22.2,22.2,0.5,78,comfortable,2017-08-15 02:00:00
position_45,-2270.81,-369.86519999999996,1.5,3,19.8,21.3,21.3,2.6,74,comfortable,2017-08-15 03:00:00
position_45,-2270.81,-369.86519999999996,1.5,4,16.0,20.4,20.4,4.1,71,comfortable,2017-08-15 04:00:00
position_45,-2270.81,-369.86519999999996,1.5,5,21.4,20.4,20.4,0.5,71,comfortable,2017-08-15 05:00:00
position_45,-2270.81,-369.86519999999996,1.5,6,21.2,20.6,20.6,1.0,73,comfortable,2017-08-15 06:00:00
position_45,-2270.81,-369.86519999999996,1.5,7,23.7,23.0,23.0,1.0,69,comfortable,2017-08-15 07:00:00
position_45,-2270.81,-369.86519999999996,1.5,8,27.2,25.8,25.8,0.5,69,warm,2017-08-15 08:00:00
position_45,-2270.81,-369.86519999999996,1.5,9,28.0,28.0,28.0,1.5,55,warm,2017-08-15 09:00:00
position_45,-2270.81,-369.86519999999996,1.5,10,29.8,30.0,30.0,1.5,47,warm,2017-08-15 10:00:00
position_45,-2270.81,-369.86519999999996,1.5,11,30.5,31.6,31.6,2.6,41,warm,2017-08-15 11:00:00
position_45,-2270.81,-369.86519999999996,1.5,12,31.0,33.4,33.4,5.1,37,warm,2017-08-15 12:00:00
position_45,-2270.81,-369.86519999999996,1.5,13,32.7,34.4,34.4,5.1,41,hot,2017-08-15 13:00:00
position_45,-2270.81,-369.86519999999996,1.5,14,31.8,34.0,34.0,5.7,38,warm,2017-08-15 14:00:00
position_45,-2270.81,-369.86519999999996,1.5,15,31.3,33.6,33.6,7.7,37,warm,2017-08-15 15:00:00
position_45,-2270.81,-369.86519999999996,1.5,16,29.9,32.6,32.6,7.2,40,warm,2017-08-15 16:00:00
position_45,-2270.81,-369.86519999999996,1.5,17,27.2,30.0,30.0,7.7,58,warm,2017-08-15 17:00:00
position_45,-2270.81,-369.86519999999996,1.5,18,25.9,28.8,28.8,6.7,64,comfortable,2017-08-15 18:00:00
position_45,-2270.81,-369.86519999999996,1.5,19,24.8,26.8,26.8,5.1,80,comfortable,2017-08-15 19:00:00
position_45,-2270.81,-369.86519999999996,1.5,20,27.1,25.8,25.8,2.1,85,warm,2017-08-15 20:00:00
position_45,-2270.81,-369.86519999999996,1.5,21,27.0,25.4,25.4,2.1,89,warm,2017-08-15 21:00:00
position_45,-2270.81,-369.86519999999996,1.5,22,25.8,25.0,25.0,2.6,90,comfortable,2017-08-15 22:00:00
position_45,-2270.81,-369.86519999999996,1.5,23,25.8,25.0,25.0,2.6,90,comfortable,2017-08-15 23:00:00
position_46,-2270.81,-319.86519999999996,1.5,0,23.4,19.187195195136685,23.0,0.5,77,comfortable,2017-08-15 00:00:00
position_46,-2270.81,-319.86519999999996,1.5,1,23.0,18.79054591730016,22.6,0.5,78,comfortable,2017-08-15 01:00:00
position_46,-2270.81,-319.86519999999996,1.5,2,22.5,18.3080348178184,22.2,0.5,78,comfortable,2017-08-15 02:00:00
position_46,-2270.81,-319.86519999999996,1.5,3,18.6,17.367573011172926,21.3,2.6,74,comfortable,2017-08-15 03:00:00
position_46,-2270.81,-319.86519999999996,1.5,4,14.8,16.335429682103268,20.4,4.1,71,comfortable,2017-08-15 04:00:00
position_46,-2270.81,-319.86519999999996,1.5,5,20.1,16.335429682103268,20.4,0.5,71,comfortable,2017-08-15 05:00:00
position_46,-2270.81,-319.86519999999996,1.5,6,20.7,18.818178285035586,20.6,1.0,73,comfortable,2017-08-15 06:00:00
position_46,-2270.81,-319.86519999999996,1.5,7,24.9,27.101678362530954,23.0,1.0,69,comfortable,2017-08-15 07:00:00
position_46,-2270.81,-319.86519999999996,1.5,8,29.7,34.9812934662581,25.8,0.5,69,warm,2017-08-15 08:00:00
position_46,-2270.81,-319.86519999999996,1.5,9,31.5,41.39934969369129,28.0,1.5,55,warm,2017-08-15 09:00:00
position_46,-2270.81,-319.86519999999996,1.5,10,34.1,46.68128618289447,30.0,1.5,47,hot,2017-08-15 10:00:00
position_46,-2270.81,-319.86519999999996,1.5,11,35.1,50.8074752476108,31.6,2.6,41,hot,2017-08-15 11:00:00
position_46,-2270.81,-319.86519999999996,1.5,12,35.5,53.714224096535915,33.4,5.1,37,hot,2017-08-15 12:00:00
position_46,-2270.81,-319.86519999999996,1.5,13,36.8,53.70458993395818,34.4,5.1,41,hot,2017-08-15 13:00:00
position_46,-2270.81,-319.86519999999996,1.5,14,35.5,51.30077805885502,34.0,5.7,38,hot,2017-08-15 14:00:00
position_46,-2270.81,-319.86519999999996,1.5,15,34.1,47.53698713077368,33.6,7.7,37,hot,2017-08-15 15:00:00
position_46,-2270.81,-319.86519999999996,1.5,16,31.9,42.5092510326941,32.6,7.2,40,warm,2017-08-15 16:00:00
position_46,-2270.81,-319.86519999999996,1.5,17,28.4,35.73566498748014,30.0,7.7,58,warm,2017-08-15 17:00:00
position_46,-2270.81,-319.86519999999996,1.5,18,25.9,28.957479757006727,28.8,6.7,64,comfortable,2017-08-15 18:00:00
position_46,-2270.81,-319.86519999999996,1.5,19,24.0,23.3261317998707,26.8,5.1,80,comfortable,2017-08-15 19:00:00
position_46,-2270.81,-319.86519999999996,1.5,20,26.3,22.35300541716655,25.8,2.1,85,warm,2017-08-15 20:00:00
position_46,-2270.81,-319.86519999999996,1.5,21,26.1,21.881011536818733,25.4,2.1,89,warm,2017-08-15 21:00:00
position_46,-2270.81,-319.86519999999996,1.5,22,24.9,21.489702882730423,25.0,2.6,90,comfortable,2017-08-15 22:00:00
position_46,-2270.81,-319.86519999999996,1.5,23,24.9,21.489702882730423,25.0,2.6,90,comfortable,2017-08-15 23:00:00
position_47,-2270.81,-269.86519999999996,1.5,0,23.4,19.095896166556614,23.0,0.5,77,comfortable,2017-08-15 00:00:00
position_47,-2270.81,-269.86519999999996,1.5,1,23.0,18.699327123008025,22.6,0.5,78,comfortable,2017-08-15 01:00:00
position_47,-2270.81,-269.86519999999996,1.5,2,22.5,18.214840264573134,22.2,0.5,78,comfortable,2017-08-15 02:00:00
position_47,-2270.81,-269.86519999999996,1.5,3,18.6,17.273409584924607,21.3,2.6,74,comfortable,2017-08-15 03:00:00
position_47,-2270.81,-269.86519999999996,1.5,4,14.8,16.238102034712025,20.4,4.1,71,comfortable,2017-08-15 04:00:00
position_47,-2270.81,-269.86519999999996,1.5,5,20.0,16.238102034712025,20.4,0.5,71,comfortable,2017-08-15 05:00:00
position_47,-2270.81,-269.86519999999996,1.5,6,20.7,18.77551190162366,20.6,1.0,73,comfortable,2017-08-15 06:00:00
position_47,-2270.81,-269.86519999999996,1.5,7,24.9,27.199894575847022,23.0,1.0,69,comfortable,2017-08-15 07:00:00
position_47,-2270.81,-269.86519999999996,1.5,8,29.8,35.20114295173628,25.8,0.5,69,warm,2017-08-15 08:00:00
position_47,-2270.81,-269.86519999999996,1.5,9,31.6,41.72020210372769,28.0,1.5,55,warm,2017-08-15 09:00:00
position_47,-2270.81,-269.86519999999996,1.5,10,34.2,47.0807257823258,30.0,1.5,47,hot,2017-08-15 10:00:00
position_47,-2270.81,-269.86519999999996,1.5,11,35.2,51.267405383385366,31.6,2.6,41,hot,2017-08-15 11:00:00
position_47,-2270.81,-269.86519999999996,1.5,12,35.6,54.20065574496596,33.4,5.1,37,hot,2017-08-15 12:00:00
position_47,-2270.81,-269.86519999999996,1.5,13,36.9,54.166845517002706,34.4,5.1,41,hot,2017-08-15 13:00:00
position_47,-2270.81,-269.86519999999996,1.5,14,35.5,51.715051621571426,34.0,5.7,38,hot,2017-08-15 14:00:00
position_47,-2270.81,-269.86519999999996,1.5,15,34.1,47.87071346912428,33.6,7.7,37,hot,2017-08-15 15:00:00
position_47,-2270.81,-269.86519999999996,1.5,16,31.9,42.746531732741246,32.6,7.2,40,warm,2017-08-15 16:00:00
position_47,-2270.81,-269.86519999999996,1.5,17,28.4,35.87300761801548,30.0,7.7,58,warm,2017-08-15 17:00:00
position_47,-2270.81,-269.86519999999996,1.5,18,25.9,28.96125066833621,28.8,6.7,64,comfortable,2017-08-15 18:00:00
position_47,-2270.81,-269.86519999999996,1.5,19,24.0,23.242948734301105,26.8,5.1,80,comfortable,2017-08-15 19:00:00
position_47,-2270.81,-269.86519999999996,1.5,20,26.2,22.270465850354196,25.8,2.1,85,warm,2017-08-15 20:00:00
position_47,-2270.81,-269.86519999999996,1.5,21,26.1,21.796748049775513,25.4,2.1,89,warm,2017-08-15 21:00:00
position_47,-2270.81,-269.86519999999996,1.5,22,24.9,21.40564751319633,25.0,2.6,90,comfortable,2017-08-15 22:00:00
position_47,-2270.81,-269.86519999999996,1.5,23,24.9,21.40564751319633,25.0,2.6,90,comfortable,2017-08-15 23:00:00
position_48,-2270.81,-219.86519999999996,1.5,0,24.6,23.0,23.0,0.5,77,comfortable,2017-08-15 00:00:00
position_48,-2270.81,-219.86519999999996,1.5,1,24.2,22.6,22.6,0.5,78,comfortable,2017-08-15 01:00:00
position_48,-2270.81,-219.86519999999996,1.5,2,23.7,22.2,22.2,0.5,78,comfortable,2017-08-15 02:00:00
position_48,-2270.81,-219.86519999999996,1.5,3,19.8,21.3,21.3,2.6,74,comfortable,2017-08-15 03:00:00
position_48,-2270.81,-219.86519999999996,1.5,4,16.0,20.4,20.4,4.1,71,comfortable,2017-08-15 04:00:00
position_48,-2270.81,-219.86519999999996,1.5,5,21.4,20.4,20.4,0.5,71,comfortable,2017-08-15 05:00:00
position_48,-2270.81,-219.86519999999996,1.5,6,21.2,20.6,20.6,1.0,73,comfortable,2017-08-15 06:00:00
position_48,-2270.81,-219.86519999999996,1.5,7,23.7,23.0,23.0,1.0,69,comfortable,2017-08-15 07:00:00
position_48,-2270.81,-219.86519999999996,1.5,8,27.2,25.8,25.8,0.5,69,warm,2017-08-15 08:00:00
position_48,-2270.81,-219.86519999999996,1.5,9,28.0,28.0,28.0,1.5,55,warm,2017-08-15 09:00:00
position_48,-2270.81,-219.86519999999996,1.5,10,29.8,30.0,30.0,1.5,47,warm,2017-08-15 10:00:00
position_48,-2270.81,-219.86519999999996,1.5,11,30.5,31.6,31.6,2.6,41,warm,2017-08-15 11:00:00
position_48,-2270.81,-219.86519999999996,1.5,12,31.0,33.4,33.4,5.1,37,warm,2017-08-15 12:00:00
position_48,-2270.81,-219.86519999999996,1.5,13,32.7,34.4,34.4,5.1,41,hot,2017-08-15 13:00:00
position_48,-2270.81,-219.86519999999996,1.5,14,31.8,34.0,34.0,5.7,38,warm,2017-08-15 14:00:00
position_48,-2270.81,-219.86519999999996,1.5,15,31.3,33.6,33.6,7.7,37,warm,2017-08-15 15:00:00
position_48,-2270.81,-219.86519999999996,1.5,16,29.9,32.6,32.6,7.2,40,warm,2017-08-15 16:00:00
position_48,-2270.81,-219.86519999999996,1.5,17,27.2,30.0,30.0,7.7,58,warm,2017-08-15 17:00:00
position_48,-2270.81,-219.86519999999996,1.5,18,25.9,28.8,28.8,6.7,64,comfortable,2017-08-15 18:00:00
position_48,-2270.81,-219.86519999999996,1.5,19,24.8,26.8,26.8,5.1,80,comfortable,2017-08-15 19:00:00
position_48,-2270.81,-219.86519999999996,1.5,20,27.1,25.8,25.8,2.1,85,warm,2017-08-15 20:00:00
position_48,-2270.81,-219.86519999999996,1.5,21,27.0,25.4,25.4,2.1,89,warm,2017-08-15 21:00:00
position_48,-2270.81,-219.86519999999996,1.5,22,25.8,25.0,25.0,2.6,90,comfortable,2017-08-15 22:00:00
position_48,-2270.81,-219.86519999999996,1.5,23,25.8,25.0,25.0,2.6,90,comfortable,2017-08-15 23:00:00
position_49,-2270.81,-169.86519999999996,1.5,0,23.3,18.854094485986394,23.0,0.5,77,comfortable,2017-08-15 00:00:00
position_49,-2270.81,-169.86519999999996,1.5,1,22.9,18.45773793961291,22.6,0.5,78,comfortable,2017-08-15 01:00:00
position_49,-2270.81,-169.86519999999996,1.5,2,22.4,17.968018365751583,22.2,0.5,78,comfortable,2017-08-15 02:00:00
position_49,-2270.81,-169.86519999999996,1.5,3,18.5,17.024021666244582,21.3,2.6,74,comfortable,2017-08-15 03:00:00
position_49,-2270.81,-169.86519999999996,1.5,4,14.7,15.980333807917503,20.4,4.1,71,comfortable,2017-08-15 04:00:00
position_49,-2270.81,-169.86519999999996,1.5,5,19.9,15.980333807917503,20.4,0.5,71,comfortable,2017-08-15 05:00:00
position_49,-2270.81,-169.86519999999996,1.5,6,20.6,18.662511759417235,20.6,1.0,73,comfortable,2017-08-15 06:00:00
position_49,-2270.81,-169.86519999999996,1.5,7,25.0,27.46001613254288,23.0,1.0,69,comfortable,2017-08-15 07:00:00
position_49,-2270.81,-169.86519999999996,1.5,8,29.9,35.78340517169515,25.8,0.5,69,warm,2017-08-15 08:00:00
position_49,-2270.81,-169.86519999999996,1.5,9,31.8,42.56996636922324,28.0,1.5,55,warm,2017-08-15 09:00:00
position_49,-2270.81,-169.86519999999996,1.5,10,34.4,48.138624950925184,30.0,1.5,47,hot,2017-08-15 10:00:00
position_49,-2270.81,-169.86519999999996,1.5,11,35.5,52.485511222021294,31.6,2.6,41,hot,2017-08-15 11:00:00
position_49,-2270.81,-169.86519999999996,1.5,12,35.8,55.4889497378179,33.4,5.1,37,hot,2017-08-15 12:00:00
position_49,-2270.81,-169.86519999999996,1.5,13,37.2,55.39111020603059,34.4,5.1,41,hot,2017-08-15 13:00:00
position_49,-2270.81,-169.86519999999996,1.5,14,35.8,52.812237925068395,34.0,5.7,38,hot,2017-08-15 14:00:00
position_49,-2270.81,-169.86519999999996,1.5,15,34.3,48.75457379840421,33.6,7.7,37,hot,2017-08-15 15:00:00
position_49,-2270.81,-169.86519999999996,1.5,16,32.1,43.37495979961772,32.6,7.2,40,hot,2017-08-15 16:00:00
position_49,-2270.81,-169.86519999999996,1.5,17,28.5,36.236753863664205,30.0,7.7,58,warm,2017-08-15 17:00:00
position_49,-2270.81,-169.86519999999996,1.5,18,25.9,28.97123777018088,28.8,6.7,64,comfortable,2017-08-15 18:00:00
position_49,-2270.81,-169.86519999999996,1.5,19,24.0,23.022641844265905,26.8,5.1,80,comfortable,2017-08-15 19:00:00
position_49,-2270.81,-169.86519999999996,1.5,20,26.2,22.051863240017987,25.8,2.1,85,warm,2017-08-15 20:00:00
position_49,-2270.81,-169.86519999999996,1.5,21,26.0,21.573579708396196,25.4,2.1,89,warm,2017-08-15 21:00:00
position_49,-2270.81,-169.86519999999996,1.5,22,24.9,21.183030362385487,25.0,2.6,90,comfortable,2017-08-15 22:00:00
position_49,-2270.81,-169.86519999999996,1.5,23,24.9,21.183030362385487,25.0,2.6,90,comfortable,2017-08-15 23:00:00
position_50,-2220.81,-619.8652,1.5,0,23.3,18.794221081157595,23.0,0.5,77,comfortable,2017-08-15 00:00:00
position_50,-2220.81,-619.8652,1.5,1,22.9,18.397917151992395,22.6,0.5,78,comfortable,2017-08-15 01:00:00
position_50,-2220.81,-619.8652,1.5,2,22.4,17.906901886189054,22.2,0.5,78,comfortable,2017-08-15 02:00:00
position_50,-2220.81,-619.8652,1.5,3,18.5,16.962269805052678,21.3,2.6,74,comfortable,2017-08-15 03:00:00
position_50,-2220.81,-619.8652,1.5,4,14.7,15.916506867763594,20.4,4.1,71,comfortable,2017-08-15 04:00:00
position_50,-2220.81,-619.8652,1.5,5,19.9,15.916506867763594,20.4,0.5,71,comfortable,2017-08-15 05:00:00
position_50,-2220.81,-619.8652,1.5,6,20.6,18.63453137795718,20.6,1.0,73,comfortable,2017-08-15 06:00:00
position_50,-2220.81,-619.8652,1.5,7,25.0,27.524425789382406,23.0,1.0,69,comfortable,2017-08-15 07:00:00
position_50,-2220.81,-619.8652,1.5,8,30.0,35.92758126480542,25.8,0.5,69,warm,2017-08-15 08:00:00
position_50,-2220.81,-619.8652,1.5,9,31.9,42.78037962920175,28.0,1.5,55,warm,2017-08-15 09:00:00
position_50,-2220.81,-619.8652,1.5,10,34.5,48.4005752609488,30.0,1.5,47,hot,2017-08-15 10:00:00
position_50,-2220.81,-619.8652,1.5,11,35.6,52.78713089575136,31.6,2.6,41,hot,2017-08-15 11:00:00
position_50,-2220.81,-619.8652,1.5,12,35.9,55.80794895895909,33.4,5.1,37,hot,2017-08-15 12:00:00
position_50,-2220.81,-619.8652,1.5,13,37.2,55.694254895393,34.4,5.1,41,hot,2017-08-15 13:00:00
position_50,-2220.81,-619.8652,1.5,14,35.8,53.08391626728244,34.0,5.7,38,hot,2017-08-15 14:00:00
position_50,-2220.81,-619.8652,1.5,15,34.4,48.97342971033293,33.6,7.7,37,hot,2017-08-15 15:00:00
position_50,-2220.81,-619.8652,1.5,16,32.1,43.53056718814018,32.6,7.2,40,hot,2017-08-15 16:00:00
position_50,-2220.81,-619.8652,1.5,17,28.5,36.32682241144816,30.0,7.7,58,warm,2017-08-15 17:00:00
position_50,-2220.81,-619.8652,1.5,18,25.9,28.973710713257212,28.8,6.7,64,comfortable,2017-08-15 18:00:00
position_50,-2220.81,-619.8652,1.5,19,24.0,22.968090843699883,26.8,5.1,80,comfortable,2017-08-15 19:00:00
position_50,-2220.81,-619.8652,1.5,20,26.2,21.99773424242613,25.8,2.1,85,warm,2017-08-15 20:00:00
position_50,-2220.81,-619.8652,1.5,21,26.0,21.518320173322387,25.4,2.1,89,warm,2017-08-15 21:00:00
position_50,-2220.81,-619.8652,1.5,22,24.8,21.127907309638708,25.0,2.6,90,comfortable,2017-08-15 22:00:00
position_50,-2220.81,-619.8652,1.5,23,24.8,21.127907309638708,25.0,2.6,90,comfortable,2017-08-15 23:00:00
position_51,-2220.81,-569.8652,1.5,0,23.2,18.608941508154167,23.0,0.5,77,comfortable,2017-08-15 00:00:00
position_51,-2220.81,-569.8652,1.5,1,22.9,18.21280040410158,22.6,0.5,78,comfortable,2017-08-15 01:00:00
position_51,-2220.81,-569.8652,1.5,2,22.4,17.717775590980068,22.2,0.5,78,comfortable,2017-08-15 02:00:00
position_51,-2220.81,-569.8652,1.5,3,18.4,16.77117730736497,21.3,2.6,74,comfortable,2017-08-15 03:00:00
position_51,-2220.81,-569.8652,1.5,4,14.6,15.718992992418666,20.4,4.1,71,comfortable,2017-08-15 04:00:00
position_51,-2220.81,-569.8652,1.5,5,19.9,15.718992992418666,20.4,0.5,71,comfortable,2017-08-15 05:00:00
position_51,-2220.81,-569.8652,1.5,6,20.6,18.547945469836275,20.6,1.0,73,comfortable,2017-08-15 06:00:00
position_51,-2220.81,-569.8652,1.5,7,25.1,27.723742894374983,23.0,1.0,69,comfortable,2017-08-15 07:00:00
position_51,-2220.81,-569.8652,1.5,8,30.1,36.37373736775559,25.8,0.5,69,warm,2017-08-15 08:00:00
position_51,-2220.81,-569.8652,1.5,9,32.1,43.43150810727229,28.0,1.5,55,hot,2017-08-15 09:00:00
position_51,-2220.81,-569.8652,1.5,10,34.7,49.21118627811192,30.0,1.5,47,hot,2017-08-15 10:00:00
position_51,-2220.81,-569.8652,1.5,11,35.8,53.72049963464195,31.6,2.6,41,hot,2017-08-15 11:00:00
position_51,-2220.81,-569.8652,1.5,12,36.1,56.79509909098297,33.4,5.1,37,hot,2017-08-15 12:00:00
position_51,-2220.81,-569.8652,1.5,13,37.4,56.632342828824015,34.4,5.1,41,hot,2017-08-15 13:00:00
position_51,-2220.81,-569.8652,1.5,14,36.0,53.92463089481415,34.0,5.7,38,hot,2017-08-15 14:00:00
position_51,-2220.81,-569.8652,1.5,15,34.5,49.65068416124275,33.6,7.7,37,hot,2017-08-15 15:00:00
position_51,-2220.81,-569.8652,1.5,16,32.2,44.01209768709977,32.6,7.2,40,hot,2017-08-15 16:00:00
position_51,-2220.81,-569.8652,1.5,17,28.6,36.60554152091203,30.0,7.7,58,warm,2017-08-15 17:00:00
position_51,-2220.81,-569.8652,1.5,18,25.9,28.981363290199436,28.8,6.7,64,comfortable,2017-08-15 18:00:00
position_51,-2220.81,-569.8652,1.5,19,23.9,22.799281568184607,26.8,5.1,80,comfortable,2017-08-15 19:00:00
position_51,-2220.81,-569.8652,1.5,20,26.1,21.83023086443052,25.8,2.1,85,warm,2017-08-15 20:00:00
position_51,-2220.81,-569.8652,1.5,21,25.9,21.34731832213122,25.4,2.1,89,comfortable,2017-08-15 21:00:00
position_51,-2220.81,-569.8652,1.5,22,24.8,20.957327806021507,25.0,2.6,90,comfortable,2017-08-15 22:00:00
position_51,-2220.81,-569.8652,1.5,23,24.8,20.957327806021507,25.0,2.6,90,comfortable,2017-08-15 23:00:00
position_52,-2220.81,-519.8652,1.5,0,23.4,19.135448268381406,23.0,0.5,77,comfortable,2017-08-15 00:00:00
position_52,-2220.81,-519.8652,1.5,1,23.0,18.738844466141785,22.6,0.5,78,comfortable,2017-08-15 01:00:00
position_52,-2220.81,-519.8652,1.5,2,22.5,18.255213535973716,22.2,0.5,78,comfortable,2017-08-15 02:00:00
position_52,-2220.81,-519.8652,1.5,3,18.6,17.31420258657061,21.3,2.6,74,comfortable,2017-08-15 03:00:00
position_52,-2220.81,-519.8652,1.5,4,14.8,16.280265824183346,20.4,4.1,71,comfortable,2017-08-15 04:00:00
position_52,-2220.81,-519.8652,1.5,5,20.0,16.280265824183346,20.4,0.5,71,comfortable,2017-08-15 05:00:00
position_52,-2220.81,-519.8652,1.5,6,20.7,18.79399561571624,20.6,1.0,73,comfortable,2017-08-15 06:00:00
position_52,-2220.81,-519.8652,1.5,7,24.9,27.157345846355167,23.0,1.0,69,comfortable,2017-08-15 07:00:00
position_52,-2220.81,-519.8652,1.5,8,29.7,35.10590087335934,25.8,0.5,69,warm,2017-08-15 08:00:00
position_52,-2220.81,-519.8652,1.5,9,31.6,41.58120405095695,28.0,1.5,55,warm,2017-08-15 09:00:00
position_52,-2220.81,-519.8652,1.5,10,34.1,46.90768258619028,30.0,1.5,47,hot,2017-08-15 10:00:00
position_52,-2220.81,-519.8652,1.5,11,35.2,51.06815678408079,31.6,2.6,41,hot,2017-08-15 11:00:00
position_52,-2220.81,-519.8652,1.5,12,35.5,53.98992629484225,33.4,5.1,37,hot,2017-08-15 12:00:00
position_52,-2220.81,-519.8652,1.5,13,36.9,53.966589499233336,34.4,5.1,41,hot,2017-08-15 13:00:00
position_52,-2220.81,-519.8652,1.5,14,35.5,51.53558213114296,34.0,5.7,38,hot,2017-08-15 14:00:00
position_52,-2220.81,-519.8652,1.5,15,34.1,47.72613823846361,33.6,7.7,37,hot,2017-08-15 15:00:00
position_52,-2220.81,-519.8652,1.5,16,31.9,42.643738192051025,32.6,7.2,40,warm,2017-08-15 16:00:00
position_52,-2220.81,-519.8652,1.5,17,28.4,35.81350874061992,30.0,7.7,58,warm,2017-08-15 17:00:00
position_52,-2220.81,-519.8652,1.5,18,25.9,28.959617053267184,28.8,6.7,64,comfortable,2017-08-15 18:00:00
position_52,-2220.81,-519.8652,1.5,19,24.0,23.27898487981849,26.8,5.1,80,comfortable,2017-08-15 19:00:00
position_52,-2220.81,-519.8652,1.5,20,26.3,22.30622322260568,25.8,2.1,85,warm,2017-08-15 20:00:00
position_52,-2220.81,-519.8652,1.5,21,26.1,21.83325225000063,25.4,2.1,89,warm,2017-08-15 21:00:00
position_52,-2220.81,-519.8652,1.5,22,24.9,21.442061553810326,25.0,2.6,90,comfortable,2017-08-15 22:00:00
position_52,-2220.81,-519.8652,1.5,23,24.9,21.442061553810326,25.0,2.6,90,comfortable,2017-08-15 23:00:00
position_53,-2220.81,-469.86519999999996,1.5,0,24.6,23.0,23.0,0.5,77,comfortable,2017-08-15 00:00:00
position_53,-2220.81,-469.86519999999996,1.5,1,24.2,22.6,22.6,0.5,78,comfortable,2017-08-15 01:00:00
position_53,-2220.81,-469.86519999999996,1.5,2,23.7,22.2,22.2,0.5,78,comfortable,2017-08-15 02:00:00
position_53,-2220.81,-469.86519999999996,1.5,3,19.8,21.3,21.3,2.6,74,comfortable,2017-08-15 03:00:00
position_53,-2220.81,-469.86519999999996,1.5,4,16.0,20.4,20.4,4.1,71,comfortable,2017-08-15 04:00:00
position_53,-2220.81,-469.86519999999996,1.5,5,21.4,20.4,20.4,0.5,71,comfortable,2017-08-15 05:00:00
position_53,-2220.81,-469.86519999999996,1.5,6,21.2,20.6,20.6,1.0,73,comfortable,2017-08-15 06:00:00
position_53,-2220.81,-469.86519999999996,1.5,7,23.7,23.0,23.0,1.0,69,comfortable,2017-08-15 07:00:00
position_53,-2220.81,-469.86519999999996,1.5,8,27.2,25.8,25.8,0.5,69,warm,2017-08-15 08:00:00
position_53,-2220.81,-469.86519999999996,1.5,9,28.0,28.0,28.0,1.5,55,warm,2017-08-15 09:00:00
position_53,-2220.81,-469.86519999999996,1.5,10,29.8,30.0,30.0,1.5,47,warm,2017-08-15 10:00:00
position_53,-2220.81,-469.86519999999996,1.5,11,30.5,31.6,31.6,2.6,41,warm,2017-08-15 11:00:00
position_53,-2220.81,-469.86519999999996,1.5,12,31.0,33.4,33.4,5.1,37,warm,2017-08-15 12:00:00
position_53,-2220.81,-469.86519999999996,1.5,13,32.7,34.4,34.4,5.1,41,hot,2017-08-15 13:00:00
position_53,-2220.81,-469.86519999999996,1.5,14,31.8,34.0,34.0,5.7,38,warm,2017-08-15 14:00:00
position_53,-2220.81,-469.86519999999996,1.5,15,31.3,33.6,33.6,7.7,37,warm,2017-08-15 15:00:00
position_53,-2220.81,-469.86519999999996,1.5,16,29.9,32.6,32.6,7.2,40,warm,2017-08-15 16:00:00
position_53,-2220.81,-469.86519999999996,1.5,17,27.2,30.0,30.0,7.7,58,warm,2017-08-15 17:00:00
position_53,-2220.81,-469.86519999999996,1.5,18,25.9,28.8,28.8,6.7,64,comfortable,2017-08-15 18:00:00
position_53,-2220.81,-469.86519999999996,1.5,19,24.8,26.8,26.8,5.1,80,comfortable,2017-08-15 19:00:00
position_53,-2220.81,-469.86519999999996,1.5,20,27.1,25.8,25.8,2.1,85,warm,2017-08-15 20:00:00
position_53,-2220.81,-469.86519999999996,1.5,21,27.0,25.4,25.4,2.1,89,warm,2017-08-15 21:00:00
position_53,-2220.81,-469.86519999999996,1.5,22,25.8,25.0,25.0,2.6,90,comfortable,2017-08-15 22:00:00
position_53,-2220.81,-469.86519999999996,1.5,23,25.8,25.0,25.0,2.6,90,comfortable,2017-08-15 23:00:00
position_54,-2220.81,-419.86519999999996,1.5,0,23.5,19.506495782140608,23.0,0.5,77,comfortable,2017-08-15 00:00:00
position_54,-2220.81,-419.86519999999996,1.5,1,23.1,19.109565900494438,22.6,0.5,78,comfortable,2017-08-15 01:00:00
position_54,-2220.81,-419.86519999999996,1.5,2,22.6,18.63396463349748,22.2,0.5,78,comfortable,2017-08-15 02:00:00
position_54,-2220.81,-419.86519999999996,1.5,3,18.7,17.696891271651662,21.3,2.6,74,comfortable,2017-08-15 03:00:00
position_54,-2220.81,-419.86519999999996,1.5,4,14.9,16.675814190318256,20.4,4.1,71,comfortable,2017-08-15 04:00:00
position_54,-2220.81,-419.86519999999996,1.5,5,20.2,16.675814190318256,20.4,0.5,71,comfortable,2017-08-15 05:00:00
position_54,-2220.81,-419.86519999999996,1.5,6,20.7,18.96739565876497,20.6,1.0,73,comfortable,2017-08-15 06:00:00
position_54,-2220.81,-419.86519999999996,1.5,7,24.8,26.758186267895816,23.0,1.0,69,comfortable,2017-08-15 07:00:00
position_54,-2220.81,-419.86519999999996,1.5,8,29.5,34.21241267029073,25.8,0.5,69,warm,2017-08-15 08:00:00
position_54,-2220.81,-419.86519999999996,1.5,9,31.3,40.27723082277263,28.0,1.5,55,warm,2017-08-15 09:00:00
position_54,-2220.81,-419.86519999999996,1.5,10,33.7,45.28432390898399,30.0,1.5,47,hot,2017-08-15 10:00:00
position_54,-2220.81,-419.86519999999996,1.5,11,34.7,49.19895909341305,31.6,2.6,41,hot,2017-08-15 11:00:00
position_54,-2220.81,-419.86519999999996,1.5,12,35.1,52.01302405863214,33.4,5.1,37,hot,2017-08-15 12:00:00
position_54,-2220.81,-419.86519999999996,1.5,13,36.5,52.08794098043174,34.4,5.1,41,hot,2017-08-15 13:00:00
position_54,-2220.81,-419.86519999999996,1.5,14,35.2,49.851936884827225,34.0,5.7,38,hot,2017-08-15 14:00:00
position_54,-2220.81,-419.86519999999996,1.5,15,33.8,46.3698442006541,33.6,7.7,37,hot,2017-08-15 15:00:00
position_54,-2220.81,-419.86519999999996,1.5,16,31.7,41.67940795563108,32.6,7.2,40,warm,2017-08-15 16:00:00
position_54,-2220.81,-419.86519999999996,1.5,17,28.3,35.255335862048845,30.0,7.7,58,warm,2017-08-15 17:00:00
position_54,-2220.81,-419.86519999999996,1.5,18,25.9,28.94429172839605,28.8,6.7,64,comfortable,2017-08-15 18:00:00
position_54,-2220.81,-419.86519999999996,1.5,19,24.1,23.61704838549311,26.8,5.1,80,comfortable,2017-08-15 19:00:00
position_54,-2220.81,-419.86519999999996,1.5,20,26.3,22.641671491100936,25.8,2.1,85,warm,2017-08-15 20:00:00
position_54,-2220.81,-419.86519999999996,1.5,21,26.2,22.175706686310946,25.4,2.1,89,warm,2017-08-15 21:00:00
position_54,-2220.81,-419.86519999999996,1.5,22,25.0,21.78367018173107,25.0,2.6,90,comfortable,2017-08-15 22:00:00
position_54,-2220.81,-419.86519999999996,1.5,23,25.0,21.78367018173107,25.0,2.6,90,comfortable,2017-08-15 23:00:00
position_55,-2220.81,-369.86519999999996,1.5,0,24.6,23.0,23.0,0.5,77,comfortable,2017-08-15 00:00:00
position_55,-2220.81,-369.86519999999996,1.5,1,24.2,22.6,22.6,0.5,78,comfortable,2017-08-15 01:00:00
position_55,-2220.81,-369.86519999999996,1.5,2,23.7,22.2,22.2,0.5,78,comfortable,2017-08-15 02:00:00
position_55,-2220.81,-369.86519999999996,1.5,3,19.8,21.3,21.3,2.6,74,comfortable,2017-08-15 03:00:00
position_55,-2220.81,-369.86519999999996,1.5,4,16.0,20.4,20.4,4.1,71,comfortable,2017-08-15 04:00:00
position_55,-2220.81,-369.86519999999996,1.5,5,21.4,20.4,20.4,0.5,71,comfortable,2017-08-15 05:00:00
position_55,-2220.81,-369.86519999999996,1.5,6,21.2,20.6,20.6,1.0,73,comfortable,2017-08-15 06:00:00
position_55,-2220.81,-369.86519999999996,1.5,7,23.7,23.0,23.0,1.0,69,comfortable,2017-08-15 07:00:00
position_55,-2220.81,-369.86519999999996,1.5,8,27.2,25.8,25.8,0.5,69,warm,2017-08-15 08:00:00
position_55,-2220.81,-369.86519999999996,1.5,9,28.0,28.0,28.0,1.5,55,warm,2017-08-15 09:00:00
position_55,-2220.81,-369.86519999999996,1.5,10,29.8,30.0,30.0,1.5,47,warm,2017-08-15 10:00:00
position_55,-2220.81,-369.86519999999996,1.5,11,30.5,31.6,31.6,2.6,41,warm,2017-08-15 11:00:00
position_55,-2220.81,-369.86519999999996,1.5,12,31.0,33.4,33.4,5.1,37,warm,2017-08-15 12:00:00
position_55,-2220.81,-369.86519999999996,1.5,13,32.7,34.4,34.4,5.1,41,hot,2017-08-15 13:00:00
position_55,-2220.81,-369.86519999999996,1.5,14,31.8,34.0,34.0,5.7,38,warm,2017-08-15 14:00:00
position_55,-2220.81,-369.86519999999996,1.5,15,31.3,33.6,33.6,7.7,37,warm,2017-08-15 15:00:00
position_55,-2220.81,-369.86519999999996,1.5,16,29.9,32.6,32.6,7.2,40,warm,2017-08-15 16:00:00
position_55,-2220.81,-369.86519999999996,1.5,17,27.2,30.0,30.0,7.7,58,warm,2017-08-15 17:00:00
position_55,-2220.81,-369.86519999999996,1.5,18,25.9,28.8,28.8,6.7,64,comfortable,2017-08-15 18:00:00
position_55,-2220.81,-369.86519999999996,1.5,19,24.8,26.8,26.8,5.1,80,comfortable,2017-08-15 19:00:00
position_55,-2220.81,-369.86519999999996,1.5,20,27.1,25.8,25.8,2.1,85,warm,2017-08-15 20:00:00
position_55,-2220.81,-369.86519999999996,1.5,21,27.0,25.4,25.4,2.1,89,warm,2017-08-15 21:00:00
position_55,-2220.81,-369.86519999999996,1.5,22,25.8,25.0,25.0,2.6,90,comfortable,2017-08-15 22:00:00
position_55,-2220.81,-369.86519999999996,1.5,23,25.8,25.0,25.0,2.6,90,comfortable,2017-08-15 23:00:00
position_56,-2220.81,-319.86519999999996,1.5,0,23.6,19.642881437123336,23.0,0.5,77,comfortable,2017-08-15 00:00:00
position_56,-2220.81,-319.86519999999996,1.5,1,23.2,19.245831698715456,22.6,0.5,78,comfortable,2017-08-15 01:00:00
position_56,-2220.81,-319.86519999999996,1.5,2,22.7,18.77318188895854,22.2,0.5,78,comfortable,2017-08-15 02:00:00
position_56,-2220.81,-319.86519999999996,1.5,3,18.7,17.837555863203487,21.3,2.6,74,comfortable,2017-08-15 03:00:00
position_56,-2220.81,-319.86519999999996,1.5,4,14.9,16.82120560514301,20.4,4.1,71,comfortable,2017-08-15 04:00:00
position_56,-2220.81,-319.86519999999996,1.5,5,20.2,16.82120560514301,20.4,0.5,71,comfortable,2017-08-15 05:00:00
position_56,-2220.81,-319.86519999999996,1.5,6,20.8,19.03113218190088,20.6,1.0,73,comfortable,2017-08-15 06:00:00
position_56,-2220.81,-319.86519999999996,1.5,7,24.7,26.611467482478655,23.0,1.0,69,comfortable,2017-08-15 07:00:00
position_56,-2220.81,-319.86519999999996,1.5,8,29.4,33.883993884889755,25.8,0.5,69,warm,2017-08-15 08:00:00
position_56,-2220.81,-319.86519999999996,1.5,9,31.1,39.79793036606273,28.0,1.5,55,warm,2017-08-15 09:00:00
position_56,-2220.81,-319.86519999999996,1.5,10,33.6,44.68762718349035,30.0,1.5,47,hot,2017-08-15 10:00:00
position_56,-2220.81,-319.86519999999996,1.5,11,34.5,48.51189950702444,31.6,2.6,41,hot,2017-08-15 11:00:00
position_56,-2220.81,-319.86519999999996,1.5,12,34.9,51.286375593612895,33.4,5.1,37,hot,2017-08-15 12:00:00
position_56,-2220.81,-319.86519999999996,1.5,13,36.3,51.39740756026883,34.4,5.1,41,hot,2017-08-15 13:00:00
position_56,-2220.81,-319.86519999999996,1.5,14,35.0,49.233080670562586,34.0,5.7,38,hot,2017-08-15 14:00:00
position_56,-2220.81,-319.86519999999996,1.5,15,33.7,45.87131222338323,33.6,7.7,37,hot,2017-08-15 15:00:00
position_56,-2220.81,-319.86519999999996,1.5,16,31.6,41.32494981742311,32.6,7.2,40,warm,2017-08-15 16:00:00
position_56,-2220.81,-319.86519999999996,1.5,17,28.2,35.05016867775418,30.0,7.7,58,warm,2017-08-15 17:00:00
position_56,-2220.81,-319.86519999999996,1.5,18,25.9,28.9386586102835,28.8,6.7,64,comfortable,2017-08-15 18:00:00
position_56,-2220.81,-319.86519999999996,1.5,19,24.1,23.741310133483452,26.8,5.1,80,comfortable,2017-08-15 19:00:00
position_56,-2220.81,-319.86519999999996,1.5,20,26.4,22.764971958332303,25.8,2.1,85,warm,2017-08-15 20:00:00
position_56,-2220.81,-319.86519999999996,1.5,21,26.2,22.30158240536571,25.4,2.1,89,warm,2017-08-15 21:00:00
position_56,-2220.81,-319.86519999999996,1.5,22,25.0,21.909235007633548,25.0,2.6,90,comfortable,2017-08-15 22:00:00
position_56,-2220.81,-319.86519999999996,1.5,23,25.0,21.909235007633548,25.0,2.6,90,comfortable,2017-08-15 23:00:00
position_57,-2220.81,-269.86519999999996,1.5,0,24.6,23.0,23.0,0.5,77,comfortable,2017-08-15 00:00:00
position_57,-2220.81,-269.86519999999996,1.5,1,24.2,22.6,22.6,0.5,78,comfortable,2017-08-15 01:00:00
position_57,-2220.81,-269.86519999999996,1.5,2,23.7,22.2,22.2,0.5,78,comfortable,2017-08-15 02:00:00
position_57,-2220.81,-269.86519999999996,1.5,3,19.8,21.3,21.3,2.6,74,comfortable,2017-08-15 03:00:00
position_57,-2220.81,-269.86519999999996,1.5,4,16.0,20.4,20.4,4.1,71,comfortable,2017-08-15 04:00:00
position_57,-2220.81,-269.86519999999996,1.5,5,21.4,20.4,20.4,0.5,71,comfortable,2017-08-15 05:00:00
position_57,-2220.81,-269.86519999999996,1.5,6,21.2,20.6,20.6,1.0,73,comfortable,2017-08-15 06:00:00
position_57,-2220.81,-269.86519999999996,1.5,7,23.7,23.0,23.0,1.0,69,comfortable,2017-08-15 07:00:00
position_57,-2220.81,-269.86519999999996,1.5,8,27.2,25.8,25.8,0.5,69,warm,2017-08-15 08:00:00
position_57,-2220.81,-269.86519999999996,1.5,9,28.0,28.0,28.0,1.5,55,warm,2017-08-15 09:00:00
position_57,-2220.81,-269.86519999999996,1.5,10,29.8,30.0,30.0,1.5,47,warm,2017-08-15 10:00:00
position_57,-2220.81,-269.86519999999996,1.5,11,30.5,31.6,31.6,2.6,41,warm,2017-08-15 11:00:00
position_57,-2220.81,-269.86519999999996,1.5,12,31.0,33.4,33.4,5.1,37,warm,2017-08-15 12:00:00
position_57,-2220.81,-269.86519999999996,1.5,13,32.7,34.4,34.4,5.1,41,hot,2017-08-15 13:00:00
position_57,-2220.81,-269.86519999999996,1.5,14,31.8,34.0,34.0,5.7,38,warm,2017-08-15 14:00:00
position_57,-2220.81,-269.86519999999996,1.5,15,31.3,33.6,33.6,7.7,37,warm,2017-08-15 15:00:00
position_57,-2220.81,-269.86519999999996,1.5,16,29.9,32.6,32.6,7.2,40,warm,2017-08-15 16:00:00
position_57,-2220.81,-269.86519999999996,1.5,17,27.2,30.0,30.0,7.7,58,warm,2017-08-15 17:00:00
position_57,-2220.81,-269.86519999999996,1.5,18,25.9,28.8,28.8,6.7,64,comfortable,2017-08-15 18:00:00
position_57,-2220.81,-269.86519999999996,1.5,19,24.8,26.8,26.8,5.1,80,comfortable,2017-08-15 19:00:00
position_57,-2220.81,-269.86519999999996,1.5,20,27.1,25.8,25.8,2.1,85,warm,2017-08-15 20:00:00
position_57,-2220.81,-269.86519999999996,1.5,21,27.0,25.4,25.4,2.1,89,warm,2017-08-15 21:00:00
position_57,-2220.81,-269.86519999999996,1.5,22,25.8,25.0,25.0,2.6,90,comfortable,2017-08-15 22:00:00
position_57,-2220.81,-269.86519999999996,1.5,23,25.8,25.0,25.0,2.6,90,comfortable,2017-08-15 23:00:00
position_58,-2220.81,-219.86519999999996,1.5,0,24.6,23.0,23.0,0.5,77,comfortable,2017-08-15 00:00:00
position_58,-2220.81,-219.86519999999996,1.5,1,24.2,22.6,22.6,0.5,78,comfortable,2017-08-15 01:00:00
position_58,-2220.81,-219.86519999999996,1.5,2,23.7,22.2,22.2,0.5,78,comfortable,2017-08-15 02:00:00
position_58,-2220.81,-219.86519999999996,1.5,3,19.8,21.3,21.3,2.6,74,comfortable,2017-08-15 03:00:00
position_58,-2220.81,-219.86519999999996,1.5,4,16.0,20.4,20.4,4.1,71,comfortable,2017-08-15 04:00:00
position_58,-2220.81,-219.86519999999996,1.5,5,21.4,20.4,20.4,0.5,71,comfortable,2017-08-15 05:00:00
position_58,-2220.81,-219.86519999999996,1.5,6,21.2,20.6,20.6,1.0,73,comfortable,2017-08-15 06:00:00
position_58,-2220.81,-219.86519999999996,1.5,7,23.7,23.0,23.0,1.0,69,comfortable,2017-08-15 07:00:00
position_58,-2220.81,-219.86519999999996,1.5,8,27.2,25.8,25.8,0.5,69,warm,2017-08-15 08:00:00
position_58,-2220.81,-219.86519999999996,1.5,9,28.0,28.0,28.0,1.5,55,warm,2017-08-15 09:00:00
position_58,-2220.81,-219.86519999999996,1.5,10,29.8,30.0,30.0,1.5,47,warm,2017-08-15 10:00:00
position_58,-2220.81,-219.86519999999996,1.5,11,30.5,31.6,31.6,2.6,41,warm,2017-08-15 11:00:00
position_58,-2220.81,-219.86519999999996,1.5,12,31.0,33.4,33.4,5.1,37,warm,2017-08-15 12:00:00
position_58,-2220.81,-219.86519999999996,1.5,13,32.7,34.4,34.4,5.1,41,hot,2017-08-15 13:00:00
position_58,-2220.81,-219.86519999999996,1.5,14,31.8,34.0,34.0,5.7,38,warm,2017-08-15 14:00:00
position_58,-2220.81,-219.86519999999996,1.5,15,31.3,33.6,33.6,7.7,37,warm,2017-08-15 15:00:00
position_58,-2220.81,-219.86519999999996,1.5,16,29.9,32.6,32.6,7.2,40,warm,2017-08-15 16:00:00
position_58,-2220.81,-219.86519999999996,1.5,17,27.2,30.0,30.0,7.7,58,warm,2017-08-15 17:00:00
position_58,-2220.81,-219.86519999999996,1.5,18,25.9,28.8,28.8,6.7,64,comfortable,2017-08-15 18:00:00
position_58,-2220.81,-219.86519999999996,1.5,19,24.8,26.8,26.8,5.1,80,comfortable,2017-08-15 19:00:00
position_58,-2220.81,-219.86519999999996,1.5,20,27.1,25.8,25.8,2.1,85,warm,2017-08-15 20:00:00
position_58,-2220.81,-219.86519999999996,1.5,21,27.0,25.4,25.4,2.1,89,warm,2017-08-15 21:00:00
position_58,-2220.81,-219.86519999999996,1.5,22,25.8,25.0,25.0,2.6,90,comfortable,2017-08-15 22:00:00
position_58,-2220.81,-219.86519999999996,1.5,23,25.8,25.0,25.0,2.6,90,comfortable,2017-08-15 23:00:00
position_59,-2220.81,-169.86519999999996,1.5,0,23.4,19.09255098778501,23.0,0.5,77,comfortable,2017-08-15 00:00:00
position_59,-2220.81,-169.86519999999996,1.5,1,23.0,18.695984884005238,22.6,0.5,78,comfortable,2017-08-15 01:00:00
position_59,-2220.81,-169.86519999999996,1.5,2,22.5,18.211425634143943,22.2,0.5,78,comfortable,2017-08-15 02:00:00
position_59,-2220.81,-169.86519999999996,1.5,3,18.6,17.269959455175737,21.3,2.6,74,comfortable,2017-08-15 03:00:00
position_59,-2220.81,-169.86519999999996,1.5,4,14.8,16.23453596851169,20.4,4.1,71,comfortable,2017-08-15 04:00:00
position_59,-2220.81,-169.86519999999996,1.5,5,20.0,16.23453596851169,20.4,0.5,71,comfortable,2017-08-15 05:00:00
position_59,-2220.81,-169.86519999999996,1.5,6,20.7,18.773948613577005,20.6,1.0,73,comfortable,2017-08-15 06:00:00
position_59,-2220.81,-169.86519999999996,1.5,7,24.9,27.203493198931206,23.0,1.0,69,comfortable,2017-08-15 07:00:00
position_59,-2220.81,-169.86519999999996,1.5,8,29.8,35.20919819441747,25.8,0.5,69,warm,2017-08-15 08:00:00
position_59,-2220.81,-169.86519999999996,1.5,9,31.6,41.73195807405467,28.0,1.5,55,warm,2017-08-15 09:00:00
position_59,-2220.81,-169.86519999999996,1.5,10,34.2,47.0953611720921,30.0,1.5,47,hot,2017-08-15 10:00:00
position_59,-2220.81,-169.86519999999996,1.5,11,35.2,51.28425713471876,31.6,2.6,41,hot,2017-08-15 11:00:00
position_59,-2220.81,-169.86519999999996,1.5,12,35.6,54.218478506603944,33.4,5.1,37,hot,2017-08-15 12:00:00
position_59,-2220.81,-169.86519999999996,1.5,13,36.9,54.18378247227488,34.4,5.1,41,hot,2017-08-15 13:00:00
position_59,-2220.81,-169.86519999999996,1.5,14,35.6,51.73023052488711,34.0,5.7,38,hot,2017-08-15 14:00:00
position_59,-2220.81,-169.86519999999996,1.5,15,34.1,47.88294113769794,33.6,7.7,37,hot,2017-08-15 15:00:00
position_59,-2220.81,-169.86519999999996,1.5,16,31.9,42.75522565175717,32.6,7.2,40,warm,2017-08-15 16:00:00
position_59,-2220.81,-169.86519999999996,1.5,17,28.4,35.878039825468804,30.0,7.7,58,warm,2017-08-15 17:00:00
position_59,-2220.81,-169.86519999999996,1.5,18,25.9,28.961388833798917,28.8,6.7,64,comfortable,2017-08-15 18:00:00
position_59,-2220.81,-169.86519999999996,1.5,19,24.0,23.23990092284651,26.8,5.1,80,comfortable,2017-08-15 19:00:00
position_59,-2220.81,-169.86519999999996,1.5,20,26.2,22.267441616569766,25.8,2.1,85,warm,2017-08-15 20:00:00
position_59,-2220.81,-169.86519999999996,1.5,21,26.1,21.793660651886817,25.4,2.1,89,warm,2017-08-15 21:00:00
position_59,-2220.81,-169.86519999999996,1.5,22,24.9,21.402567740692973,25.0,2.6,90,comfortable,2017-08-15 22:00:00
position_59,-2220.81,-169.86519999999996,1.5,23,24.9,21.402567740692973,25.0,2.6,90,comfortable,2017-08-15 23:00:00
position_60,-2170.81,-619.8652,1.5,0,23.3,18.730178701863558,23.0,0.5,77,comfortable,2017-08-15 00:00:00
position_60,-2170.81,-619.8652,1.5,1,22.9,18.333931053633442,22.6,0.5,78,comfortable,2017-08-15 01:00:00
position_60,-2170.81,-619.8652,1.5,2,22.4,17.841529877089997,22.2,0.5,78,comfortable,2017-08-15 02:00:00
position_60,-2170.81,-619.8652,1.5,3,18.5,16.896218172815082,21.3,2.6,74,comfortable,2017-08-15 03:00:00
position_60,-2170.81,-619.8652,1.5,4,14.7,15.848235669187154,20.4,4.1,71,comfortable,2017-08-15 04:00:00
position_60,-2170.81,-619.8652,1.5,5,19.9,15.848235669187154,20.4,0.5,71,comfortable,2017-08-15 05:00:00
position_60,-2170.81,-619.8652,1.5,6,20.6,18.604602727542513,20.6,1.0,73,comfortable,2017-08-15 06:00:00
position_60,-2170.81,-619.8652,1.5,7,25.0,27.593320279103015,23.0,1.0,69,comfortable,2017-08-15 07:00:00
position_60,-2170.81,-619.8652,1.5,8,30.0,36.08179631348192,25.8,0.5,69,warm,2017-08-15 08:00:00
position_60,-2170.81,-619.8652,1.5,9,32.0,43.005443926823865,28.0,1.5,55,hot,2017-08-15 09:00:00
position_60,-2170.81,-619.8652,1.5,10,34.6,48.680765124189286,30.0,1.5,47,hot,2017-08-15 10:00:00
position_60,-2170.81,-619.8652,1.5,11,35.7,53.109752293395246,31.6,2.6,41,hot,2017-08-15 11:00:00
position_60,-2170.81,-619.8652,1.5,12,36.0,56.14916003879067,33.4,5.1,37,hot,2017-08-15 12:00:00
position_60,-2170.81,-619.8652,1.5,13,37.3,56.01850749523485,34.4,5.1,41,hot,2017-08-15 13:00:00
position_60,-2170.81,-619.8652,1.5,14,35.9,53.37451152385417,34.0,5.7,38,hot,2017-08-15 14:00:00
position_60,-2170.81,-619.8652,1.5,15,34.4,49.20752452024993,33.6,7.7,37,hot,2017-08-15 15:00:00
position_60,-2170.81,-619.8652,1.5,16,32.1,43.69700949128304,32.6,7.2,40,hot,2017-08-15 16:00:00
position_60,-2170.81,-619.8652,1.5,17,28.5,36.4231624160986,30.0,7.7,58,warm,2017-08-15 17:00:00
position_60,-2170.81,-619.8652,1.5,18,25.9,28.97635584691747,28.8,6.7,64,comfortable,2017-08-15 18:00:00
position_60,-2170.81,-619.8652,1.5,19,23.9,22.90974146672512,26.8,5.1,80,comfortable,2017-08-15 19:00:00
position_60,-2170.81,-619.8652,1.5,20,26.2,21.939836252417113,25.8,2.1,85,warm,2017-08-15 20:00:00
position_60,-2170.81,-619.8652,1.5,21,26.0,21.459212926708837,25.4,2.1,89,warm,2017-08-15 21:00:00
position_60,-2170.81,-619.8652,1.5,22,24.8,21.068946048592196,25.0,2.6,90,comfortable,2017-08-15 22:00:00
position_60,-2170.81,-619.8652,1.5,23,24.8,21.068946048592196,25.0,2.6,90,comfortable,2017-08-15 23:00:00
position_61,-2170.81,-569.8652,1.5,0,23.3,18.672941593276814,23.0,0.5,77,comfortable,2017-08-15 00:00:00
position_61,-2170.81,-569.8652,1.5,1,22.9,18.276744245457582,22.6,0.5,78,comfortable,2017-08-15 01:00:00
position_61,-2170.81,-569.8652,1.5,2,22.4,17.783104427808084,22.2,0.5,78,comfortable,2017-08-15 02:00:00
position_61,-2170.81,-569.8652,1.5,3,18.4,16.837185318502204,21.3,2.6,74,comfortable,2017-08-15 03:00:00
position_61,-2170.81,-569.8652,1.5,4,14.6,15.78721910407289,20.4,4.1,71,comfortable,2017-08-15 04:00:00
position_61,-2170.81,-569.8652,1.5,5,19.9,15.78721910407289,20.4,0.5,71,comfortable,2017-08-15 05:00:00
position_61,-2170.81,-569.8652,1.5,6,20.6,18.577854355097237,20.6,1.0,73,comfortable,2017-08-15 06:00:00
position_61,-2170.81,-569.8652,1.5,7,25.0,27.654893903203735,23.0,1.0,69,comfortable,2017-08-15 07:00:00
position_61,-2170.81,-569.8652,1.5,8,30.0,36.21962416410378,25.8,0.5,69,warm,2017-08-15 08:00:00
position_61,-2170.81,-569.8652,1.5,9,32.0,43.206592444165054,28.0,1.5,55,hot,2017-08-15 09:00:00
position_61,-2170.81,-569.8652,1.5,10,34.6,48.931181454812624,30.0,1.5,47,hot,2017-08-15 10:00:00
position_61,-2170.81,-569.8652,1.5,11,35.7,53.39809129911158,31.6,2.6,41,hot,2017-08-15 11:00:00
position_61,-2170.81,-569.8652,1.5,12,36.1,56.45411335006058,33.4,5.1,37,hot,2017-08-15 12:00:00
position_61,-2170.81,-569.8652,1.5,13,37.4,56.308304368356495,34.4,5.1,41,hot,2017-08-15 13:00:00
position_61,-2170.81,-569.8652,1.5,14,36.0,53.63422755000027,34.0,5.7,38,hot,2017-08-15 14:00:00
position_61,-2170.81,-569.8652,1.5,15,34.5,49.416743949673304,33.6,7.7,37,hot,2017-08-15 15:00:00
position_61,-2170.81,-569.8652,1.5,16,32.2,43.84576530397196,32.6,7.2,40,hot,2017-08-15 16:00:00
position_61,-2170.81,-569.8652,1.5,17,28.5,36.50926514007934,30.0,7.7,58,warm,2017-08-15 17:00:00
position_61,-2170.81,-569.8652,1.5,18,25.9,28.97871990340957,28.8,6.7,64,comfortable,2017-08-15 18:00:00
position_61,-2170.81,-569.8652,1.5,19,23.9,22.85759241069864,26.8,5.1,80,comfortable,2017-08-15 19:00:00
position_61,-2170.81,-569.8652,1.5,20,26.2,21.888090618078866,25.8,2.1,85,warm,2017-08-15 20:00:00
position_61,-2170.81,-569.8652,1.5,21,26.0,21.40638653378001,25.4,2.1,89,warm,2017-08-15 21:00:00
position_61,-2170.81,-569.8652,1.5,22,24.8,21.01625012851346,25.0,2.6,90,comfortable,2017-08-15 22:00:00
position_61,-2170.81,-569.8652,1.5,23,24.8,21.01625012851346,25.0,2.6,90,comfortable,2017-08-15 23:00:00
position_62,-2170.81,-519.8652,1.5,0,23.3,18.854094485986394,23.0,0.5,77,comfortable,2017-08-15 00:00:00
position_62,-2170.81,-519.8652,1.5,1,22.9,18.45773793961291,22.6,0.5,78,comfortable,2017-08-15 01:00:00
position_62,-2170.81,-519.8652,1.5,2,22.4,17.968018365751583,22.2,0.5,78,comfortable,2017-08-15 02:00:00
position_62,-2170.81,-519.8652,1.5,3,18.5,17.024021666244582,21.3,2.6,74,comfortable,2017-08-15 03:00:00
position_62,-2170.81,-519.8652,1.5,4,14.7,15.980333807917503,20.4,4.1,71,comfortable,2017-08-15 04:00:00
position_62,-2170.81,-519.8652,1.5,5,19.9,15.980333807917503,20.4,0.5,71,comfortable,2017-08-15 05:00:00
position_62,-2170.81,-519.8652,1.5,6,20.6,18.662511759417235,20.6,1.0,73,comfortable,2017-08-15 06:00:00
position_62,-2170.81,-519.8652,1.5,7,25.0,27.46001613254288,23.0,1.0,69,comfortable,2017-08-15 07:00:00
position_62,-2170.81,-519.8652,1.5,8,29.9,35.78340517169515,25.8,0.5,69,warm,2017-08-15 08:00:00
position_62,-2170.81,-519.8652,1.5,9,31.8,42.56996636922324,28.0,1.5,55,warm,2017-08-15 09:00:00
position_62,-2170.81,-519.8652,1.5,10,34.4,48.138624950925184,30.0,1.5,47,hot,2017-08-15 10:00:00
position_62,-2170.81,-519.8652,1.5,11,35.5,52.485511222021294,31.6,2.6,41,hot,2017-08-15 11:00:00
position_62,-2170.81,-519.8652,1.5,12,35.8,55.4889497378179,33.4,5.1,37,hot,2017-08-15 12:00:00
position_62,-2170.81,-519.8652,1.5,13,37.2,55.39111020603059,34.4,5.1,41,hot,2017-08-15 13:00:00
position_62,-2170.81,-519.8652,1.5,14,35.8,52.812237925068395,34.0,5.7,38,hot,2017-08-15 14:00:00
position_62,-2170.81,-519.8652,1.5,15,34.3,48.75457379840421,33.6,7.7,37,hot,2017-08-15 15:00:00
position_62,-2170.81,-519.8652,1.5,16,32.1,43.37495979961772,32.6,7.2,40,hot,2017-08-15 16:00:00
position_62,-2170.81,-519.8652,1.5,17,28.5,36.236753863664205,30.0,7.7,58,warm,2017-08-15 17:00:00
position_62,-2170.81,-519.8652,1.5,18,25.9,28.97123777018088,28.8,6.7,64,comfortable,2017-08-15 18:00:00
position_62,-2170.81,-519.8652,1.5,19,24.0,23.022641844265905,26.8,5.1,80,comfortable,2017-08-15 19:00:00
position_62,-2170.81,-519.8652,1.5,20,26.2,22.051863240017987,25.8,2.1,85,warm,2017-08-15 20:00:00
position_62,-2170.81,-519.8652,1.5,21,26.0,21.573579708396196,25.4,2.1,89,warm,2017-08-15 21:00:00
position_62,-2170.81,-519.8652,1.5,22,24.9,21.183030362385487,25.0,2.6,90,comfortable,2017-08-15 22:00:00
position_62,-2170.81,-519.8652,1.5,23,24.9,21.183030362385487,25.0,2.6,90,comfortable,2017-08-15 23:00:00
position_63,-2170.81,-469.86519999999996,1.5,0,23.8,20.47588075780287,23.0,0.5,77,comfortable,2017-08-15 00:00:00
position_63,-2170.81,-469.86519999999996,1.5,1,23.4,20.078098973190475,22.6,0.5,78,comfortable,2017-08-15 01:00:00
position_63,-2170.81,-469.86519999999996,1.5,2,22.9,19.623475706447024,22.2,0.5,78,comfortable,2017-08-15 02:00:00
position_63,-2170.81,-469.86519999999996,1.5,3,19.0,18.696689539843995,21.3,2.6,74,comfortable,2017-08-15 03:00:00
position_63,-2170.81,-469.86519999999996,1.5,4,15.2,17.70920918438303,20.4,4.1,71,comfortable,2017-08-15 04:00:00
position_63,-2170.81,-469.86519999999996,1.5,5,20.5,17.70920918438303,20.4,0.5,71,comfortable,2017-08-15 05:00:00
position_63,-2170.81,-469.86519999999996,1.5,6,20.9,19.42041418140009,20.6,1.0,73,comfortable,2017-08-15 06:00:00
position_63,-2170.81,-469.86519999999996,1.5,7,24.5,25.71535675441931,23.0,1.0,69,comfortable,2017-08-15 07:00:00
position_63,-2170.81,-469.86519999999996,1.5,8,28.9,31.878118522322737,25.8,0.5,69,warm,2017-08-15 08:00:00
position_63,-2170.81,-469.86519999999996,1.5,9,30.4,36.87051871935178,28.0,1.5,55,warm,2017-08-15 09:00:00
position_63,-2170.81,-469.86519999999996,1.5,10,32.6,41.04319722455619,30.0,1.5,47,hot,2017-08-15 10:00:00
position_63,-2170.81,-469.86519999999996,1.5,11,33.5,44.31556251835387,31.6,2.6,41,hot,2017-08-15 11:00:00
position_63,-2170.81,-469.86519999999996,1.5,12,33.9,46.84824258167318,33.4,5.1,37,hot,2017-08-15 12:00:00
position_63,-2170.81,-469.86519999999996,1.5,13,35.4,47.17985352223551,34.4,5.1,41,hot,2017-08-15 13:00:00
position_63,-2170.81,-469.86519999999996,1.5,14,34.2,45.45330774542585,34.0,5.7,38,hot,2017-08-15 14:00:00
position_63,-2170.81,-469.86519999999996,1.5,15,33.1,42.82644069011047,33.6,7.7,37,hot,2017-08-15 15:00:00
position_63,-2170.81,-469.86519999999996,1.5,16,31.2,39.1600345382175,32.6,7.2,40,warm,2017-08-15 16:00:00
position_63,-2170.81,-469.86519999999996,1.5,17,28.0,33.79707409706068,30.0,7.7,58,warm,2017-08-15 17:00:00
position_63,-2170.81,-469.86519999999996,1.5,18,25.9,28.904253352914946,28.8,6.7,64,comfortable,2017-08-15 18:00:00
position_63,-2170.81,-469.86519999999996,1.5,19,24.3,24.500260564711123,26.8,5.1,80,comfortable,2017-08-15 19:00:00
position_63,-2170.81,-469.86519999999996,1.5,20,26.6,23.518051198639554,25.8,2.1,85,warm,2017-08-15 20:00:00
position_63,-2170.81,-469.86519999999996,1.5,21,26.4,23.070390448088,25.4,2.1,89,warm,2017-08-15 21:00:00
position_63,-2170.81,-469.86519999999996,1.5,22,25.2,22.67614421587289,25.0,2.6,90,comfortable,2017-08-15 22:00:00
position_63,-2170.81,-469.86519999999996,1.5,23,25.2,22.67614421587289,25.0,2.6,90,comfortable,2017-08-15 23:00:00
position_64,-2170.81,-419.86519999999996,1.5,0,23.3,18.88882299433788,23.0,0.5,77,comfortable,2017-08-15 00:00:00
position_64,-2170.81,-419.86519999999996,1.5,1,22.9,18.492435928284372,22.6,0.5,78,comfortable,2017-08-15 01:00:00
position_64,-2170.81,-419.86519999999996,1.5,2,22.5,18.00346789759247,22.2,0.5,78,comfortable,2017-08-15 02:00:00
position_64,-2170.81,-419.86519999999996,1.5,3,18.5,17.059839739949503,21.3,2.6,74,comfortable,2017-08-15 03:00:00
position_64,-2170.81,-419.86519999999996,1.5,4,14.7,16.017355494432955,20.4,4.1,71,comfortable,2017-08-15 04:00:00
position_64,-2170.81,-419.86519999999996,1.5,5,20.0,16.017355494432955,20.4,0.5,71,comfortable,2017-08-15 05:00:00
position_64,-2170.81,-419.86519999999996,1.5,6,20.6,18.67874128426206,20.6,1.0,73,comfortable,2017-08-15 06:00:00
position_64,-2170.81,-419.86519999999996,1.5,7,25.0,27.422656451531523,23.0,1.0,69,comfortable,2017-08-15 07:00:00
position_64,-2170.81,-419.86519999999996,1.5,8,29.9,35.69977838167074,25.8,0.5,69,warm,2017-08-15 08:00:00
position_64,-2170.81,-419.86519999999996,1.5,9,31.8,42.447919883353244,28.0,1.5,55,warm,2017-08-15 09:00:00
position_64,-2170.81,-419.86519999999996,1.5,10,34.4,47.986685311692355,30.0,1.5,47,hot,2017-08-15 10:00:00
position_64,-2170.81,-419.86519999999996,1.5,11,35.5,52.310562070756916,31.6,2.6,41,hot,2017-08-15 11:00:00
position_64,-2170.81,-419.86519999999996,1.5,12,35.8,55.30391988780024,33.4,5.1,37,hot,2017-08-15 12:00:00
position_64,-2170.81,-419.86519999999996,1.5,13,37.1,55.21527649645063,34.4,5.1,41,hot,2017-08-15 13:00:00
position_64,-2170.81,-419.86519999999996,1.5,14,35.8,52.654655713008204,34.0,5.7,38,hot,2017-08-15 14:00:00
position_64,-2170.81,-419.86519999999996,1.5,15,34.3,48.62763030175623,33.6,7.7,37,hot,2017-08-15 15:00:00
position_64,-2170.81,-419.86519999999996,1.5,16,32.0,43.28470248909216,32.6,7.2,40,hot,2017-08-15 16:00:00
position_64,-2170.81,-419.86519999999996,1.5,17,28.5,36.18451119727726,30.0,7.7,58,warm,2017-08-15 17:00:00
position_64,-2170.81,-419.86519999999996,1.5,18,25.9,28.969803383335417,28.8,6.7,64,comfortable,2017-08-15 18:00:00
position_64,-2170.81,-419.86519999999996,1.5,19,24.0,23.05428318626334,26.8,5.1,80,comfortable,2017-08-15 19:00:00
position_64,-2170.81,-419.86519999999996,1.5,20,26.2,22.083259806662248,25.8,2.1,85,warm,2017-08-15 20:00:00
position_64,-2170.81,-419.86519999999996,1.5,21,26.0,21.605632023289544,25.4,2.1,89,warm,2017-08-15 21:00:00
position_64,-2170.81,-419.86519999999996,1.5,22,24.9,21.2150035131216,25.0,2.6,90,comfortable,2017-08-15 22:00:00
position_64,-2170.81,-419.86519999999996,1.5,23,24.9,21.2150035131216,25.0,2.6,90,comfortable,2017-08-15 23:00:00
position_65,-2170.81,-369.86519999999996,1.5,0,23.6,19.7383161899175,23.0,0.5,77,comfortable,2017-08-15 00:00:00
position_65,-2170.81,-369.86519999999996,1.5,1,23.2,19.341182582715465,22.6,0.5,78,comfortable,2017-08-15 01:00:00
position_65,-2170.81,-369.86519999999996,1.5,2,22.7,18.87059803115686,22.2,0.5,78,comfortable,2017-08-15 02:00:00
position_65,-2170.81,-369.86519999999996,1.5,3,18.8,17.935984767059548,21.3,2.6,74,comfortable,2017-08-15 03:00:00
position_65,-2170.81,-369.86519999999996,1.5,4,15.0,16.92294206513913,20.4,4.1,71,comfortable,2017-08-15 04:00:00
position_65,-2170.81,-369.86519999999996,1.5,5,20.2,16.92294206513913,20.4,0.5,71,comfortable,2017-08-15 05:00:00
position_65,-2170.81,-369.86519999999996,1.5,6,20.8,19.07573129557017,20.6,1.0,73,comfortable,2017-08-15 06:00:00
position_65,-2170.81,-369.86519999999996,1.5,7,24.7,26.508802205706544,23.0,1.0,69,comfortable,2017-08-15 07:00:00
position_65,-2170.81,-369.86519999999996,1.5,8,29.3,33.65418551096895,25.8,0.5,69,warm,2017-08-15 08:00:00
position_65,-2170.81,-369.86519999999996,1.5,9,31.0,39.462543769825515,28.0,1.5,55,warm,2017-08-15 09:00:00
position_65,-2170.81,-369.86519999999996,1.5,10,33.5,44.2700935030033,30.0,1.5,47,hot,2017-08-15 10:00:00
position_65,-2170.81,-369.86519999999996,1.5,11,34.4,48.031135149584024,31.6,2.6,41,hot,2017-08-15 11:00:00
position_65,-2170.81,-369.86519999999996,1.5,12,34.8,50.77790924034315,33.4,5.1,37,hot,2017-08-15 12:00:00
position_65,-2170.81,-369.86519999999996,1.5,13,36.2,50.91421241589896,34.4,5.1,41,hot,2017-08-15 13:00:00
position_65,-2170.81,-369.86519999999996,1.5,14,34.9,48.800041068040166,34.0,5.7,38,hot,2017-08-15 14:00:00
position_65,-2170.81,-369.86519999999996,1.5,15,33.7,45.522468527051245,33.6,7.7,37,hot,2017-08-15 15:00:00
position_65,-2170.81,-369.86519999999996,1.5,16,31.6,41.076920618164266,32.6,7.2,40,warm,2017-08-15 16:00:00
position_65,-2170.81,-369.86519999999996,1.5,17,28.2,34.90660460925213,30.0,7.7,58,warm,2017-08-15 17:00:00
position_65,-2170.81,-369.86519999999996,1.5,18,25.9,28.934716881700687,28.8,6.7,64,comfortable,2017-08-15 18:00:00
position_65,-2170.81,-369.86519999999996,1.5,19,24.1,23.82826128096837,26.8,5.1,80,comfortable,2017-08-15 19:00:00
position_65,-2170.81,-369.86519999999996,1.5,20,26.4,22.851250457424612,25.8,2.1,85,warm,2017-08-15 20:00:00
position_65,-2170.81,-369.86519999999996,1.5,21,26.2,22.38966291597587,25.4,2.1,89,warm,2017-08-15 21:00:00
position_65,-2170.81,-369.86519999999996,1.5,22,25.1,21.997097973289012,25.0,2.6,90,comfortable,2017-08-15 22:00:00
position_65,-2170.81,-369.86519999999996,1.5,23,25.1,21.997097973289012,25.0,2.6,90,comfortable,2017-08-15 23:00:00
position_66,-2170.81,-319.86519999999996,1.5,0,23.6,19.68168528767703,23.0,0.5,77,comfortable,2017-08-15 00:00:00
position_66,-2170.81,-319.86519999999996,1.5,1,23.2,19.284601448147082,22.6,0.5,78,comfortable,2017-08-15 01:00:00
position_66,-2170.81,-319.86519999999996,1.5,2,22.7,18.812791374106304,22.2,0.5,78,comfortable,2017-08-15 02:00:00
position_66,-2170.81,-319.86519999999996,1.5,3,18.8,17.877577138090974,21.3,2.6,74,comfortable,2017-08-15 03:00:00
position_66,-2170.81,-319.86519999999996,1.5,4,15.0,16.862571735132008,20.4,4.1,71,comfortable,2017-08-15 04:00:00
position_66,-2170.81,-319.86519999999996,1.5,5,20.2,16.862571735132008,20.4,0.5,71,comfortable,2017-08-15 05:00:00
position_66,-2170.81,-319.86519999999996,1.5,6,20.8,19.04926621893645,20.6,1.0,73,comfortable,2017-08-15 06:00:00
position_66,-2170.81,-319.86519999999996,1.5,7,24.7,26.569723694809284,23.0,1.0,69,comfortable,2017-08-15 07:00:00
position_66,-2170.81,-319.86519999999996,1.5,8,29.4,33.79055360724956,25.8,0.5,69,warm,2017-08-15 08:00:00
position_66,-2170.81,-319.86519999999996,1.5,9,31.1,39.66156189465096,28.0,1.5,55,warm,2017-08-15 09:00:00
position_66,-2170.81,-319.86519999999996,1.5,10,33.5,44.517857638703056,30.0,1.5,47,hot,2017-08-15 10:00:00
position_66,-2170.81,-319.86519999999996,1.5,11,34.5,48.3164203159388,31.6,2.6,41,hot,2017-08-15 11:00:00
position_66,-2170.81,-319.86519999999996,1.5,12,34.9,51.07963274778171,33.4,5.1,37,hot,2017-08-15 12:00:00
position_66,-2170.81,-319.86519999999996,1.5,13,36.3,51.200940009178304,34.4,5.1,41,hot,2017-08-15 13:00:00
position_66,-2170.81,-319.86519999999996,1.5,14,35.0,49.0570064048666,34.0,5.7,38,hot,2017-08-15 14:00:00
position_66,-2170.81,-319.86519999999996,1.5,15,33.7,45.729472083782724,33.6,7.7,37,hot,2017-08-15 15:00:00
position_66,-2170.81,-319.86519999999996,1.5,16,31.6,41.224100936913615,32.6,7.2,40,warm,2017-08-15 16:00:00
position_66,-2170.81,-319.86519999999996,1.5,17,28.2,34.991795407054255,30.0,7.7,58,warm,2017-08-15 17:00:00
position_66,-2170.81,-319.86519999999996,1.5,18,25.9,28.93705590013471,28.8,6.7,64,comfortable,2017-08-15 18:00:00
position_66,-2170.81,-319.86519999999996,1.5,19,24.1,23.776664543000855,26.8,5.1,80,comfortable,2017-08-15 19:00:00
position_66,-2170.81,-319.86519999999996,1.5,20,26.4,22.800052868448933,25.8,2.1,85,warm,2017-08-15 20:00:00
position_66,-2170.81,-319.86519999999996,1.5,21,26.2,22.337396014877346,25.4,2.1,89,warm,2017-08-15 21:00:00
position_66,-2170.81,-319.86519999999996,1.5,22,25.1,21.94496016318409,25.0,2.6,90,comfortable,2017-08-15 22:00:00
position_66,-2170.81,-319.86519999999996,1.5,23,25.1,21.94496016318409,25.0,2.6,90,comfortable,2017-08-15 23:00:00
position_67,-2170.81,-269.86519999999996,1.5,0,23.8,20.566953600409825,23.0,0.5,77,comfortable,2017-08-15 00:00:00
position_67,-2170.81,-269.86519999999996,1.5,1,23.4,20.169091780283463,22.6,0.5,78,comfortable,2017-08-15 01:00:00
position_67,-2170.81,-269.86519999999996,1.5,2,23.0,19.716439377709833,22.2,0.5,78,comfortable,2017-08-15 02:00:00
position_67,-2170.81,-269.86519999999996,1.5,3,19.0,18.7906196838052,21.3,2.6,74,comfortable,2017-08-15 03:00:00
position_67,-2170.81,-269.86519999999996,1.5,4,15.2,17.806295710384717,20.4,4.1,71,comfortable,2017-08-15 04:00:00
position_67,-2170.81,-269.86519999999996,1.5,5,20.5,17.806295710384717,20.4,0.5,71,comfortable,2017-08-15 05:00:00
position_67,-2170.81,-269.86519999999996,1.5,6,20.9,19.462974862291393,20.6,1.0,73,comfortable,2017-08-15 06:00:00
position_67,-2170.81,-269.86519999999996,1.5,7,24.4,25.617383863843152,23.0,1.0,69,comfortable,2017-08-15 07:00:00
position_67,-2170.81,-269.86519999999996,1.5,8,28.8,31.658813696197303,25.8,0.5,69,warm,2017-08-15 08:00:00
position_67,-2170.81,-269.86519999999996,1.5,9,30.3,36.550461195260176,28.0,1.5,55,warm,2017-08-15 09:00:00
position_67,-2170.81,-269.86519999999996,1.5,10,32.5,40.64474720448736,30.0,1.5,47,hot,2017-08-15 10:00:00
position_67,-2170.81,-269.86519999999996,1.5,11,33.4,43.85677182236247,31.6,2.6,41,hot,2017-08-15 11:00:00
position_67,-2170.81,-269.86519999999996,1.5,12,33.8,46.363016028384536,33.4,5.1,37,hot,2017-08-15 12:00:00
position_67,-2170.81,-269.86519999999996,1.5,13,35.3,46.71874314008202,34.4,5.1,41,hot,2017-08-15 13:00:00
position_67,-2170.81,-269.86519999999996,1.5,14,34.1,45.04006051201851,34.0,5.7,38,hot,2017-08-15 14:00:00
position_67,-2170.81,-269.86519999999996,1.5,15,33.1,42.49354113182281,33.6,7.7,37,hot,2017-08-15 15:00:00
position_67,-2170.81,-269.86519999999996,1.5,16,31.1,38.92334168195005,32.6,7.2,40,warm,2017-08-15 16:00:00
position_67,-2170.81,-269.86519999999996,1.5,17,27.9,33.6600717218054,30.0,7.7,58,warm,2017-08-15 17:00:00
position_67,-2170.81,-269.86519999999996,1.5,18,25.9,28.900491783713882,28.8,6.7,64,comfortable,2017-08-15 18:00:00
position_67,-2170.81,-269.86519999999996,1.5,19,24.3,24.58323755095079,26.8,5.1,80,comfortable,2017-08-15 19:00:00
position_67,-2170.81,-269.86519999999996,1.5,20,26.6,23.600386280338203,25.8,2.1,85,warm,2017-08-15 20:00:00
position_67,-2170.81,-269.86519999999996,1.5,21,26.4,23.15444517914431,25.4,2.1,89,warm,2017-08-15 21:00:00
position_67,-2170.81,-269.86519999999996,1.5,22,25.3,22.7599913450144,25.0,2.6,90,comfortable,2017-08-15 22:00:00
position_67,-2170.81,-269.86519999999996,1.5,23,25.3,22.7599913450144,25.0,2.6,90,comfortable,2017-08-15 23:00:00
position_68,-2170.81,-219.86519999999996,1.5,0,24.6,23.0,23.0,0.5,77,comfortable,2017-08-15 00:00:00
position_68,-2170.81,-219.86519999999996,1.5,1,24.2,22.6,22.6,0.5,78,comfortable,2017-08-15 01:00:00
position_68,-2170.81,-219.86519999999996,1.5,2,23.7,22.2,22.2,0.5,78,comfortable,2017-08-15 02:00:00
position_68,-2170.81,-219.86519999999996,1.5,3,19.8,21.3,21.3,2.6,74,comfortable,2017-08-15 03:00:00
position_68,-2170.81,-219.86519999999996,1.5,4,16.0,20.4,20.4,4.1,71,comfortable,2017-08-15 04:00:00
position_68,-2170.81,-219.86519999999996,1.5,5,21.4,20.4,20.4,0.5,71,comfortable,2017-08-15 05:00:00
position_68,-2170.81,-219.86519999999996,1.5,6,21.2,20.6,20.6,1.0,73,comfortable,2017-08-15 06:00:00
position_68,-2170.81,-219.86519999999996,1.5,7,23.7,23.0,23.0,1.0,69,comfortable,2017-08-15 07:00:00
position_68,-2170.81,-219.86519999999996,1.5,8,27.2,25.8,25.8,0.5,69,warm,2017-08-15 08:00:00
position_68,-2170.81,-219.86519999999996,1.5,9,28.0,28.0,28.0,1.5,55,warm,2017-08-15 09:00:00
position_68,-2170.81,-219.86519999999996,1.5,10,29.8,30.0,30.0,1.5,47,warm,2017-08-15 10:00:00
position_68,-2170.81,-219.86519999999996,1.5,11,30.5,31.6,31.6,2.6,41,warm,2017-08-15 11:00:00
position_68,-2170.81,-219.86519999999996,1.5,12,31.0,33.4,33.4,5.1,37,warm,2017-08-15 12:00:00
position_68,-2170.81,-219.86519999999996,1.5,13,32.7,34.4,34.4,5.1,41,hot,2017-08-15 13:00:00
position_68,-2170.81,-219.86519999999996,1.5,14,31.8,34.0,34.0,5.7,38,warm,2017-08-15 14:00:00
position_68,-2170.81,-219.86519999999996,1.5,15,31.3,33.6,33.6,7.7,37,warm,2017-08-15 15:00:00
position_68,-2170.81,-219.86519999999996,1.5,16,29.9,32.6,32.6,7.2,40,warm,2017-08-15 16:00:00
position_68,-2170.81,-219.86519999999996,1.5,17,27.2,30.0,30.0,7.7,58,warm,2017-08-15 17:00:00
position_68,-2170.81,-219.86519999999996,1.5,18,25.9,28.8,28.8,6.7,64,comfortable,2017-08-15 18:00:00
position_68,-2170.81,-219.86519999999996,1.5,19,24.8,26.8,26.8,5.1,80,comfortable,2017-08-15 19:00:00
position_68,-2170.81,-219.86519999999996,1.5,20,27.1,25.8,25.8,2.1,85,warm,2017-08-15 20:00:00
position_68,-2170.81,-219.86519999999996,1.5,21,27.0,25.4,25.4,2.1,89,warm,2017-08-15 21:00:00
position_68,-2170.81,-219.86519999999996,1.5,22,25.8,25.0,25.0,2.6,90,comfortable,2017-08-15 22:00:00
position_68,-2170.81,-219.86519999999996,1.5,23,25.8,25.0,25.0,2.6,90,comfortable,2017-08-15 23:00:00
position_69,-2170.81,-169.86519999999996,1.5,0,23.4,19.212482136538828,23.0,0.5,77,comfortable,2017-08-15 00:00:00
position_69,-2170.81,-169.86519999999996,1.5,1,23.0,18.815810636343873,22.6,0.5,78,comfortable,2017-08-15 01:00:00
position_69,-2170.81,-169.86519999999996,1.5,2,22.6,18.333846759561517,22.2,0.5,78,comfortable,2017-08-15 02:00:00
position_69,-2170.81,-169.86519999999996,1.5,3,18.6,17.393653300074114,21.3,2.6,74,comfortable,2017-08-15 03:00:00
position_69,-2170.81,-169.86519999999996,1.5,4,14.8,16.362386360116904,20.4,4.1,71,comfortable,2017-08-15 04:00:00
position_69,-2170.81,-169.86519999999996,1.5,5,20.1,16.362386360116904,20.4,0.5,71,comfortable,2017-08-15 05:00:00
position_69,-2170.81,-169.86519999999996,1.5,6,20.7,18.829995522896255,20.6,1.0,73,comfortable,2017-08-15 06:00:00
position_69,-2170.81,-169.86519999999996,1.5,7,24.9,27.074475579878285,23.0,1.0,69,comfortable,2017-08-15 07:00:00
position_69,-2170.81,-169.86519999999996,1.5,8,29.7,34.920402116776735,25.8,0.5,69,warm,2017-08-15 08:00:00
position_69,-2170.81,-169.86519999999996,1.5,9,31.5,41.310483730739556,28.0,1.5,55,warm,2017-08-15 09:00:00
position_69,-2170.81,-169.86519999999996,1.5,10,34.0,46.57065405567905,30.0,1.5,47,hot,2017-08-15 10:00:00
position_69,-2170.81,-169.86519999999996,1.5,11,35.1,50.68008915628771,31.6,2.6,41,hot,2017-08-15 11:00:00
position_69,-2170.81,-169.86519999999996,1.5,12,35.4,53.579497924951184,33.4,5.1,37,hot,2017-08-15 12:00:00
position_69,-2170.81,-169.86519999999996,1.5,13,36.8,53.576559767339184,34.4,5.1,41,hot,2017-08-15 13:00:00
position_69,-2170.81,-169.86519999999996,1.5,14,35.4,51.18603739328838,34.0,5.7,38,hot,2017-08-15 14:00:00
position_69,-2170.81,-169.86519999999996,1.5,15,34.0,47.44455549712468,33.6,7.7,37,hot,2017-08-15 15:00:00
position_69,-2170.81,-169.86519999999996,1.5,16,31.9,42.44353178845605,32.6,7.2,40,warm,2017-08-15 16:00:00
position_69,-2170.81,-169.86519999999996,1.5,17,28.4,35.69762542556611,30.0,7.7,58,warm,2017-08-15 17:00:00
position_69,-2170.81,-169.86519999999996,1.5,18,25.9,28.956435333913692,28.8,6.7,64,comfortable,2017-08-15 18:00:00
position_69,-2170.81,-169.86519999999996,1.5,19,24.0,23.349170876380306,26.8,5.1,80,comfortable,2017-08-15 19:00:00
position_69,-2170.81,-169.86519999999996,1.5,20,26.3,22.37586626488643,25.8,2.1,85,warm,2017-08-15 20:00:00
position_69,-2170.81,-169.86519999999996,1.5,21,26.1,21.904349855882373,25.4,2.1,89,warm,2017-08-15 21:00:00
position_69,-2170.81,-169.86519999999996,1.5,22,24.9,21.512983559830726,25.0,2.6,90,comfortable,2017-08-15 22:00:00
position_69,-2170.81,-169.86519999999996,1.5,23,24.9,21.512983559830726,25.0,2.6,90,comfortable,2017-08-15 23:00:00
position_70,-2120.81,-619.8652,1.5,0,23.3,18.791466946321616,23.0,0.5,77,comfortable,2017-08-15 00:00:00
position_70,-2120.81,-619.8652,1.5,1,22.9,18.395165437511277,22.6,0.5,78,comfortable,2017-08-15 01:00:00
position_70,-2120.81,-619.8652,1.5,2,22.4,17.904090570782877,22.2,0.5,78,comfortable,2017-08-15 02:00:00
position_70,-2120.81,-619.8652,1.5,3,18.5,16.95942926253499,21.3,2.6,74,comfortable,2017-08-15 03:00:00
position_70,-2120.81,-619.8652,1.5,4,14.7,15.913570873061865,20.4,4.1,71,comfortable,2017-08-15 04:00:00
position_70,-2120.81,-619.8652,1.5,5,19.9,15.913570873061865,20.4,0.5,71,comfortable,2017-08-15 05:00:00
position_70,-2120.81,-619.8652,1.5,6,20.6,18.633244299937758,20.6,1.0,73,comfortable,2017-08-15 06:00:00
position_70,-2120.81,-619.8652,1.5,7,25.0,27.52738858864499,23.0,1.0,69,comfortable,2017-08-15 07:00:00
position_70,-2120.81,-619.8652,1.5,8,30.0,35.934213264466806,25.8,0.5,69,warm,2017-08-15 08:00:00
position_70,-2120.81,-619.8652,1.5,9,31.9,42.790058492311594,28.0,1.5,55,warm,2017-08-15 09:00:00
position_70,-2120.81,-619.8652,1.5,10,34.5,48.4126247923926,30.0,1.5,47,hot,2017-08-15 10:00:00
position_70,-2120.81,-619.8652,1.5,11,35.6,52.801005190240076,31.6,2.6,41,hot,2017-08-15 11:00:00
position_70,-2120.81,-619.8652,1.5,12,35.9,55.82262270049938,33.4,5.1,37,hot,2017-08-15 12:00:00
position_70,-2120.81,-619.8652,1.5,13,37.2,55.708199339536485,34.4,5.1,41,hot,2017-08-15 13:00:00
position_70,-2120.81,-619.8652,1.5,14,35.8,53.096413281417725,34.0,5.7,38,hot,2017-08-15 14:00:00
position_70,-2120.81,-619.8652,1.5,15,34.4,48.983496929540294,33.6,7.7,37,hot,2017-08-15 15:00:00
position_70,-2120.81,-619.8652,1.5,16,32.1,43.537725019412534,32.6,7.2,40,hot,2017-08-15 16:00:00
position_70,-2120.81,-619.8652,1.5,17,28.5,36.33096550178664,30.0,7.7,58,warm,2017-08-15 17:00:00
position_70,-2120.81,-619.8652,1.5,18,25.9,28.973824466912838,28.8,6.7,64,comfortable,2017-08-15 18:00:00
position_70,-2120.81,-619.8652,1.5,19,24.0,22.965581535745443,26.8,5.1,80,comfortable,2017-08-15 19:00:00
position_70,-2120.81,-619.8652,1.5,20,26.2,21.99524434631398,25.8,2.1,85,warm,2017-08-15 20:00:00
position_70,-2120.81,-619.8652,1.5,21,26.0,21.51577827327508,25.4,2.1,89,warm,2017-08-15 21:00:00
position_70,-2120.81,-619.8652,1.5,22,24.8,21.12537168768319,25.0,2.6,90,comfortable,2017-08-15 22:00:00
position_70,-2120.81,-619.8652,1.5,23,24.8,21.12537168768319,25.0,2.6,90,comfortable,2017-08-15 23:00:00
position_71,-2120.81,-569.8652,1.5,0,23.3,18.73151799707028,23.0,0.5,77,comfortable,2017-08-15 00:00:00
position_71,-2120.81,-569.8652,1.5,1,22.9,18.33526917185724,22.6,0.5,78,comfortable,2017-08-15 01:00:00
position_71,-2120.81,-569.8652,1.5,2,22.4,17.842896978365825,22.2,0.5,78,comfortable,2017-08-15 02:00:00
position_71,-2120.81,-569.8652,1.5,3,18.5,16.897599486804776,21.3,2.6,74,comfortable,2017-08-15 03:00:00
position_71,-2120.81,-569.8652,1.5,4,14.7,15.849663400168083,20.4,4.1,71,comfortable,2017-08-15 04:00:00
position_71,-2120.81,-569.8652,1.5,5,19.9,15.849663400168083,20.4,0.5,71,comfortable,2017-08-15 05:00:00
position_71,-2120.81,-569.8652,1.5,6,20.6,18.605228614626753,20.6,1.0,73,comfortable,2017-08-15 06:00:00
position_71,-2120.81,-569.8652,1.5,7,25.0,27.59187951345893,23.0,1.0,69,comfortable,2017-08-15 07:00:00
position_71,-2120.81,-569.8652,1.5,8,30.0,36.07857126972537,25.8,0.5,69,warm,2017-08-15 08:00:00
position_71,-2120.81,-569.8652,1.5,9,32.0,43.000737238247766,28.0,1.5,55,hot,2017-08-15 09:00:00
position_71,-2120.81,-569.8652,1.5,10,34.6,48.67490561451854,30.0,1.5,47,hot,2017-08-15 10:00:00
position_71,-2120.81,-569.8652,1.5,11,35.7,53.10300542833163,31.6,2.6,41,hot,2017-08-15 11:00:00
position_71,-2120.81,-569.8652,1.5,12,36.0,56.14202441440044,33.4,5.1,37,hot,2017-08-15 12:00:00
position_71,-2120.81,-569.8652,1.5,13,37.3,56.011726517427306,34.4,5.1,41,hot,2017-08-15 13:00:00
position_71,-2120.81,-569.8652,1.5,14,35.9,53.36843440994127,34.0,5.7,38,hot,2017-08-15 14:00:00
position_71,-2120.81,-569.8652,1.5,15,34.4,49.20262897982347,33.6,7.7,37,hot,2017-08-15 15:00:00
position_71,-2120.81,-569.8652,1.5,16,32.1,43.69352874335874,32.6,7.2,40,hot,2017-08-15 16:00:00
position_71,-2120.81,-569.8652,1.5,17,28.5,36.421147692288116,30.0,7.7,58,warm,2017-08-15 17:00:00
position_71,-2120.81,-569.8652,1.5,18,25.9,28.976300530190155,28.8,6.7,64,comfortable,2017-08-15 18:00:00
position_71,-2120.81,-569.8652,1.5,19,23.9,22.910961706225258,26.8,5.1,80,comfortable,2017-08-15 19:00:00
position_71,-2120.81,-569.8652,1.5,20,26.2,21.941047052224253,25.8,2.1,85,warm,2017-08-15 20:00:00
position_71,-2120.81,-569.8652,1.5,21,26.0,21.460449015263706,25.4,2.1,89,warm,2017-08-15 21:00:00
position_71,-2120.81,-569.8652,1.5,22,24.8,21.070179084203495,25.0,2.6,90,comfortable,2017-08-15 22:00:00
position_71,-2120.81,-569.8652,1.5,23,24.8,21.070179084203495,25.0,2.6,90,comfortable,2017-08-15 23:00:00
position_72,-2120.81,-519.8652,1.5,0,23.4,19.166025890108145,23.0,0.5,77,comfortable,2017-08-15 00:00:00
position_72,-2120.81,-519.8652,1.5,1,23.0,18.76939521601956,22.6,0.5,78,comfortable,2017-08-15 01:00:00
position_72,-2120.81,-519.8652,1.5,2,22.5,18.286426001653204,22.2,0.5,78,comfortable,2017-08-15 02:00:00
position_72,-2120.81,-519.8652,1.5,3,18.6,17.345739544554657,21.3,2.6,74,comfortable,2017-08-15 03:00:00
position_72,-2120.81,-519.8652,1.5,4,14.8,16.31286253448539,20.4,4.1,71,comfortable,2017-08-15 04:00:00
position_72,-2120.81,-519.8652,1.5,5,20.0,16.31286253448539,20.4,0.5,71,comfortable,2017-08-15 05:00:00
position_72,-2120.81,-519.8652,1.5,6,20.7,18.80828532451937,20.6,1.0,73,comfortable,2017-08-15 06:00:00
position_72,-2120.81,-519.8652,1.5,7,24.9,27.124451539976242,23.0,1.0,69,comfortable,2017-08-15 07:00:00
position_72,-2120.81,-519.8652,1.5,8,29.7,35.03226948309899,25.8,0.5,69,warm,2017-08-15 08:00:00
position_72,-2120.81,-519.8652,1.5,9,31.6,41.47374503658639,28.0,1.5,55,warm,2017-08-15 09:00:00
position_72,-2120.81,-519.8652,1.5,10,34.1,46.77390336461425,30.0,1.5,47,hot,2017-08-15 10:00:00
position_72,-2120.81,-519.8652,1.5,11,35.1,50.91411823699914,31.6,2.6,41,hot,2017-08-15 11:00:00
position_72,-2120.81,-519.8652,1.5,12,35.5,53.827011933397955,33.4,5.1,37,hot,2017-08-15 12:00:00
position_72,-2120.81,-519.8652,1.5,13,36.8,53.81177211969232,34.4,5.1,41,hot,2017-08-15 13:00:00
position_72,-2120.81,-519.8652,1.5,14,35.5,51.396834759028046,34.0,5.7,38,hot,2017-08-15 14:00:00
position_72,-2120.81,-519.8652,1.5,15,34.1,47.61436752312261,33.6,7.7,37,hot,2017-08-15 15:00:00
position_72,-2120.81,-519.8652,1.5,16,31.9,42.56426878693316,32.6,7.2,40,warm,2017-08-15 16:00:00
position_72,-2120.81,-519.8652,1.5,17,28.4,35.76751032126346,30.0,7.7,58,warm,2017-08-15 17:00:00
position_72,-2120.81,-519.8652,1.5,18,25.9,28.95835410992604,28.8,6.7,64,comfortable,2017-08-15 18:00:00
position_72,-2120.81,-519.8652,1.5,19,24.0,23.306844325341796,26.8,5.1,80,comfortable,2017-08-15 19:00:00
position_72,-2120.81,-519.8652,1.5,20,26.3,22.3338671492797,25.8,2.1,85,warm,2017-08-15 20:00:00
position_72,-2120.81,-519.8652,1.5,21,26.1,21.861473547338132,25.4,2.1,89,warm,2017-08-15 21:00:00
position_72,-2120.81,-519.8652,1.5,22,24.9,21.4702131489991,25.0,2.6,90,comfortable,2017-08-15 22:00:00
position_72,-2120.81,-519.8652,1.5,23,24.9,21.4702131489991,25.0,2.6,90,comfortable,2017-08-15 23:00:00
position_73,-2120.81,-469.86519999999996,1.5,0,23.4,19.06867888601213,23.0,0.5,77,comfortable,2017-08-15 00:00:00
position_73,-2120.81,-469.86519999999996,1.5,1,23.0,18.67213376121885,22.6,0.5,78,comfortable,2017-08-15 01:00:00
position_73,-2120.81,-469.86519999999996,1.5,2,22.5,18.187057906531177,22.2,0.5,78,comfortable,2017-08-15 02:00:00
position_73,-2120.81,-469.86519999999996,1.5,3,18.6,17.245338394802552,21.3,2.6,74,comfortable,2017-08-15 03:00:00
position_73,-2120.81,-469.86519999999996,1.5,4,14.8,16.209087554218854,20.4,4.1,71,comfortable,2017-08-15 04:00:00
position_73,-2120.81,-469.86519999999996,1.5,5,20.0,16.209087554218854,20.4,0.5,71,comfortable,2017-08-15 05:00:00
position_73,-2120.81,-469.86519999999996,1.5,6,20.7,18.762792566651523,20.6,1.0,73,comfortable,2017-08-15 06:00:00
position_73,-2120.81,-469.86519999999996,1.5,7,24.9,27.22917394796538,23.0,1.0,69,comfortable,2017-08-15 07:00:00
position_73,-2120.81,-469.86519999999996,1.5,8,29.8,35.266682587993984,25.8,0.5,69,warm,2017-08-15 08:00:00
position_73,-2120.81,-469.86519999999996,1.5,9,31.6,41.81585186247265,28.0,1.5,55,warm,2017-08-15 09:00:00
position_73,-2120.81,-469.86519999999996,1.5,10,34.2,47.19980327753446,30.0,1.5,47,hot,2017-08-15 10:00:00
position_73,-2120.81,-469.86519999999996,1.5,11,35.2,51.40451579661674,31.6,2.6,41,hot,2017-08-15 11:00:00
position_73,-2120.81,-469.86519999999996,1.5,12,35.6,54.345666561038605,33.4,5.1,37,hot,2017-08-15 12:00:00
position_73,-2120.81,-469.86519999999996,1.5,13,36.9,54.30464917255795,34.4,5.1,41,hot,2017-08-15 13:00:00
position_73,-2120.81,-469.86519999999996,1.5,14,35.6,51.83855129023138,34.0,5.7,38,hot,2017-08-15 14:00:00
position_73,-2120.81,-469.86519999999996,1.5,15,34.2,47.97020109256603,33.6,7.7,37,hot,2017-08-15 15:00:00
position_73,-2120.81,-469.86519999999996,1.5,16,31.9,42.81726781264718,32.6,7.2,40,warm,2017-08-15 16:00:00
position_73,-2120.81,-469.86519999999996,1.5,17,28.4,35.913951020854846,30.0,7.7,58,warm,2017-08-15 17:00:00
position_73,-2120.81,-469.86519999999996,1.5,18,25.9,28.962374819963653,28.8,6.7,64,comfortable,2017-08-15 18:00:00
position_73,-2120.81,-469.86519999999996,1.5,19,24.0,23.218150914791206,26.8,5.1,80,comfortable,2017-08-15 19:00:00
position_73,-2120.81,-469.86519999999996,1.5,20,26.2,22.245859865154895,25.8,2.1,85,warm,2017-08-15 20:00:00
position_73,-2120.81,-469.86519999999996,1.5,21,26.1,21.771628144315617,25.4,2.1,89,warm,2017-08-15 21:00:00
position_73,-2120.81,-469.86519999999996,1.5,22,24.9,21.380589649936887,25.0,2.6,90,comfortable,2017-08-15 22:00:00
position_73,-2120.81,-469.86519999999996,1.5,23,24.9,21.380589649936887,25.0,2.6,90,comfortable,2017-08-15 23:00:00
position_74,-2120.81,-419.86519999999996,1.5,0,23.3,18.73151799707028,23.0,0.5,77,comfortable,2017-08-15 00:00:00
position_74,-2120.81,-419.86519999999996,1.5,1,22.9,18.33526917185724,22.6,0.5,78,comfortable,2017-08-15 01:00:00
position_74,-2120.81,-419.86519999999996,1.5,2,22.4,17.842896978365825,22.2,0.5,78,comfortable,2017-08-15 02:00:00
position_74,-2120.81,-419.86519999999996,1.5,3,18.5,16.897599486804776,21.3,2.6,74,comfortable,2017-08-15 03:00:00
position_74,-2120.81,-419.86519999999996,1.5,4,14.7,15.849663400168083,20.4,4.1,71,comfortable,2017-08-15 04:00:00
position_74,-2120.81,-419.86519999999996,1.5,5,19.9,15.849663400168083,20.4,0.5,71,comfortable,2017-08-15 05:00:00
position_74,-2120.81,-419.86519999999996,1.5,6,20.6,18.605228614626753,20.6,1.0,73,comfortable,2017-08-15 06:00:00
position_74,-2120.81,-419.86519999999996,1.5,7,25.0,27.59187951345893,23.0,1.0,69,comfortable,2017-08-15 07:00:00
position_74,-2120.81,-419.86519999999996,1.5,8,30.0,36.07857126972537,25.8,0.5,69,warm,2017-08-15 08:00:00
position_74,-2120.81,-419.86519999999996,1.5,9,32.0,43.000737238247766,28.0,1.5,55,hot,2017-08-15 09:00:00
position_74,-2120.81,-419.86519999999996,1.5,10,34.6,48.67490561451854,30.0,1.5,47,hot,2017-08-15 10:00:00
position_74,-2120.81,-419.86519999999996,1.5,11,35.7,53.10300542833163,31.6,2.6,41,hot,2017-08-15 11:00:00
position_74,-2120.81,-419.86519999999996,1.5,12,36.0,56.14202441440044,33.4,5.1,37,hot,2017-08-15 12:00:00
position_74,-2120.81,-419.86519999999996,1.5,13,37.3,56.011726517427306,34.4,5.1,41,hot,2017-08-15 13:00:00
position_74,-2120.81,-419.86519999999996,1.5,14,35.9,53.36843440994127,34.0,5.7,38,hot,2017-08-15 14:00:00
position_74,-2120.81,-419.86519999999996,1.5,15,34.4,49.20262897982347,33.6,7.7,37,hot,2017-08-15 15:00:00
position_74,-2120.81,-419.86519999999996,1.5,16,32.1,43.69352874335874,32.6,7.2,40,hot,2017-08-15 16:00:00
position_74,-2120.81,-419.86519999999996,1.5,17,28.5,36.421147692288116,30.0,7.7,58,warm,2017-08-15 17:00:00
position_74,-2120.81,-419.86519999999996,1.5,18,25.9,28.976300530190155,28.8,6.7,64,comfortable,2017-08-15 18:00:00
position_74,-2120.81,-419.86519999999996,1.5,19,23.9,22.910961706225258,26.8,5.1,80,comfortable,2017-08-15 19:00:00
position_74,-2120.81,-419.86519999999996,1.5,20,26.2,21.941047052224253,25.8,2.1,85,warm,2017-08-15 20:00:00
position_74,-2120.81,-419.86519999999996,1.5,21,26.0,21.460449015263706,25.4,2.1,89,warm,2017-08-15 21:00:00
position_74,-2120.81,-419.86519999999996,1.5,22,24.8,21.070179084203495,25.0,2.6,90,comfortable,2017-08-15 22:00:00
position_74,-2120.81,-419.86519999999996,1.5,23,24.8,21.070179084203495,25.0,2.6,90,comfortable,2017-08-15 23:00:00
position_75,-2120.81,-369.86519999999996,1.5,0,23.9,20.62140726912287,23.0,0.5,77,comfortable,2017-08-15 00:00:00
position_75,-2120.81,-369.86519999999996,1.5,1,23.5,20.223497594693974,22.6,0.5,78,comfortable,2017-08-15 01:00:00
position_75,-2120.81,-369.86519999999996,1.5,2,23.0,19.77202359812492,22.2,0.5,78,comfortable,2017-08-15 02:00:00
position_75,-2120.81,-369.86519999999996,1.5,3,19.0,18.84678177115221,21.3,2.6,74,comfortable,2017-08-15 03:00:00
position_75,-2120.81,-369.86519999999996,1.5,4,15.3,17.864345040701682,20.4,4.1,71,comfortable,2017-08-15 04:00:00
position_75,-2120.81,-369.86519999999996,1.5,5,20.5,17.864345040701682,20.4,0.5,71,comfortable,2017-08-15 05:00:00
position_75,-2120.81,-369.86519999999996,1.5,6,20.9,19.488422461719672,20.6,1.0,73,comfortable,2017-08-15 06:00:00
position_75,-2120.81,-369.86519999999996,1.5,7,24.4,25.558804564311256,23.0,1.0,69,comfortable,2017-08-15 07:00:00
position_75,-2120.81,-369.86519999999996,1.5,8,28.8,31.527688412224943,25.8,0.5,69,warm,2017-08-15 08:00:00
position_75,-2120.81,-369.86519999999996,1.5,9,30.2,36.35909452779799,28.0,1.5,55,warm,2017-08-15 09:00:00
position_75,-2120.81,-369.86519999999996,1.5,10,32.5,40.40650861688586,30.0,1.5,47,hot,2017-08-15 10:00:00
position_75,-2120.81,-369.86519999999996,1.5,11,33.4,43.58245473888278,31.6,2.6,41,hot,2017-08-15 11:00:00
position_75,-2120.81,-369.86519999999996,1.5,12,33.8,46.07289259282224,33.4,5.1,37,hot,2017-08-15 12:00:00
position_75,-2120.81,-369.86519999999996,1.5,13,35.3,46.443039085270684,34.4,5.1,41,hot,2017-08-15 13:00:00
position_75,-2120.81,-369.86519999999996,1.5,14,34.1,44.792974472971046,34.0,5.7,38,hot,2017-08-15 14:00:00
position_75,-2120.81,-369.86519999999996,1.5,15,33.0,42.294496040631905,33.6,7.7,37,hot,2017-08-15 15:00:00
position_75,-2120.81,-369.86519999999996,1.5,16,31.1,38.78181986256909,32.6,7.2,40,warm,2017-08-15 16:00:00
position_75,-2120.81,-369.86519999999996,1.5,17,27.9,33.57815617221345,30.0,7.7,58,warm,2017-08-15 17:00:00
position_75,-2120.81,-369.86519999999996,1.5,18,25.9,28.89824269125939,28.8,6.7,64,comfortable,2017-08-15 18:00:00
position_75,-2120.81,-369.86519999999996,1.5,19,24.3,24.632850599035848,26.8,5.1,80,comfortable,2017-08-15 19:00:00
position_75,-2120.81,-369.86519999999996,1.5,20,26.6,23.649615525126674,25.8,2.1,85,warm,2017-08-15 20:00:00
position_75,-2120.81,-369.86519999999996,1.5,21,26.4,23.204702625246636,25.4,2.1,89,warm,2017-08-15 21:00:00
position_75,-2120.81,-369.86519999999996,1.5,22,25.3,22.8101246631597,25.0,2.6,90,comfortable,2017-08-15 22:00:00
position_75,-2120.81,-369.86519999999996,1.5,23,25.3,22.8101246631597,25.0,2.6,90,comfortable,2017-08-15 23:00:00
position_76,-2120.81,-319.86519999999996,1.5,0,24.6,23.0,23.0,0.5,77,comfortable,2017-08-15 00:00:00
position_76,-2120.81,-319.86519999999996,1.5,1,24.2,22.6,22.6,0.5,78,comfortable,2017-08-15 01:00:00
position_76,-2120.81,-319.86519999999996,1.5,2,23.7,22.2,22.2,0.5,78,comfortable,2017-08-15 02:00:00
position_76,-2120.81,-319.86519999999996,1.5,3,19.8,21.3,21.3,2.6,74,comfortable,2017-08-15 03:00:00
position_76,-2120.81,-319.86519999999996,1.5,4,16.0,20.4,20.4,4.1,71,comfortable,2017-08-15 04:00:00
position_76,-2120.81,-319.86519999999996,1.5,5,21.4,20.4,20.4,0.5,71,comfortable,2017-08-15 05:00:00
position_76,-2120.81,-319.86519999999996,1.5,6,21.2,20.6,20.6,1.0,73,comfortable,2017-08-15 06:00:00
position_76,-2120.81,-319.86519999999996,1.5,7,23.7,23.0,23.0,1.0,69,comfortable,2017-08-15 07:00:00
position_76,-2120.81,-319.86519999999996,1.5,8,27.2,25.8,25.8,0.5,69,warm,2017-08-15 08:00:00
position_76,-2120.81,-319.86519999999996,1.5,9,28.0,28.0,28.0,1.5,55,warm,2017-08-15 09:00:00
position_76,-2120.81,-319.86519999999996,1.5,10,29.8,30.0,30.0,1.5,47,warm,2017-08-15 10:00:00
position_76,-2120.81,-319.86519999999996,1.5,11,30.5,31.6,31.6,2.6,41,warm,2017-08-15 11:00:00
position_76,-2120.81,-319.86519999999996,1.5,12,31.0,33.4,33.4,5.1,37,warm,2017-08-15 12:00:00
position_76,-2120.81,-319.86519999999996,1.5,13,32.7,34.4,34.4,5.1,41,hot,2017-08-15 13:00:00
position_76,-2120.81,-319.86519999999996,1.5,14,31.8,34.0,34.0,5.7,38,warm,2017-08-15 14:00:00
position_76,-2120.81,-319.86519999999996,1.5,15,31.3,33.6,33.6,7.7,37,warm,2017-08-15 15:00:00
position_76,-2120.81,-319.86519999999996,1.5,16,29.9,32.6,32.6,7.2,40,warm,2017-08-15 16:00:00
position_76,-2120.81,-319.86519999999996,1.5,17,27.2,30.0,30.0,7.7,58,warm,2017-08-15 17:00:00
position_76,-2120.81,-319.86519999999996,1.5,18,25.9,28.8,28.8,6.7,64,comfortable,2017-08-15 18:00:00
position_76,-2120.81,-319.86519999999996,1.5,19,24.8,26.8,26.8,5.1,80,comfortable,2017-08-15 19:00:00
position_76,-2120.81,-319.86519999999996,1.5,20,27.1,25.8,25.8,2.1,85,warm,2017-08-15 20:00:00
position_76,-2120.81,-319.86519999999996,1.5,21,27.0,25.4,25.4,2.1,89,warm,2017-08-15 21:00:00
position_76,-2120.81,-319.86519999999996,1.5,22,25.8,25.0,25.0,2.6,90,comfortable,2017-08-15 22:00:00
position_76,-2120.81,-319.86519999999996,1.5,23,25.8,25.0,25.0,2.6,90,comfortable,2017-08-15 23:00:00
position_77,-2120.81,-269.86519999999996,1.5,0,24.6,23.0,23.0,0.5,77,comfortable,2017-08-15 00:00:00
position_77,-2120.81,-269.86519999999996,1.5,1,24.2,22.6,22.6,0.5,78,comfortable,2017-08-15 01:00:00
position_77,-2120.81,-269.86519999999996,1.5,2,23.7,22.2,22.2,0.5,78,comfortable,2017-08-15 02:00:00
position_77,-2120.81,-269.86519999999996,1.5,3,19.8,21.3,21.3,2.6,74,comfortable,2017-08-15 03:00:00
position_77,-2120.81,-269.86519999999996,1.5,4,16.0,20.4,20.4,4.1,71,comfortable,2017-08-15 04:00:00
position_77,-2120.81,-269.86519999999996,1.5,5,21.4,20.4,20.4,0.5,71,comfortable,2017-08-15 05:00:00
position_77,-2120.81,-269.86519999999996,1.5,6,21.2,20.6,20.6,1.0,73,comfortable,2017-08-15 06:00:00
position_77,-2120.81,-269.86519999999996,1.5,7,23.7,23.0,23.0,1.0,69,comfortable,2017-08-15 07:00:00
position_77,-2120.81,-269.86519999999996,1.5,8,27.2,25.8,25.8,0.5,69,warm,2017-08-15 08:00:00
position_77,-2120.81,-269.86519999999996,1.5,9,28.0,28.0,28.0,1.5,55,warm,2017-08-15 09:00:00
position_77,-2120.81,-269.86519999999996,1.5,10,29.8,30.0,30.0,1.5,47,warm,2017-08-15 10:00:00
position_77,-2120.81,-269.86519999999996,1.5,11,30.5,31.6,31.6,2.6,41,warm,2017-08-15 11:00:00
position_77,-2120.81,-269.86519999999996,1.5,12,31.0,33.4,33.4,5.1,37,warm,2017-08-15 12:00:00
position_77,-2120.81,-269.86519999999996,1.5,13,32.7,34.4,34.4,5.1,41,hot,2017-08-15 13:00:00
position_77,-2120.81,-269.86519999999996,1.5,14,31.8,34.0,34.0,5.7,38,warm,2017-08-15 14:00:00
position_77,-2120.81,-269.86519999999996,1.5,15,31.3,33.6,33.6,7.7,37,warm,2017-08-15 15:00:00
position_77,-2120.81,-269.86519999999996,1.5,16,29.9,32.6,32.6,7.2,40,warm,2017-08-15 16:00:00
position_77,-2120.81,-269.86519999999996,1.5,17,27.2,30.0,30.0,7.7,58,warm,2017-08-15 17:00:00
position_77,-2120.81,-269.86519999999996,1.5,18,25.9,28.8,28.8,6.7,64,comfortable,2017-08-15 18:00:00
position_77,-2120.81,-269.86519999999996,1.5,19,24.8,26.8,26.8,5.1,80,comfortable,2017-08-15 19:00:00
position_77,-2120.81,-269.86519999999996,1.5,20,27.1,25.8,25.8,2.1,85,warm,2017-08-15 20:00:00
position_77,-2120.81,-269.86519999999996,1.5,21,27.0,25.4,25.4,2.1,89,warm,2017-08-15 21:00:00
position_77,-2120.81,-269.86519999999996,1.5,22,25.8,25.0,25.0,2.6,90,comfortable,2017-08-15 22:00:00
position_77,-2120.81,-269.86519999999996,1.5,23,25.8,25.0,25.0,2.6,90,comfortable,2017-08-15 23:00:00
position_78,-2120.81,-219.86519999999996,1.5,0,24.6,23.0,23.0,0.5,77,comfortable,2017-08-15 00:00:00
position_78,-2120.81,-219.86519999999996,1.5,1,24.2,22.6,22.6,0.5,78,comfortable,2017-08-15 01:00:00
position_78,-2120.81,-219.86519999999996,1.5,2,23.7,22.2,22.2,0.5,78,comfortable,2017-08-15 02:00:00
position_78,-2120.81,-219.86519999999996,1.5,3,19.8,21.3,21.3,2.6,74,comfortable,2017-08-15 03:00:00
position_78,-2120.81,-219.86519999999996,1.5,4,16.0,20.4,20.4,4.1,71,comfortable,2017-08-15 04:00:00
position_78,-2120.81,-219.86519999999996,1.5,5,21.4,20.4,20.4,0.5,71,comfortable,2017-08-15 05:00:00
position_78,-2120.81,-219.86519999999996,1.5,6,21.2,20.6,20.6,1.0,73,comfortable,2017-08-15 06:00:00
position_78,-2120.81,-219.86519999999996,1.5,7,23.7,23.0,23.0,1.0,69,comfortable,2017-08-15 07:00:00
position_78,-2120.81,-219.86519999999996,1.5,8,27.2,25.8,25.8,0.5,69,warm,2017-08-15 08:00:00
position_78,-2120.81,-219.86519999999996,1.5,9,28.0,28.0,28.0,1.5,55,warm,2017-08-15 09:00:00
position_78,-2120.81,-219.86519999999996,1.5,10,29.8,30.0,30.0,1.5,47,warm,2017-08-15 10:00:00
position_78,-2120.81,-219.86519999999996,1.5,11,30.5,31.6,31.6,2.6,41,warm,2017-08-15 11:00:00
position_78,-2120.81,-219.86519999999996,1.5,12,31.0,33.4,33.4,5.1,37,warm,2017-08-15 12:00:00
position_78,-2120.81,-219.86519999999996,1.5,13,32.7,34.4,34.4,5.1,41,hot,2017-08-15 13:00:00
position_78,-2120.81,-219.86519999999996,1.5,14,31.8,34.0,34.0,5.7,38,warm,2017-08-15 14:00:00
position_78,-2120.81,-219.86519999999996,1.5,15,31.3,33.6,33.6,7.7,37,warm,2017-08-15 15:00:00
position_78,-2120.81,-219.86519999999996,1.5,16,29.9,32.6,32.6,7.2,40,warm,2017-08-15 16:00:00
position_78,-2120.81,-219.86519999999996,1.5,17,27.2,30.0,30.0,7.7,58,warm,2017-08-15 17:00:00
position_78,-2120.81,-219.86519999999996,1.5,18,25.9,28.8,28.8,6.7,64,comfortable,2017-08-15 18:00:00
position_78,-2120.81,-219.86519999999996,1.5,19,24.8,26.8,26.8,5.1,80,comfortable,2017-08-15 19:00:00
position_78,-2120.81,-219.86519999999996,1.5,20,27.1,25.8,25.8,2.1,85,warm,2017-08-15 20:00:00
position_78,-2120.81,-219.86519999999996,1.5,21,27.0,25.4,25.4,2.1,89,warm,2017-08-15 21:00:00
position_78,-2120.81,-219.86519999999996,1.5,22,25.8,25.0,25.0,2.6,90,comfortable,2017-08-15 22:00:00
position_78,-2120.81,-219.86519999999996,1.5,23,25.8,25.0,25.0,2.6,90,comfortable,2017-08-15 23:00:00
position_79,-2120.81,-169.86519999999996,1.5,0,23.4,19.09529607870075,23.0,0.5,77,comfortable,2017-08-15 00:00:00
position_79,-2120.81,-169.86519999999996,1.5,1,23.0,18.69872756251398,22.6,0.5,78,comfortable,2017-08-15 01:00:00
position_79,-2120.81,-169.86519999999996,1.5,2,22.5,18.21422771786256,22.2,0.5,78,comfortable,2017-08-15 02:00:00
position_79,-2120.81,-169.86519999999996,1.5,3,18.6,17.27279067003102,21.3,2.6,74,comfortable,2017-08-15 03:00:00
position_79,-2120.81,-169.86519999999996,1.5,4,14.8,16.23746232210886,20.4,4.1,71,comfortable,2017-08-15 04:00:00
position_79,-2120.81,-169.86519999999996,1.5,5,20.0,16.23746232210886,20.4,0.5,71,comfortable,2017-08-15 05:00:00
position_79,-2120.81,-169.86519999999996,1.5,6,20.7,18.775231465139974,20.6,1.0,73,comfortable,2017-08-15 06:00:00
position_79,-2120.81,-169.86519999999996,1.5,7,24.9,27.200540128792948,23.0,1.0,69,comfortable,2017-08-15 07:00:00
position_79,-2120.81,-169.86519999999996,1.5,8,29.8,35.202587972657156,25.8,0.5,69,warm,2017-08-15 08:00:00
position_79,-2120.81,-169.86519999999996,1.5,9,31.6,41.72231099401691,28.0,1.5,55,warm,2017-08-15 09:00:00
position_79,-2120.81,-169.86519999999996,1.5,10,34.2,47.08335120842835,30.0,1.5,47,hot,2017-08-15 10:00:00
position_79,-2120.81,-169.86519999999996,1.5,11,35.2,51.27042840009558,31.6,2.6,41,hot,2017-08-15 11:00:00
position_79,-2120.81,-169.86519999999996,1.5,12,35.6,54.20385295012215,33.4,5.1,37,hot,2017-08-15 12:00:00
position_79,-2120.81,-169.86519999999996,1.5,13,36.9,54.169883818351636,34.4,5.1,41,hot,2017-08-15 13:00:00
position_79,-2120.81,-169.86519999999996,1.5,14,35.5,51.71777454795802,34.0,5.7,38,hot,2017-08-15 14:00:00
position_79,-2120.81,-169.86519999999996,1.5,15,34.1,47.87290697683122,33.6,7.7,37,hot,2017-08-15 15:00:00
position_79,-2120.81,-169.86519999999996,1.5,16,31.9,42.74809132509117,32.6,7.2,40,warm,2017-08-15 16:00:00
position_79,-2120.81,-169.86519999999996,1.5,17,28.4,35.873910340048326,30.0,7.7,58,warm,2017-08-15 17:00:00
position_79,-2120.81,-169.86519999999996,1.5,18,25.9,28.9612754536831,28.8,6.7,64,comfortable,2017-08-15 18:00:00
position_79,-2120.81,-169.86519999999996,1.5,19,24.0,23.242401990833642,26.8,5.1,80,comfortable,2017-08-15 19:00:00
position_79,-2120.81,-169.86519999999996,1.5,20,26.2,22.269923336458454,25.8,2.1,85,warm,2017-08-15 20:00:00
position_79,-2120.81,-169.86519999999996,1.5,21,26.1,21.79619420494218,25.4,2.1,89,warm,2017-08-15 21:00:00
position_79,-2120.81,-169.86519999999996,1.5,22,24.9,21.405095036272293,25.0,2.6,90,comfortable,2017-08-15 22:00:00
position_79,-2120.81,-169.86519999999996,1.5,23,24.9,21.405095036272293,25.0,2.6,90,comfortable,2017-08-15 23:00:00
position_80,-2070.81,-619.8652,1.5,0,23.3,18.790127651114894,23.0,0.5,77,comfortable,2017-08-15 00:00:00
position_80,-2070.81,-619.8652,1.5,1,22.9,18.393827319287475,22.6,0.5,78,comfortable,2017-08-15 01:00:00
position_80,-2070.81,-619.8652,1.5,2,22.4,17.902723469507045,22.2,0.5,78,comfortable,2017-08-15 02:00:00
position_80,-2070.81,-619.8652,1.5,3,18.5,16.958047948545296,21.3,2.6,74,comfortable,2017-08-15 03:00:00
position_80,-2070.81,-619.8652,1.5,4,14.7,15.912143142080934,20.4,4.1,71,comfortable,2017-08-15 04:00:00
position_80,-2070.81,-619.8652,1.5,5,19.9,15.912143142080934,20.4,0.5,71,comfortable,2017-08-15 05:00:00
position_80,-2070.81,-619.8652,1.5,6,20.6,18.632618412853517,20.6,1.0,73,comfortable,2017-08-15 06:00:00
position_80,-2070.81,-619.8652,1.5,7,25.0,27.528829354289073,23.0,1.0,69,comfortable,2017-08-15 07:00:00
position_80,-2070.81,-619.8652,1.5,8,30.0,35.937438308223356,25.8,0.5,69,warm,2017-08-15 08:00:00
position_80,-2070.81,-619.8652,1.5,9,31.9,42.7947651808877,28.0,1.5,55,warm,2017-08-15 09:00:00
position_80,-2070.81,-619.8652,1.5,10,34.5,48.418484302063334,30.0,1.5,47,hot,2017-08-15 10:00:00
position_80,-2070.81,-619.8652,1.5,11,35.6,52.80775205530371,31.6,2.6,41,hot,2017-08-15 11:00:00
position_80,-2070.81,-619.8652,1.5,12,35.9,55.82975832488962,33.4,5.1,37,hot,2017-08-15 12:00:00
position_80,-2070.81,-619.8652,1.5,13,37.2,55.71498031734403,34.4,5.1,41,hot,2017-08-15 13:00:00
position_80,-2070.81,-619.8652,1.5,14,35.8,53.10249039533062,34.0,5.7,38,hot,2017-08-15 14:00:00
position_80,-2070.81,-619.8652,1.5,15,34.4,48.988392469966755,33.6,7.7,37,hot,2017-08-15 15:00:00
position_80,-2070.81,-619.8652,1.5,16,32.1,43.54120576733683,32.6,7.2,40,hot,2017-08-15 16:00:00
position_80,-2070.81,-619.8652,1.5,17,28.5,36.33298022559713,30.0,7.7,58,warm,2017-08-15 17:00:00
position_80,-2070.81,-619.8652,1.5,18,25.9,28.973879783640154,28.8,6.7,64,comfortable,2017-08-15 18:00:00
position_80,-2070.81,-619.8652,1.5,19,24.0,22.964361296245304,26.8,5.1,80,comfortable,2017-08-15 19:00:00
position_80,-2070.81,-619.8652,1.5,20,26.2,21.99403354650684,25.8,2.1,85,warm,2017-08-15 20:00:00
position_80,-2070.81,-619.8652,1.5,21,26.0,21.51454218472021,25.4,2.1,89,warm,2017-08-15 21:00:00
position_80,-2070.81,-619.8652,1.5,22,24.8,21.124138652071892,25.0,2.6,90,comfortable,2017-08-15 22:00:00
position_80,-2070.81,-619.8652,1.5,23,24.8,21.124138652071892,25.0,2.6,90,comfortable,2017-08-15 23:00:00
position_81,-2070.81,-569.8652,1.5,0,24.6,23.0,23.0,0.5,77,comfortable,2017-08-15 00:00:00
position_81,-2070.81,-569.8652,1.5,1,24.2,22.6,22.6,0.5,78,comfortable,2017-08-15 01:00:00
position_81,-2070.81,-569.8652,1.5,2,23.7,22.2,22.2,0.5,78,comfortable,2017-08-15 02:00:00
position_81,-2070.81,-569.8652,1.5,3,19.8,21.3,21.3,2.6,74,comfortable,2017-08-15 03:00:00
position_81,-2070.81,-569.8652,1.5,4,16.0,20.4,20.4,4.1,71,comfortable,2017-08-15 04:00:00
position_81,-2070.81,-569.8652,1.5,5,21.4,20.4,20.4,0.5,71,comfortable,2017-08-15 05:00:00
position_81,-2070.81,-569.8652,1.5,6,21.2,20.6,20.6,1.0,73,comfortable,2017-08-15 06:00:00
position_81,-2070.81,-569.8652,1.5,7,23.7,23.0,23.0,1.0,69,comfortable,2017-08-15 07:00:00
position_81,-2070.81,-569.8652,1.5,8,27.2,25.8,25.8,0.5,69,warm,2017-08-15 08:00:00
position_81,-2070.81,-569.8652,1.5,9,28.0,28.0,28.0,1.5,55,warm,2017-08-15 09:00:00
position_81,-2070.81,-569.8652,1.5,10,29.8,30.0,30.0,1.5,47,warm,2017-08-15 10:00:00
position_81,-2070.81,-569.8652,1.5,11,30.5,31.6,31.6,2.6,41,warm,2017-08-15 11:00:00
position_81,-2070.81,-569.8652,1.5,12,31.0,33.4,33.4,5.1,37,warm,2017-08-15 12:00:00
position_81,-2070.81,-569.8652,1.5,13,32.7,34.4,34.4,5.1,41,hot,2017-08-15 13:00:00
position_81,-2070.81,-569.8652,1.5,14,31.8,34.0,34.0,5.7,38,warm,2017-08-15 14:00:00
position_81,-2070.81,-569.8652,1.5,15,31.3,33.6,33.6,7.7,37,warm,2017-08-15 15:00:00
position_81,-2070.81,-569.8652,1.5,16,29.9,32.6,32.6,7.2,40,warm,2017-08-15 16:00:00
position_81,-2070.81,-569.8652,1.5,17,27.2,30.0,30.0,7.7,58,warm,2017-08-15 17:00:00
position_81,-2070.81,-569.8652,1.5,18,25.9,28.8,28.8,6.7,64,comfortable,2017-08-15 18:00:00
position_81,-2070.81,-569.8652,1.5,19,24.8,26.8,26.8,5.1,80,comfortable,2017-08-15 19:00:00
position_81,-2070.81,-569.8652,1.5,20,27.1,25.8,25.8,2.1,85,warm,2017-08-15 20:00:00
position_81,-2070.81,-569.8652,1.5,21,27.0,25.4,25.4,2.1,89,warm,2017-08-15 21:00:00
position_81,-2070.81,-569.8652,1.5,22,25.8,25.0,25.0,2.6,90,comfortable,2017-08-15 22:00:00
position_81,-2070.81,-569.8652,1.5,23,25.8,25.0,25.0,2.6,90,comfortable,2017-08-15 23:00:00
position_82,-2070.81,-519.8652,1.5,0,23.7,20.037364022994712,23.0,0.5,77,comfortable,2017-08-15 00:00:00
position_82,-2070.81,-519.8652,1.5,1,23.3,19.639967610258818,22.6,0.5,78,comfortable,2017-08-15 01:00:00
position_82,-2070.81,-519.8652,1.5,2,22.8,19.175854610947884,22.2,0.5,78,comfortable,2017-08-15 02:00:00
position_82,-2070.81,-519.8652,1.5,3,18.9,18.24441486771487,21.3,2.6,74,comfortable,2017-08-15 03:00:00
position_82,-2070.81,-519.8652,1.5,4,15.1,17.241736498152477,20.4,4.1,71,comfortable,2017-08-15 04:00:00
position_82,-2070.81,-519.8652,1.5,5,20.3,17.241736498152477,20.4,0.5,71,comfortable,2017-08-15 05:00:00
position_82,-2070.81,-519.8652,1.5,6,20.8,19.215484036678326,20.6,1.0,73,comfortable,2017-08-15 06:00:00
position_82,-2070.81,-519.8652,1.5,7,24.6,26.187097295785634,23.0,1.0,69,comfortable,2017-08-15 07:00:00
position_82,-2070.81,-519.8652,1.5,8,29.2,32.934073662487144,25.8,0.5,69,warm,2017-08-15 08:00:00
position_82,-2070.81,-519.8652,1.5,9,30.8,38.41159920391668,28.0,1.5,55,warm,2017-08-15 09:00:00
position_82,-2070.81,-519.8652,1.5,10,33.1,42.96173843600053,30.0,1.5,47,hot,2017-08-15 10:00:00
position_82,-2070.81,-519.8652,1.5,11,34.1,46.5246447453662,31.6,2.6,41,hot,2017-08-15 11:00:00
position_82,-2070.81,-519.8652,1.5,12,34.5,49.184613751162786,33.4,5.1,37,hot,2017-08-15 12:00:00
position_82,-2070.81,-519.8652,1.5,13,35.9,49.40010506352919,34.4,5.1,41,hot,2017-08-15 13:00:00
position_82,-2070.81,-519.8652,1.5,14,34.6,47.44309770119089,34.0,5.7,38,hot,2017-08-15 14:00:00
position_82,-2070.81,-519.8652,1.5,15,33.4,44.429355710007286,33.6,7.7,37,hot,2017-08-15 15:00:00
position_82,-2070.81,-519.8652,1.5,16,31.4,40.29971323399252,32.6,7.2,40,warm,2017-08-15 16:00:00
position_82,-2070.81,-519.8652,1.5,17,28.1,34.45674203470467,30.0,7.7,58,warm,2017-08-15 17:00:00
position_82,-2070.81,-519.8652,1.5,18,25.9,28.922365349824123,28.8,6.7,64,comfortable,2017-08-15 18:00:00
position_82,-2070.81,-519.8652,1.5,19,24.2,24.100725466997357,26.8,5.1,80,comfortable,2017-08-15 19:00:00
position_82,-2070.81,-519.8652,1.5,20,26.5,23.12160687832253,25.8,2.1,85,warm,2017-08-15 20:00:00
position_82,-2070.81,-519.8652,1.5,21,26.3,22.66566599727596,25.4,2.1,89,warm,2017-08-15 21:00:00
position_82,-2070.81,-519.8652,1.5,22,25.1,22.272419370554793,25.0,2.6,90,comfortable,2017-08-15 22:00:00
position_82,-2070.81,-519.8652,1.5,23,25.1,22.272419370554793,25.0,2.6,90,comfortable,2017-08-15 23:00:00
position_83,-2070.81,-469.86519999999996,1.5,0,23.4,18.946026852673477,23.0,0.5,77,comfortable,2017-08-15 00:00:00
position_83,-2070.81,-469.86519999999996,1.5,1,23.0,18.54958951542966,22.6,0.5,78,comfortable,2017-08-15 01:00:00
position_83,-2070.81,-469.86519999999996,1.5,2,22.5,18.0618594062909,22.2,0.5,78,comfortable,2017-08-15 02:00:00
position_83,-2070.81,-469.86519999999996,1.5,3,18.5,17.118838300824436,21.3,2.6,74,comfortable,2017-08-15 03:00:00
position_83,-2070.81,-469.86519999999996,1.5,4,14.7,16.078336613729565,20.4,4.1,71,comfortable,2017-08-15 04:00:00
position_83,-2070.81,-469.86519999999996,1.5,5,20.0,16.078336613729565,20.4,0.5,71,comfortable,2017-08-15 05:00:00
position_83,-2070.81,-469.86519999999996,1.5,6,20.6,18.705474118010095,20.6,1.0,73,comfortable,2017-08-15 06:00:00
position_83,-2070.81,-469.86519999999996,1.5,7,25.0,27.361118596855842,23.0,1.0,69,comfortable,2017-08-15 07:00:00
position_83,-2070.81,-469.86519999999996,1.5,8,29.9,35.56203059817249,25.8,0.5,69,warm,2017-08-15 08:00:00
position_83,-2070.81,-469.86519999999996,1.5,9,31.8,42.246888217454845,28.0,1.5,55,warm,2017-08-15 09:00:00
position_83,-2070.81,-469.86519999999996,1.5,10,34.3,47.73641445323016,30.0,1.5,47,hot,2017-08-15 10:00:00
position_83,-2070.81,-469.86519999999996,1.5,11,35.4,52.02239056728855,31.6,2.6,41,hot,2017-08-15 11:00:00
position_83,-2070.81,-469.86519999999996,1.5,12,35.7,54.999143730380986,33.4,5.1,37,hot,2017-08-15 12:00:00
position_83,-2070.81,-469.86519999999996,1.5,13,37.1,54.925647972483056,34.4,5.1,41,hot,2017-08-15 13:00:00
position_83,-2070.81,-469.86519999999996,1.5,14,35.7,52.39509056141375,34.0,5.7,38,hot,2017-08-15 14:00:00
position_83,-2070.81,-469.86519999999996,1.5,15,34.2,48.41853241233976,33.6,7.7,37,hot,2017-08-15 15:00:00
position_83,-2070.81,-469.86519999999996,1.5,16,32.0,43.13603309181195,32.6,7.2,40,hot,2017-08-15 16:00:00
position_83,-2070.81,-469.86519999999996,1.5,17,28.5,36.09845849219627,30.0,7.7,58,warm,2017-08-15 17:00:00
position_83,-2070.81,-469.86519999999996,1.5,18,25.9,28.96744070017392,28.8,6.7,64,comfortable,2017-08-15 18:00:00
position_83,-2070.81,-469.86519999999996,1.5,19,24.0,23.106401947796392,26.8,5.1,80,comfortable,2017-08-15 19:00:00
position_83,-2070.81,-469.86519999999996,1.5,20,26.2,22.13497538086329,25.8,2.1,85,warm,2017-08-15 20:00:00
position_83,-2070.81,-469.86519999999996,1.5,21,26.0,21.65842772824556,25.4,2.1,89,warm,2017-08-15 21:00:00
position_83,-2070.81,-469.86519999999996,1.5,22,24.9,21.267668821021978,25.0,2.6,90,comfortable,2017-08-15 22:00:00
position_83,-2070.81,-469.86519999999996,1.5,23,24.9,21.267668821021978,25.0,2.6,90,comfortable,2017-08-15 23:00:00
position_84,-2070.81,-419.86519999999996,1.5,0,23.3,18.639585630383195,23.0,0.5,77,comfortable,2017-08-15 00:00:00
position_84,-2070.81,-419.86519999999996,1.5,1,22.9,18.243417596040494,22.6,0.5,78,comfortable,2017-08-15 01:00:00
position_84,-2070.81,-419.86519999999996,1.5,2,22.4,17.74905593782651,22.2,0.5,78,comfortable,2017-08-15 02:00:00
position_84,-2070.81,-419.86519999999996,1.5,3,18.4,16.80278285222492,21.3,2.6,74,comfortable,2017-08-15 03:00:00
position_84,-2070.81,-419.86519999999996,1.5,4,14.6,15.75166059435602,20.4,4.1,71,comfortable,2017-08-15 04:00:00
position_84,-2070.81,-419.86519999999996,1.5,5,19.9,15.75166059435602,20.4,0.5,71,comfortable,2017-08-15 05:00:00
position_84,-2070.81,-419.86519999999996,1.5,6,20.6,18.562266256033894,20.6,1.0,73,comfortable,2017-08-15 06:00:00
position_84,-2070.81,-419.86519999999996,1.5,7,25.1,27.690777049145968,23.0,1.0,69,comfortable,2017-08-15 07:00:00
position_84,-2070.81,-419.86519999999996,1.5,8,30.1,36.29994584324803,25.8,0.5,69,warm,2017-08-15 08:00:00
position_84,-2070.81,-419.86519999999996,1.5,9,32.0,43.323815390016165,28.0,1.5,55,hot,2017-08-15 09:00:00
position_84,-2070.81,-419.86519999999996,1.5,10,34.7,49.07711611221358,30.0,1.5,47,hot,2017-08-15 10:00:00
position_84,-2070.81,-419.86519999999996,1.5,11,35.8,53.566126083064376,31.6,2.6,41,hot,2017-08-15 11:00:00
position_84,-2070.81,-419.86519999999996,1.5,12,36.1,56.63183042183734,33.4,5.1,37,hot,2017-08-15 12:00:00
position_84,-2070.81,-419.86519999999996,1.5,13,37.4,56.47718875097484,34.4,5.1,41,hot,2017-08-15 13:00:00
position_84,-2070.81,-419.86519999999996,1.5,14,36.0,53.78558177359593,34.0,5.7,38,hot,2017-08-15 14:00:00
position_84,-2070.81,-419.86519999999996,1.5,15,34.5,49.53867036588793,33.6,7.7,37,hot,2017-08-15 15:00:00
position_84,-2070.81,-419.86519999999996,1.5,16,32.2,43.932455451164515,32.6,7.2,40,hot,2017-08-15 16:00:00
position_84,-2070.81,-419.86519999999996,1.5,17,28.5,36.55944306375605,30.0,7.7,58,warm,2017-08-15 17:00:00
position_84,-2070.81,-419.86519999999996,1.5,18,25.9,28.980097600197112,28.8,6.7,64,comfortable,2017-08-15 18:00:00
position_84,-2070.81,-419.86519999999996,1.5,19,23.9,22.82720160269477,26.8,5.1,80,comfortable,2017-08-15 19:00:00
position_84,-2070.81,-419.86519999999996,1.5,20,26.1,21.85793491137895,25.8,2.1,85,warm,2017-08-15 20:00:00
position_84,-2070.81,-419.86519999999996,1.5,21,26.0,21.375600995414338,25.4,2.1,89,warm,2017-08-15 21:00:00
position_84,-2070.81,-419.86519999999996,1.5,22,24.8,20.985540625567005,25.0,2.6,90,comfortable,2017-08-15 22:00:00
position_84,-2070.81,-419.86519999999996,1.5,23,24.8,20.985540625567005,25.0,2.6,90,comfortable,2017-08-15 23:00:00
position_85,-2070.81,-369.86519999999996,1.5,0,23.4,19.00600905217596,23.0,0.5,77,comfortable,2017-08-15 00:00:00
position_85,-2070.81,-369.86519999999996,1.5,1,23.0,18.60951900211426,22.6,0.5,78,comfortable,2017-08-15 01:00:00
position_85,-2070.81,-369.86519999999996,1.5,2,22.5,18.123086939291426,22.2,0.5,78,comfortable,2017-08-15 02:00:00
position_85,-2070.81,-369.86519999999996,1.5,3,18.5,17.1807023699926,21.3,2.6,74,comfortable,2017-08-15 03:00:00
position_85,-2070.81,-369.86519999999996,1.5,4,14.7,16.142279532441002,20.4,4.1,71,comfortable,2017-08-15 04:00:00
position_85,-2070.81,-369.86519999999996,1.5,5,20.0,16.142279532441002,20.4,0.5,71,comfortable,2017-08-15 05:00:00
position_85,-2070.81,-369.86519999999996,1.5,6,20.7,18.733505342018343,20.6,1.0,73,comfortable,2017-08-15 06:00:00
position_85,-2070.81,-369.86519999999996,1.5,7,24.9,27.296591902616864,23.0,1.0,69,comfortable,2017-08-15 07:00:00
position_85,-2070.81,-369.86519999999996,1.5,8,29.8,35.417592525790326,25.8,0.5,69,warm,2017-08-15 08:00:00
position_85,-2070.81,-369.86519999999996,1.5,9,31.7,42.03609262007589,28.0,1.5,55,warm,2017-08-15 09:00:00
position_85,-2070.81,-369.86519999999996,1.5,10,34.3,47.473988158943065,30.0,1.5,47,hot,2017-08-15 10:00:00
position_85,-2070.81,-369.86519999999996,1.5,11,35.3,51.72022282694905,31.6,2.6,41,hot,2017-08-15 11:00:00
position_85,-2070.81,-369.86519999999996,1.5,12,35.7,54.67956486262927,33.4,5.1,37,hot,2017-08-15 12:00:00
position_85,-2070.81,-369.86519999999996,1.5,13,37.0,54.62195244543817,34.4,5.1,41,hot,2017-08-15 13:00:00
position_85,-2070.81,-369.86519999999996,1.5,14,35.6,52.122918558338554,34.0,5.7,38,hot,2017-08-15 14:00:00
position_85,-2070.81,-369.86519999999996,1.5,15,34.2,48.19927882204968,33.6,7.7,37,hot,2017-08-15 15:00:00
position_85,-2070.81,-369.86519999999996,1.5,16,32.0,42.98014295245704,32.6,7.2,40,hot,2017-08-15 16:00:00
position_85,-2070.81,-369.86519999999996,1.5,17,28.4,36.00822628279504,30.0,7.7,58,warm,2017-08-15 17:00:00
position_85,-2070.81,-369.86519999999996,1.5,18,25.9,28.96496326356601,28.8,6.7,64,comfortable,2017-08-15 18:00:00
position_85,-2070.81,-369.86519999999996,1.5,19,24.0,23.161052071810005,26.8,5.1,80,comfortable,2017-08-15 19:00:00
position_85,-2070.81,-369.86519999999996,1.5,20,26.2,22.189202735090223,25.8,2.1,85,warm,2017-08-15 20:00:00
position_85,-2070.81,-369.86519999999996,1.5,21,26.0,21.713787674229742,25.4,2.1,89,warm,2017-08-15 21:00:00
position_85,-2070.81,-369.86519999999996,1.5,22,24.9,21.322892036680038,25.0,2.6,90,comfortable,2017-08-15 22:00:00
position_85,-2070.81,-369.86519999999996,1.5,23,24.9,21.322892036680038,25.0,2.6,90,comfortable,2017-08-15 23:00:00
position_86,-2070.81,-319.86519999999996,1.5,0,23.4,19.263315437622115,23.0,0.5,77,comfortable,2017-08-15 00:00:00
position_86,-2070.81,-319.86519999999996,1.5,1,23.1,18.86659926473152,22.6,0.5,78,comfortable,2017-08-15 01:00:00
position_86,-2070.81,-319.86519999999996,1.5,2,22.6,18.385735447295847,22.2,0.5,78,comfortable,2017-08-15 02:00:00
position_86,-2070.81,-319.86519999999996,1.5,3,18.6,17.446081435093276,21.3,2.6,74,comfortable,2017-08-15 03:00:00
position_86,-2070.81,-319.86519999999996,1.5,4,14.8,16.41657626422117,20.4,4.1,71,comfortable,2017-08-15 04:00:00
position_86,-2070.81,-319.86519999999996,1.5,5,20.1,16.41657626422117,20.4,0.5,71,comfortable,2017-08-15 05:00:00
position_86,-2070.81,-319.86519999999996,1.5,6,20.7,18.853751231449184,20.6,1.0,73,comfortable,2017-08-15 06:00:00
position_86,-2070.81,-319.86519999999996,1.5,7,24.9,27.019790941712863,23.0,1.0,69,comfortable,2017-08-15 07:00:00
position_86,-2070.81,-319.86519999999996,1.5,8,29.7,34.79799473455014,25.8,0.5,69,warm,2017-08-15 08:00:00
position_86,-2070.81,-319.86519999999996,1.5,9,31.5,41.13184013051359,28.0,1.5,55,warm,2017-08-15 09:00:00
position_86,-2070.81,-319.86519999999996,1.5,10,34.0,46.34825482823631,30.0,1.5,47,hot,2017-08-15 10:00:00
position_86,-2070.81,-319.86519999999996,1.5,11,35.0,50.42401012201189,31.6,2.6,41,hot,2017-08-15 11:00:00
position_86,-2070.81,-319.86519999999996,1.5,12,35.4,53.30866342840014,33.4,5.1,37,hot,2017-08-15 12:00:00
position_86,-2070.81,-319.86519999999996,1.5,13,36.7,53.31918597491461,34.4,5.1,41,hot,2017-08-15 13:00:00
position_86,-2070.81,-319.86519999999996,1.5,14,35.4,50.955378939721825,34.0,5.7,38,hot,2017-08-15 14:00:00
position_86,-2070.81,-319.86519999999996,1.5,15,34.0,47.258743975352346,33.6,7.7,37,hot,2017-08-15 15:00:00
position_86,-2070.81,-319.86519999999996,1.5,16,31.8,42.3114190874302,32.6,7.2,40,warm,2017-08-15 16:00:00
position_86,-2070.81,-319.86519999999996,1.5,17,28.4,35.62115605455358,30.0,7.7,58,warm,2017-08-15 17:00:00
position_86,-2070.81,-319.86519999999996,1.5,18,25.9,28.954335773009802,28.8,6.7,64,comfortable,2017-08-15 18:00:00
position_86,-2070.81,-319.86519999999996,1.5,19,24.0,23.395485386872842,26.8,5.1,80,comfortable,2017-08-15 19:00:00
position_86,-2070.81,-319.86519999999996,1.5,20,26.3,22.421822489353556,25.8,2.1,85,warm,2017-08-15 20:00:00
position_86,-2070.81,-319.86519999999996,1.5,21,26.1,21.951265921406982,25.4,2.1,89,warm,2017-08-15 21:00:00
position_86,-2070.81,-319.86519999999996,1.5,22,25.0,21.55978375008079,25.0,2.6,90,comfortable,2017-08-15 22:00:00
position_86,-2070.81,-319.86519999999996,1.5,23,25.0,21.55978375008079,25.0,2.6,90,comfortable,2017-08-15 23:00:00
position_87,-2070.81,-269.86519999999996,1.5,0,24.1,21.525947530362274,23.0,0.5,77,comfortable,2017-08-15 00:00:00
position_87,-2070.81,-269.86519999999996,1.5,1,23.7,21.127242939000514,22.6,0.5,78,comfortable,2017-08-15 01:00:00
position_87,-2070.81,-269.86519999999996,1.5,2,23.3,20.695343668991075,22.2,0.5,78,comfortable,2017-08-15 02:00:00
position_87,-2070.81,-269.86519999999996,1.5,3,19.3,19.77970089967446,21.3,2.6,74,comfortable,2017-08-15 03:00:00
position_87,-2070.81,-269.86519999999996,1.5,4,15.5,18.828613521607576,20.4,4.1,71,comfortable,2017-08-15 04:00:00
position_87,-2070.81,-269.86519999999996,1.5,5,20.9,18.828613521607576,20.4,0.5,71,comfortable,2017-08-15 05:00:00
position_87,-2070.81,-269.86519999999996,1.5,6,21.0,19.91113738210588,20.6,1.0,73,comfortable,2017-08-15 06:00:00
position_87,-2070.81,-269.86519999999996,1.5,7,24.1,24.585732663848006,23.0,1.0,69,comfortable,2017-08-15 07:00:00
position_87,-2070.81,-269.86519999999996,1.5,8,28.2,29.349541348443527,25.8,0.5,69,warm,2017-08-15 08:00:00
position_87,-2070.81,-269.86519999999996,1.5,9,29.4,33.18026637039795,28.0,1.5,55,warm,2017-08-15 09:00:00
position_87,-2070.81,-269.86519999999996,1.5,10,31.5,36.449082067685545,30.0,1.5,47,warm,2017-08-15 10:00:00
position_87,-2070.81,-269.86519999999996,1.5,11,32.3,39.02572142380134,31.6,2.6,41,hot,2017-08-15 11:00:00
position_87,-2070.81,-269.86519999999996,1.5,12,32.7,41.25359695310877,33.4,5.1,37,hot,2017-08-15 12:00:00
position_87,-2070.81,-269.86519999999996,1.5,13,34.3,41.86326652526204,34.4,5.1,41,hot,2017-08-15 13:00:00
position_87,-2070.81,-269.86519999999996,1.5,14,33.2,40.68858122287844,34.0,5.7,38,hot,2017-08-15 14:00:00
position_87,-2070.81,-269.86519999999996,1.5,15,32.4,38.98812012438246,33.6,7.7,37,hot,2017-08-15 15:00:00
position_87,-2070.81,-269.86519999999996,1.5,16,30.6,36.43097396918188,32.6,7.2,40,warm,2017-08-15 16:00:00
position_87,-2070.81,-269.86519999999996,1.5,17,27.6,32.21744137780818,30.0,7.7,58,warm,2017-08-15 17:00:00
position_87,-2070.81,-269.86519999999996,1.5,18,25.9,28.860882588176985,28.8,6.7,64,comfortable,2017-08-15 18:00:00
position_87,-2070.81,-269.86519999999996,1.5,19,24.5,25.456982389167933,26.8,5.1,80,comfortable,2017-08-15 19:00:00
position_87,-2070.81,-269.86519999999996,1.5,20,26.8,24.467371885607015,25.8,2.1,85,warm,2017-08-15 20:00:00
position_87,-2070.81,-269.86519999999996,1.5,21,26.6,24.039538633563758,25.4,2.1,89,warm,2017-08-15 21:00:00
position_87,-2070.81,-269.86519999999996,1.5,22,25.5,23.64289875834362,25.0,2.6,90,comfortable,2017-08-15 22:00:00
position_87,-2070.81,-269.86519999999996,1.5,23,25.5,23.64289875834362,25.0,2.6,90,comfortable,2017-08-15 23:00:00
position_88,-2070.81,-219.86519999999996,1.5,0,24.1,21.55790105246669,23.0,0.5,77,comfortable,2017-08-15 00:00:00
position_88,-2070.81,-219.86519999999996,1.5,1,23.7,21.159168380104145,22.6,0.5,78,comfortable,2017-08-15 01:00:00
position_88,-2070.81,-219.86519999999996,1.5,2,23.3,20.72796060110358,22.2,0.5,78,comfortable,2017-08-15 02:00:00
position_88,-2070.81,-219.86519999999996,1.5,3,19.3,19.812656925262555,21.3,2.6,74,comfortable,2017-08-15 03:00:00
position_88,-2070.81,-219.86519999999996,1.5,4,15.5,18.86267698515866,20.4,4.1,71,comfortable,2017-08-15 04:00:00
position_88,-2070.81,-219.86519999999996,1.5,5,20.9,18.86267698515866,20.4,0.5,71,comfortable,2017-08-15 05:00:00
position_88,-2070.81,-219.86519999999996,1.5,6,21.0,19.926070084530778,20.6,1.0,73,comfortable,2017-08-15 06:00:00
position_88,-2070.81,-219.86519999999996,1.5,7,24.1,24.551358213297807,23.0,1.0,69,comfortable,2017-08-15 07:00:00
position_88,-2070.81,-219.86519999999996,1.5,8,28.1,29.27259676860377,25.8,0.5,69,warm,2017-08-15 08:00:00
position_88,-2070.81,-219.86519999999996,1.5,9,29.4,33.06797202580522,28.0,1.5,55,warm,2017-08-15 09:00:00
position_88,-2070.81,-219.86519999999996,1.5,10,31.4,36.30928318627013,30.0,1.5,47,warm,2017-08-15 10:00:00
position_88,-2070.81,-219.86519999999996,1.5,11,32.2,38.864751608585074,31.6,2.6,41,hot,2017-08-15 11:00:00
position_88,-2070.81,-219.86519999999996,1.5,12,32.7,41.083351938762696,33.4,5.1,37,hot,2017-08-15 12:00:00
position_88,-2070.81,-219.86519999999996,1.5,13,34.3,41.70148283248433,34.4,5.1,41,hot,2017-08-15 13:00:00
position_88,-2070.81,-219.86519999999996,1.5,14,33.2,40.543590639195244,34.0,5.7,38,hot,2017-08-15 14:00:00
position_88,-2070.81,-219.86519999999996,1.5,15,32.3,38.87132006533299,33.6,7.7,37,hot,2017-08-15 15:00:00
position_88,-2070.81,-219.86519999999996,1.5,16,30.6,36.347928681495624,32.6,7.2,40,warm,2017-08-15 16:00:00
position_88,-2070.81,-219.86519999999996,1.5,17,27.6,32.169373168880405,30.0,7.7,58,warm,2017-08-15 17:00:00
position_88,-2070.81,-219.86519999999996,1.5,18,25.9,28.85956281621014,28.8,6.7,64,comfortable,2017-08-15 18:00:00
position_88,-2070.81,-219.86519999999996,1.5,19,24.5,25.486095425371378,26.8,5.1,80,comfortable,2017-08-15 19:00:00
position_88,-2070.81,-219.86519999999996,1.5,20,26.8,24.496259705265626,25.8,2.1,85,warm,2017-08-15 20:00:00
position_88,-2070.81,-219.86519999999996,1.5,21,26.6,24.06902980381722,25.4,2.1,89,warm,2017-08-15 21:00:00
position_88,-2070.81,-219.86519999999996,1.5,22,25.5,23.672317090062744,25.0,2.6,90,comfortable,2017-08-15 22:00:00
position_88,-2070.81,-219.86519999999996,1.5,23,25.5,23.672317090062744,25.0,2.6,90,comfortable,2017-08-15 23:00:00
position_89,-2070.81,-169.86519999999996,1.5,0,23.3,18.88206001780198,23.0,0.5,77,comfortable,2017-08-15 00:00:00
position_89,-2070.81,-169.86519999999996,1.5,1,22.9,18.485678895104225,22.6,0.5,78,comfortable,2017-08-15 01:00:00
position_89,-2070.81,-169.86519999999996,1.5,2,22.4,17.996564510046362,22.2,0.5,78,comfortable,2017-08-15 02:00:00
position_89,-2070.81,-169.86519999999996,1.5,3,18.5,17.05286458312515,21.3,2.6,74,comfortable,2017-08-15 03:00:00
position_89,-2070.81,-169.86519999999996,1.5,4,14.7,16.010145947892997,20.4,4.1,71,comfortable,2017-08-15 04:00:00
position_89,-2070.81,-169.86519999999996,1.5,5,20.0,16.010145947892997,20.4,0.5,71,comfortable,2017-08-15 05:00:00
position_89,-2070.81,-169.86519999999996,1.5,6,20.6,18.67558077144638,20.6,1.0,73,comfortable,2017-08-15 06:00:00
position_89,-2070.81,-169.86519999999996,1.5,7,25.0,27.429931818602043,23.0,1.0,69,comfortable,2017-08-15 07:00:00
position_89,-2070.81,-169.86519999999996,1.5,8,29.9,35.7160637347007,25.8,0.5,69,warm,2017-08-15 08:00:00
position_89,-2070.81,-169.86519999999996,1.5,9,31.8,42.4716870291193,28.0,1.5,55,warm,2017-08-15 09:00:00
position_89,-2070.81,-169.86519999999996,1.5,10,34.4,48.0162738043683,30.0,1.5,47,hot,2017-08-15 10:00:00
position_89,-2070.81,-169.86519999999996,1.5,11,35.5,52.34463140057096,31.6,2.6,41,hot,2017-08-15 11:00:00
position_89,-2070.81,-169.86519999999996,1.5,12,35.8,55.33995231745271,33.4,5.1,37,hot,2017-08-15 12:00:00
position_89,-2070.81,-169.86519999999996,1.5,13,37.1,55.2495180837965,34.4,5.1,41,hot,2017-08-15 13:00:00
position_89,-2070.81,-169.86519999999996,1.5,14,35.8,52.68534303167597,34.0,5.7,38,hot,2017-08-15 14:00:00
position_89,-2070.81,-169.86519999999996,1.5,15,34.3,48.6523510839023,33.6,7.7,37,hot,2017-08-15 15:00:00
position_89,-2070.81,-169.86519999999996,1.5,16,32.0,43.30227905953107,32.6,7.2,40,hot,2017-08-15 16:00:00
position_89,-2070.81,-169.86519999999996,1.5,17,28.5,36.19468485412919,30.0,7.7,58,warm,2017-08-15 17:00:00
position_89,-2070.81,-169.86519999999996,1.5,18,25.9,28.970082713633197,28.8,6.7,64,comfortable,2017-08-15 18:00:00
position_89,-2070.81,-169.86519999999996,1.5,19,24.0,23.04812139977579,26.8,5.1,80,comfortable,2017-08-15 19:00:00
position_89,-2070.81,-169.86519999999996,1.5,20,26.2,22.077145687352143,25.8,2.1,85,warm,2017-08-15 20:00:00
position_89,-2070.81,-169.86519999999996,1.5,21,26.0,21.599390204569573,25.4,2.1,89,warm,2017-08-15 21:00:00
position_89,-2070.81,-169.86519999999996,1.5,22,24.9,21.208777110708386,25.0,2.6,90,comfortable,2017-08-15 22:00:00
position_89,-2070.81,-169.86519999999996,1.5,23,24.9,21.208777110708386,25.0,2.6,90,comfortable,2017-08-15 23:00:00
position_90,-2020.81,-619.8652,1.5,0,24.6,23.0,23.0,0.5,77,comfortable,2017-08-15 00:00:00
position_90,-2020.81,-619.8652,1.5,1,24.2,22.6,22.6,0.5,78,comfortable,2017-08-15 01:00:00
position_90,-2020.81,-619.8652,1.5,2,23.7,22.2,22.2,0.5,78,comfortable,2017-08-15 02:00:00
position_90,-2020.81,-619.8652,1.5,3,19.8,21.3,21.3,2.6,74,comfortable,2017-08-15 03:00:00
position_90,-2020.81,-619.8652,1.5,4,16.0,20.4,20.4,4.1,71,comfortable,2017-08-15 04:00:00
position_90,-2020.81,-619.8652,1.5,5,21.4,20.4,20.4,0.5,71,comfortable,2017-08-15 05:00:00
position_90,-2020.81,-619.8652,1.5,6,21.2,20.6,20.6,1.0,73,comfortable,2017-08-15 06:00:00
position_90,-2020.81,-619.8652,1.5,7,23.7,23.0,23.0,1.0,69,comfortable,2017-08-15 07:00:00
position_90,-2020.81,-619.8652,1.5,8,27.2,25.8,25.8,0.5,69,warm,2017-08-15 08:00:00
position_90,-2020.81,-619.8652,1.5,9,28.0,28.0,28.0,1.5,55,warm,2017-08-15 09:00:00
position_90,-2020.81,-619.8652,1.5,10,29.8,30.0,30.0,1.5,47,warm,2017-08-15 10:00:00
position_90,-2020.81,-619.8652,1.5,11,30.5,31.6,31.6,2.6,41,warm,2017-08-15 11:00:00
position_90,-2020.81,-619.8652,1.5,12,31.0,33.4,33.4,5.1,37,warm,2017-08-15 12:00:00
position_90,-2020.81,-619.8652,1.5,13,32.7,34.4,34.4,5.1,41,hot,2017-08-15 13:00:00
position_90,-2020.81,-619.8652,1.5,14,31.8,34.0,34.0,5.7,38,warm,2017-08-15 14:00:00
position_90,-2020.81,-619.8652,1.5,15,31.3,33.6,33.6,7.7,37,warm,2017-08-15 15:00:00
position_90,-2020.81,-619.8652,1.5,16,29.9,32.6,32.6,7.2,40,warm,2017-08-15 16:00:00
position_90,-2020.81,-619.8652,1.5,17,27.2,30.0,30.0,7.7,58,warm,2017-08-15 17:00:00
position_90,-2020.81,-619.8652,1.5,18,25.9,28.8,28.8,6.7,64,comfortable,2017-08-15 18:00:00
position_90,-2020.81,-619.8652,1.5,19,24.8,26.8,26.8,5.1,80,comfortable,2017-08-15 19:00:00
position_90,-2020.81,-619.8652,1.5,20,27.1,25.8,25.8,2.1,85,warm,2017-08-15 20:00:00
position_90,-2020.81,-619.8652,1.5,21,27.0,25.4,25.4,2.1,89,warm,2017-08-15 21:00:00
position_90,-2020.81,-619.8652,1.5,22,25.8,25.0,25.0,2.6,90,comfortable,2017-08-15 22:00:00
position_90,-2020.81,-619.8652,1.5,23,25.8,25.0,25.0,2.6,90,comfortable,2017-08-15 23:00:00
position_91,-2020.81,-569.8652,1.5,0,24.6,23.0,23.0,0.5,77,comfortable,2017-08-15 00:00:00
position_91,-2020.81,-569.8652,1.5,1,24.2,22.6,22.6,0.5,78,comfortable,2017-08-15 01:00:00
position_91,-2020.81,-569.8652,1.5,2,23.7,22.2,22.2,0.5,78,comfortable,2017-08-15 02:00:00
position_91,-2020.81,-569.8652,1.5,3,19.8,21.3,21.3,2.6,74,comfortable,2017-08-15 03:00:00
position_91,-2020.81,-569.8652,1.5,4,16.0,20.4,20.4,4.1,71,comfortable,2017-08-15 04:00:00
position_91,-2020.81,-569.8652,1.5,5,21.4,20.4,20.4,0.5,71,comfortable,2017-08-15 05:00:00
position_91,-2020.81,-569.8652,1.5,6,21.2,20.6,20.6,1.0,73,comfortable,2017-08-15 06:00:00
position_91,-2020.81,-569.8652,1.5,7,23.7,23.0,23.0,1.0,69,comfortable,2017-08-15 07:00:00
position_91,-2020.81,-569.8652,1.5,8,27.2,25.8,25.8,0.5,69,warm,2017-08-15 08:00:00
position_91,-2020.81,-569.8652,1.5,9,28.0,28.0,28.0,1.5,55,warm,2017-08-15 09:00:00
position_91,-2020.81,-569.8652,1.5,10,29.8,30.0,30.0,1.5,47,warm,2017-08-15 10:00:00
position_91,-2020.81,-569.8652,1.5,11,30.5,31.6,31.6,2.6,41,warm,2017-08-15 11:00:00
position_91,-2020.81,-569.8652,1.5,12,31.0,33.4,33.4,5.1,37,warm,2017-08-15 12:00:00
position_91,-2020.81,-569.8652,1.5,13,32.7,34.4,34.4,5.1,41,hot,2017-08-15 13:00:00
position_91,-2020.81,-569.8652,1.5,14,31.8,34.0,34.0,5.7,38,warm,2017-08-15 14:00:00
position_91,-2020.81,-569.8652,1.5,15,31.3,33.6,33.6,7.7,37,warm,2017-08-15 15:00:00
position_91,-2020.81,-569.8652,1.5,16,29.9,32.6,32.6,7.2,40,warm,2017-08-15 16:00:00
position_91,-2020.81,-569.8652,1.5,17,27.2,30.0,30.0,7.7,58,warm,2017-08-15 17:00:00
position_91,-2020.81,-569.8652,1.5,18,25.9,28.8,28.8,6.7,64,comfortable,2017-08-15 18:00:00
position_91,-2020.81,-569.8652,1.5,19,24.8,26.8,26.8,5.1,80,comfortable,2017-08-15 19:00:00
position_91,-2020.81,-569.8652,1.5,20,27.1,25.8,25.8,2.1,85,warm,2017-08-15 20:00:00
position_91,-2020.81,-569.8652,1.5,21,27.0,25.4,25.4,2.1,89,warm,2017-08-15 21:00:00
position_91,-2020.81,-569.8652,1.5,22,25.8,25.0,25.0,2.6,90,comfortable,2017-08-15 22:00:00
position_91,-2020.81,-569.8652,1.5,23,25.8,25.0,25.0,2.6,90,comfortable,2017-08-15 23:00:00
position_92,-2020.81,-519.8652,1.5,0,24.6,23.0,23.0,0.5,77,comfortable,2017-08-15 00:00:00
position_92,-2020.81,-519.8652,1.5,1,24.2,22.6,22.6,0.5,78,comfortable,2017-08-15 01:00:00
position_92,-2020.81,-519.8652,1.5,2,23.7,22.2,22.2,0.5,78,comfortable,2017-08-15 02:00:00
position_92,-2020.81,-519.8652,1.5,3,19.8,21.3,21.3,2.6,74,comfortable,2017-08-15 03:00:00
position_92,-2020.81,-519.8652,1.5,4,16.0,20.4,20.4,4.1,71,comfortable,2017-08-15 04:00:00
position_92,-2020.81,-519.8652,1.5,5,21.4,20.4,20.4,0.5,71,comfortable,2017-08-15 05:00:00
position_92,-2020.81,-519.8652,1.5,6,21.2,20.6,20.6,1.0,73,comfortable,2017-08-15 06:00:00
position_92,-2020.81,-519.8652,1.5,7,23.7,23.0,23.0,1.0,69,comfortable,2017-08-15 07:00:00
position_92,-2020.81,-519.8652,1.5,8,27.2,25.8,25.8,0.5,69,warm,2017-08-15 08:00:00
position_92,-2020.81,-519.8652,1.5,9,28.0,28.0,28.0,1.5,55,warm,2017-08-15 09:00:00
position_92,-2020.81,-519.8652,1.5,10,29.8,30.0,30.0,1.5,47,warm,2017-08-15 10:00:00
position_92,-2020.81,-519.8652,1.5,11,30.5,31.6,31.6,2.6,41,warm,2017-08-15 11:00:00
position_92,-2020.81,-519.8652,1.5,12,31.0,33.4,33.4,5.1,37,warm,2017-08-15 12:00:00
position_92,-2020.81,-519.8652,1.5,13,32.7,34.4,34.4,5.1,41,hot,2017-08-15 13:00:00
position_92,-2020.81,-519.8652,1.5,14,31.8,34.0,34.0,5.7,38,warm,2017-08-15 14:00:00
position_92,-2020.81,-519.8652,1.5,15,31.3,33.6,33.6,7.7,37,warm,2017-08-15 15:00:00
position_92,-2020.81,-519.8652,1.5,16,29.9,32.6,32.6,7.2,40,warm,2017-08-15 16:00:00
position_92,-2020.81,-519.8652,1.5,17,27.2,30.0,30.0,7.7,58,warm,2017-08-15 17:00:00
position_92,-2020.81,-519.8652,1.5,18,25.9,28.8,28.8,6.7,64,comfortable,2017-08-15 18:00:00
position_92,-2020.81,-519.8652,1.5,19,24.8,26.8,26.8,5.1,80,comfortable,2017-08-15 19:00:00
position_92,-2020.81,-519.8652,1.5,20,27.1,25.8,25.8,2.1,85,warm,2017-08-15 20:00:00
position_92,-2020.81,-519.8652,1.5,21,27.0,25.4,25.4,2.1,89,warm,2017-08-15 21:00:00
position_92,-2020.81,-519.8652,1.5,22,25.8,25.0,25.0,2.6,90,comfortable,2017-08-15 22:00:00
position_92,-2020.81,-519.8652,1.5,23,25.8,25.0,25.0,2.6,90,comfortable,2017-08-15 23:00:00
position_93,-2020.81,-469.86519999999996,1.5,0,23.6,19.941519192566446,23.0,0.5,77,comfortable,2017-08-15 00:00:00
position_93,-2020.81,-469.86519999999996,1.5,1,23.3,19.544207009004086,22.6,0.5,78,comfortable,2017-08-15 01:00:00
position_93,-2020.81,-469.86519999999996,1.5,2,22.8,19.078019877199353,22.2,0.5,78,comfortable,2017-08-15 02:00:00
position_93,-2020.81,-469.86519999999996,1.5,3,18.8,18.145563020530105,21.3,2.6,74,comfortable,2017-08-15 03:00:00
position_93,-2020.81,-469.86519999999996,1.5,4,15.0,17.139562882449496,20.4,4.1,71,comfortable,2017-08-15 04:00:00
position_93,-2020.81,-469.86519999999996,1.5,5,20.3,17.139562882449496,20.4,0.5,71,comfortable,2017-08-15 05:00:00
position_93,-2020.81,-469.86519999999996,1.5,6,20.8,19.17069328318727,20.6,1.0,73,comfortable,2017-08-15 06:00:00
position_93,-2020.81,-469.86519999999996,1.5,7,24.6,26.29020371933678,23.0,1.0,69,comfortable,2017-08-15 07:00:00
position_93,-2020.81,-469.86519999999996,1.5,8,29.2,33.16486950974984,25.8,0.5,69,warm,2017-08-15 08:00:00
position_93,-2020.81,-469.86519999999996,1.5,9,30.9,38.748426937034004,28.0,1.5,55,warm,2017-08-15 09:00:00
position_93,-2020.81,-469.86519999999996,1.5,10,33.2,43.38106623465564,30.0,1.5,47,hot,2017-08-15 10:00:00
position_93,-2020.81,-469.86519999999996,1.5,11,34.2,47.00747491955038,31.6,2.6,41,hot,2017-08-15 11:00:00
position_93,-2020.81,-469.86519999999996,1.5,12,34.6,49.69526495505628,33.4,5.1,37,hot,2017-08-15 12:00:00
position_93,-2020.81,-469.86519999999996,1.5,13,36.0,49.885376469594206,34.4,5.1,41,hot,2017-08-15 13:00:00
position_93,-2020.81,-469.86519999999996,1.5,14,34.7,47.877998049934945,34.0,5.7,38,hot,2017-08-15 14:00:00
position_93,-2020.81,-469.86519999999996,1.5,15,33.5,44.77969836760313,33.6,7.7,37,hot,2017-08-15 15:00:00
position_93,-2020.81,-469.86519999999996,1.5,16,31.5,40.5488082004299,32.6,7.2,40,warm,2017-08-15 16:00:00
position_93,-2020.81,-469.86519999999996,1.5,17,28.1,34.60092298973735,30.0,7.7,58,warm,2017-08-15 17:00:00
position_93,-2020.81,-469.86519999999996,1.5,18,25.9,28.926324015787547,28.8,6.7,64,comfortable,2017-08-15 18:00:00
position_93,-2020.81,-469.86519999999996,1.5,19,24.2,24.013400695441554,26.8,5.1,80,comfortable,2017-08-15 19:00:00
position_93,-2020.81,-469.86519999999996,1.5,20,26.4,23.03495764549072,25.8,2.1,85,warm,2017-08-15 20:00:00
position_93,-2020.81,-469.86519999999996,1.5,21,26.3,22.577207009786633,25.4,2.1,89,warm,2017-08-15 21:00:00
position_93,-2020.81,-469.86519999999996,1.5,22,25.1,22.184178862798298,25.0,2.6,90,comfortable,2017-08-15 22:00:00
position_93,-2020.81,-469.86519999999996,1.5,23,25.1,22.184178862798298,25.0,2.6,90,comfortable,2017-08-15 23:00:00
position_94,-2020.81,-419.86519999999996,1.5,0,23.4,19.010093438298416,23.0,0.5,77,comfortable,2017-08-15 00:00:00
position_94,-2020.81,-419.86519999999996,1.5,1,23.0,18.613599798846806,22.6,0.5,78,comfortable,2017-08-15 01:00:00
position_94,-2020.81,-419.86519999999996,1.5,2,22.5,18.12725612428587,22.2,0.5,78,comfortable,2017-08-15 02:00:00
position_94,-2020.81,-419.86519999999996,1.5,3,18.5,17.18491489883757,21.3,2.6,74,comfortable,2017-08-15 03:00:00
position_94,-2020.81,-419.86519999999996,1.5,4,14.7,16.146633617019102,20.4,4.1,71,comfortable,2017-08-15 04:00:00
position_94,-2020.81,-419.86519999999996,1.5,5,20.0,16.146633617019102,20.4,0.5,71,comfortable,2017-08-15 05:00:00
position_94,-2020.81,-419.86519999999996,1.5,6,20.7,18.735414080665546,20.6,1.0,73,comfortable,2017-08-15 06:00:00
position_94,-2020.81,-419.86519999999996,1.5,7,24.9,27.292198066834516,23.0,1.0,69,comfortable,2017-08-15 07:00:00
position_94,-2020.81,-419.86519999999996,1.5,8,29.8,35.40775726027347,25.8,0.5,69,warm,2017-08-15 08:00:00
position_94,-2020.81,-419.86519999999996,1.5,9,31.7,42.02173885146202,28.0,1.5,55,warm,2017-08-15 09:00:00
position_94,-2020.81,-419.86519999999996,1.5,10,34.3,47.45611868560856,30.0,1.5,47,hot,2017-08-15 10:00:00
position_94,-2020.81,-419.86519999999996,1.5,11,35.3,51.699647227262254,31.6,2.6,41,hot,2017-08-15 11:00:00
position_94,-2020.81,-419.86519999999996,1.5,12,35.7,54.65780368175725,33.4,5.1,37,hot,2017-08-15 12:00:00
position_94,-2020.81,-419.86519999999996,1.5,13,37.0,54.601272813707375,34.4,5.1,41,hot,2017-08-15 13:00:00
position_94,-2020.81,-419.86519999999996,1.5,14,35.6,52.10438546749657,34.0,5.7,38,hot,2017-08-15 14:00:00
position_94,-2020.81,-419.86519999999996,1.5,15,34.2,48.1843491207565,33.6,7.7,37,hot,2017-08-15 15:00:00
position_94,-2020.81,-419.86519999999996,1.5,16,32.0,42.969527877866746,32.6,7.2,40,hot,2017-08-15 16:00:00
position_94,-2020.81,-419.86519999999996,1.5,17,28.4,36.002082073564075,30.0,7.7,58,warm,2017-08-15 17:00:00
position_94,-2020.81,-419.86519999999996,1.5,18,25.9,28.96479456672287,28.8,6.7,64,comfortable,2017-08-15 18:00:00
position_94,-2020.81,-419.86519999999996,1.5,19,24.0,23.16477337929728,26.8,5.1,80,comfortable,2017-08-15 19:00:00
position_94,-2020.81,-419.86519999999996,1.5,20,26.2,22.192895254786052,25.8,2.1,85,warm,2017-08-15 20:00:00
position_94,-2020.81,-419.86519999999996,1.5,21,26.0,21.717557315839976,25.4,2.1,89,warm,2017-08-15 21:00:00
position_94,-2020.81,-419.86519999999996,1.5,22,24.9,21.326652367870658,25.0,2.6,90,comfortable,2017-08-15 22:00:00
position_94,-2020.81,-419.86519999999996,1.5,23,24.9,21.326652367870658,25.0,2.6,90,comfortable,2017-08-15 23:00:00
position_95,-2020.81,-369.86519999999996,1.5,0,23.5,19.427057492644316,23.0,0.5,77,comfortable,2017-08-15 00:00:00
position_95,-2020.81,-369.86519999999996,1.5,1,23.1,19.03019742197743,22.6,0.5,78,comfortable,2017-08-15 01:00:00
position_95,-2020.81,-369.86519999999996,1.5,2,22.6,18.552877068653544,22.2,0.5,78,comfortable,2017-08-15 02:00:00
position_95,-2020.81,-369.86519999999996,1.5,3,18.7,17.614960700969675,21.3,2.6,74,comfortable,2017-08-15 03:00:00
position_95,-2020.81,-369.86519999999996,1.5,4,14.9,16.591130465313697,20.4,4.1,71,comfortable,2017-08-15 04:00:00
position_95,-2020.81,-369.86519999999996,1.5,5,20.1,16.591130465313697,20.4,0.5,71,comfortable,2017-08-15 05:00:00
position_95,-2020.81,-369.86519999999996,1.5,6,20.7,18.930272103674085,20.6,1.0,73,comfortable,2017-08-15 06:00:00
position_95,-2020.81,-369.86519999999996,1.5,7,24.8,26.84364312442511,23.0,1.0,69,comfortable,2017-08-15 07:00:00
position_95,-2020.81,-369.86519999999996,1.5,8,29.6,34.40370131097664,25.8,0.5,69,warm,2017-08-15 08:00:00
position_95,-2020.81,-369.86519999999996,1.5,9,31.3,40.55640100706106,28.0,1.5,55,warm,2017-08-15 09:00:00
position_95,-2020.81,-369.86519999999996,1.5,10,33.8,45.63187195006835,30.0,1.5,47,hot,2017-08-15 10:00:00
position_95,-2020.81,-369.86519999999996,1.5,11,34.8,49.59913929074871,31.6,2.6,41,hot,2017-08-15 11:00:00
position_95,-2020.81,-369.86519999999996,1.5,12,35.2,52.4362629332304,33.4,5.1,37,hot,2017-08-15 12:00:00
position_95,-2020.81,-369.86519999999996,1.5,13,36.5,52.49014452408677,34.4,5.1,41,hot,2017-08-15 13:00:00
position_95,-2020.81,-369.86519999999996,1.5,14,35.2,50.212391795657545,34.0,5.7,38,hot,2017-08-15 14:00:00
position_95,-2020.81,-369.86519999999996,1.5,15,33.9,46.66021584962714,33.6,7.7,37,hot,2017-08-15 15:00:00
position_95,-2020.81,-369.86519999999996,1.5,16,31.8,41.885863306091856,32.6,7.2,40,warm,2017-08-15 16:00:00
position_95,-2020.81,-369.86519999999996,1.5,17,28.3,35.37483618767475,30.0,7.7,58,warm,2017-08-15 17:00:00
position_95,-2020.81,-369.86519999999996,1.5,18,25.9,28.947572757236273,28.8,6.7,64,comfortable,2017-08-15 18:00:00
position_95,-2020.81,-369.86519999999996,1.5,19,24.1,23.5446717069383,26.8,5.1,80,comfortable,2017-08-15 19:00:00
position_95,-2020.81,-369.86519999999996,1.5,20,26.3,22.569854713799877,25.8,2.1,85,warm,2017-08-15 20:00:00
position_95,-2020.81,-369.86519999999996,1.5,21,26.1,22.102389944809847,25.4,2.1,89,warm,2017-08-15 21:00:00
position_95,-2020.81,-369.86519999999996,1.5,22,25.0,21.710534521005933,25.0,2.6,90,comfortable,2017-08-15 22:00:00
position_95,-2020.81,-369.86519999999996,1.5,23,25.0,21.710534521005933,25.0,2.6,90,comfortable,2017-08-15 23:00:00
position_96,-2020.81,-319.86519999999996,1.5,0,23.5,19.30705984338821,23.0,0.5,77,comfortable,2017-08-15 00:00:00
position_96,-2020.81,-319.86519999999996,1.5,1,23.1,18.910305227577656,22.6,0.5,78,comfortable,2017-08-15 01:00:00
position_96,-2020.81,-319.86519999999996,1.5,2,22.6,18.43038806206902,22.2,0.5,78,comfortable,2017-08-15 02:00:00
position_96,-2020.81,-319.86519999999996,1.5,3,18.6,17.4911982691954,21.3,2.6,74,comfortable,2017-08-15 03:00:00
position_96,-2020.81,-319.86519999999996,1.5,4,14.8,16.46320918207317,20.4,4.1,71,comfortable,2017-08-15 04:00:00
position_96,-2020.81,-319.86519999999996,1.5,5,20.1,16.46320918207317,20.4,0.5,71,comfortable,2017-08-15 05:00:00
position_96,-2020.81,-319.86519999999996,1.5,6,20.7,18.874194116960346,20.6,1.0,73,comfortable,2017-08-15 06:00:00
position_96,-2020.81,-319.86519999999996,1.5,7,24.8,26.972732282328124,23.0,1.0,69,comfortable,2017-08-15 07:00:00
position_96,-2020.81,-319.86519999999996,1.5,8,29.6,34.69265752286458,25.8,0.5,69,warm,2017-08-15 08:00:00
position_96,-2020.81,-319.86519999999996,1.5,9,31.4,40.97810905326175,28.0,1.5,55,warm,2017-08-15 09:00:00
position_96,-2020.81,-319.86519999999996,1.5,10,33.9,46.156870010803715,30.0,1.5,47,hot,2017-08-15 10:00:00
position_96,-2020.81,-319.86519999999996,1.5,11,34.9,50.20364227367568,31.6,2.6,41,hot,2017-08-15 11:00:00
position_96,-2020.81,-319.86519999999996,1.5,12,35.3,53.0755978225845,33.4,5.1,37,hot,2017-08-15 12:00:00
position_96,-2020.81,-319.86519999999996,1.5,13,36.7,53.09770392733064,34.4,5.1,41,hot,2017-08-15 13:00:00
position_96,-2020.81,-319.86519999999996,1.5,14,35.3,50.75688667635959,34.0,5.7,38,hot,2017-08-15 14:00:00
position_96,-2020.81,-319.86519999999996,1.5,15,34.0,47.098844570214226,33.6,7.7,37,hot,2017-08-15 15:00:00
position_96,-2020.81,-319.86519999999996,1.5,16,31.8,42.197730000210385,32.6,7.2,40,warm,2017-08-15 16:00:00
position_96,-2020.81,-319.86519999999996,1.5,17,28.3,35.55535062537695,30.0,7.7,58,warm,2017-08-15 17:00:00
position_96,-2020.81,-319.86519999999996,1.5,18,25.9,28.952529003782683,28.8,6.7,64,comfortable,2017-08-15 18:00:00
position_96,-2020.81,-319.86519999999996,1.5,19,24.1,23.435341164417643,26.8,5.1,80,comfortable,2017-08-15 19:00:00
position_96,-2020.81,-319.86519999999996,1.5,20,26.3,22.4613699452088,25.8,2.1,85,warm,2017-08-15 20:00:00
position_96,-2020.81,-319.86519999999996,1.5,21,26.1,21.99163936486867,25.4,2.1,89,warm,2017-08-15 21:00:00
position_96,-2020.81,-319.86519999999996,1.5,22,25.0,21.600057477511456,25.0,2.6,90,comfortable,2017-08-15 22:00:00
position_96,-2020.81,-319.86519999999996,1.5,23,25.0,21.600057477511456,25.0,2.6,90,comfortable,2017-08-15 23:00:00
position_97,-2020.81,-269.86519999999996,1.5,0,24.1,21.28086672415788,23.0,0.5,77,comfortable,2017-08-15 00:00:00
position_97,-2020.81,-269.86519999999996,1.5,1,23.7,20.88237751169203,22.6,0.5,78,comfortable,2017-08-15 01:00:00
position_97,-2020.81,-269.86519999999996,1.5,2,23.2,20.445174564254366,22.2,0.5,78,comfortable,2017-08-15 02:00:00
position_97,-2020.81,-269.86519999999996,1.5,3,19.2,19.52693097672106,21.3,2.6,74,comfortable,2017-08-15 03:00:00
position_97,-2020.81,-269.86519999999996,1.5,4,15.5,18.567349643342954,20.4,4.1,71,comfortable,2017-08-15 04:00:00
position_97,-2020.81,-269.86519999999996,1.5,5,20.8,18.567349643342954,20.4,0.5,71,comfortable,2017-08-15 05:00:00
position_97,-2020.81,-269.86519999999996,1.5,6,21.0,19.796604820182186,20.6,1.0,73,comfortable,2017-08-15 06:00:00
position_97,-2020.81,-269.86519999999996,1.5,7,24.2,24.849381786037004,23.0,1.0,69,comfortable,2017-08-15 07:00:00
position_97,-2020.81,-269.86519999999996,1.5,8,28.3,29.939699754097944,25.8,0.5,69,warm,2017-08-15 08:00:00
position_97,-2020.81,-269.86519999999996,1.5,9,29.6,34.041554475510424,28.0,1.5,55,warm,2017-08-15 09:00:00
position_97,-2020.81,-269.86519999999996,1.5,10,31.7,37.52132763898132,30.0,1.5,47,warm,2017-08-15 10:00:00
position_97,-2020.81,-269.86519999999996,1.5,11,32.5,40.260346262930526,31.6,2.6,41,hot,2017-08-15 11:00:00
position_97,-2020.81,-269.86519999999996,1.5,12,33.0,42.559361783410424,33.4,5.1,37,hot,2017-08-15 12:00:00
position_97,-2020.81,-269.86519999999996,1.5,13,34.5,43.104133736304405,34.4,5.1,41,hot,2017-08-15 13:00:00
position_97,-2020.81,-269.86519999999996,1.5,14,33.5,41.800646710526564,34.0,5.7,38,hot,2017-08-15 14:00:00
position_97,-2020.81,-269.86519999999996,1.5,15,32.5,39.88396667747992,33.6,7.7,37,hot,2017-08-15 15:00:00
position_97,-2020.81,-269.86519999999996,1.5,16,30.8,37.06792428693134,32.6,7.2,40,warm,2017-08-15 16:00:00
position_97,-2020.81,-269.86519999999996,1.5,17,27.7,32.58612046608905,30.0,7.7,58,warm,2017-08-15 17:00:00
position_97,-2020.81,-269.86519999999996,1.5,18,25.9,28.871005127300638,28.8,6.7,64,comfortable,2017-08-15 18:00:00
position_97,-2020.81,-269.86519999999996,1.5,19,24.5,25.233687869068312,26.8,5.1,80,comfortable,2017-08-15 19:00:00
position_97,-2020.81,-269.86519999999996,1.5,20,26.7,24.24580475731725,25.8,2.1,85,warm,2017-08-15 20:00:00
position_97,-2020.81,-269.86519999999996,1.5,21,26.6,23.813343857350624,25.4,2.1,89,warm,2017-08-15 21:00:00
position_97,-2020.81,-269.86519999999996,1.5,22,25.4,23.417262647515173,25.0,2.6,90,comfortable,2017-08-15 22:00:00
position_97,-2020.81,-269.86519999999996,1.5,23,25.4,23.417262647515173,25.0,2.6,90,comfortable,2017-08-15 23:00:00
position_98,-2020.81,-219.86519999999996,1.5,0,24.2,21.614767004796022,23.0,0.5,77,comfortable,2017-08-15 00:00:00
position_98,-2020.81,-219.86519999999996,1.5,1,23.8,21.215984358197563,22.6,0.5,78,comfortable,2017-08-15 01:00:00
position_98,-2020.81,-219.86519999999996,1.5,2,23.3,20.786007188286607,22.2,0.5,78,comfortable,2017-08-15 02:00:00
position_98,-2020.81,-219.86519999999996,1.5,3,19.3,19.871306978735,21.3,2.6,74,comfortable,2017-08-15 03:00:00
position_98,-2020.81,-219.86519999999996,1.5,4,15.6,18.92329788598262,20.4,4.1,71,comfortable,2017-08-15 04:00:00
position_98,-2020.81,-219.86519999999996,1.5,5,20.9,18.92329788598262,20.4,0.5,71,comfortable,2017-08-15 05:00:00
position_98,-2020.81,-219.86519999999996,1.5,6,21.0,19.952645006114306,20.6,1.0,73,comfortable,2017-08-15 06:00:00
position_98,-2020.81,-219.86519999999996,1.5,7,24.1,24.490183865758052,23.0,1.0,69,comfortable,2017-08-15 07:00:00
position_98,-2020.81,-219.86519999999996,1.5,8,28.1,29.135662668041395,25.8,0.5,69,warm,2017-08-15 08:00:00
position_98,-2020.81,-219.86519999999996,1.5,9,29.3,32.86812786385032,28.0,1.5,55,warm,2017-08-15 09:00:00
position_98,-2020.81,-219.86519999999996,1.5,10,31.4,36.06049069008503,30.0,1.5,47,warm,2017-08-15 10:00:00
position_98,-2020.81,-219.86519999999996,1.5,11,32.1,38.578282348368994,31.6,2.6,41,hot,2017-08-15 11:00:00
position_98,-2020.81,-219.86519999999996,1.5,12,32.6,40.78037610910376,33.4,5.1,37,hot,2017-08-15 12:00:00
position_98,-2020.81,-219.86519999999996,1.5,13,34.2,41.41356515846085,34.4,5.1,41,hot,2017-08-15 13:00:00
position_98,-2020.81,-219.86519999999996,1.5,14,33.1,40.2855587517248,34.0,5.7,38,hot,2017-08-15 14:00:00
position_98,-2020.81,-219.86519999999996,1.5,15,32.3,38.663457327439296,33.6,7.7,37,hot,2017-08-15 15:00:00
position_98,-2020.81,-219.86519999999996,1.5,16,30.6,36.20013748166136,32.6,7.2,40,warm,2017-08-15 16:00:00
position_98,-2020.81,-219.86519999999996,1.5,17,27.6,32.0838287813631,30.0,7.7,58,warm,2017-08-15 17:00:00
position_98,-2020.81,-219.86519999999996,1.5,18,25.9,28.857214089534345,28.8,6.7,64,comfortable,2017-08-15 18:00:00
position_98,-2020.81,-219.86519999999996,1.5,19,24.5,25.53790631881522,26.8,5.1,80,comfortable,2017-08-15 19:00:00
position_98,-2020.81,-219.86519999999996,1.5,20,26.8,24.547669793024866,25.8,2.1,85,warm,2017-08-15 20:00:00
position_98,-2020.81,-219.86519999999996,1.5,21,26.6,24.12151364194591,25.4,2.1,89,warm,2017-08-15 21:00:00
position_98,-2020.81,-219.86519999999996,1.5,22,25.5,23.724671301397624,25.0,2.6,90,comfortable,2017-08-15 22:00:00
position_98,-2020.81,-219.86519999999996,1.5,23,25.5,23.724671301397624,25.0,2.6,90,comfortable,2017-08-15 23:00:00
position_99,-2020.81,-169.86519999999996,1.5,0,23.3,18.854094485986394,23.0,0.5,77,comfortable,2017-08-15 00:00:00
position_99,-2020.81,-169.86519999999996,1.5,1,22.9,18.45773793961291,22.6,0.5,78,comfortable,2017-08-15 01:00:00
position_99,-2020.81,-169.86519999999996,1.5,2,22.4,17.968018365751583,22.2,0.5,78,comfortable,2017-08-15 02:00:00
position_99,-2020.81,-169.86519999999996,1.5,3,18.5,17.024021666244582,21.3,2.6,74,comfortable,2017-08-15 03:00:00
position_99,-2020.81,-169.86519999999996,1.5,4,14.7,15.980333807917503,20.4,4.1,71,comfortable,2017-08-15 04:00:00
position_99,-2020.81,-169.86519999999996,1.5,5,19.9,15.980333807917503,20.4,0.5,71,comfortable,2017-08-15 05:00:00
position_99,-2020.81,-169.86519999999996,1.5,6,20.6,18.662511759417235,20.6,1.0,73,comfortable,2017-08-15 06:00:00
position_99,-2020.81,-169.86519999999996,1.5,7,25.0,27.46001613254288,23.0,1.0,69,comfortable,2017-08-15 07:00:00
position_99,-2020.81,-169.86519999999996,1.5,8,29.9,35.78340517169515,25.8,0.5,69,warm,2017-08-15 08:00:00
position_99,-2020.81,-169.86519999999996,1.5,9,31.8,42.56996636922324,28.0,1.5,55,warm,2017-08-15 09:00:00
position_99,-2020.81,-169.86519999999996,1.5,10,34.4,48.138624950925184,30.0,1.5,47,hot,2017-08-15 10:00:00
position_99,-2020.81,-169.86519999999996,1.5,11,35.5,52.485511222021294,31.6,2.6,41,hot,2017-08-15 11:00:00
position_99,-2020.81,-169.86519999999996,1.5,12,35.8,55.4889497378179,33.4,5.1,37,hot,2017-08-15 12:00:00
position_99,-2020.81,-169.86519999999996,1.5,13,37.2,55.39111020603059,34.4,5.1,41,hot,2017-08-15 13:00:00
position_99,-2020.81,-169.86519999999996,1.5,14,35.8,52.812237925068395,34.0,5.7,38,hot,2017-08-15 14:00:00
position_99,-2020.81,-169.86519999999996,1.5,15,34.3,48.75457379840421,33.6,7.7,37,hot,2017-08-15 15:00:00
position_99,-2020.81,-169.86519999999996,1.5,16,32.1,43.37495979961772,32.6,7.2,40,hot,2017-08-15 16:00:00
position_99,-2020.81,-169.86519999999996,1.5,17,28.5,36.236753863664205,30.0,7.7,58,warm,2017-08-15 17:00:00
position_99,-2020.81,-169.86519999999996,1.5,18,25.9,28.97123777018088,28.8,6.7,64,comfortable,2017-08-15 18:00:00
position_99,-2020.81,-169.86519999999996,1.5,19,24.0,23.022641844265905,26.8,5.1,80,comfortable,2017-08-15 19:00:00
position_99,-2020.81,-169.86519999999996,1.5,20,26.2,22.051863240017987,25.8,2.1,85,warm,2017-08-15 20:00:00
position_99,-2020.81,-169.86519999999996,1.5,21,26.0,21.573579708396196,25.4,2.1,89,warm,2017-08-15 21:00:00
position_99,-2020.81,-169.86519999999996,1.5,22,24.9,21.183030362385487,25.0,2.6,90,comfortable,2017-08-15 22:00:00
position_99,-2020.81,-169.86519999999996,1.5,23,24.9,21.183030362385487,25.0,2.6,90,comfortable,2017-08-15 23:00:00
position_100,-1970.81,-619.8652,1.5,0,23.2,18.57829738592514,23.0,0.5,77,comfortable,2017-08-15 00:00:00
position_100,-1970.81,-619.8652,1.5,1,22.8,18.18218321216266,22.6,0.5,78,comfortable,2017-08-15 01:00:00
position_100,-1970.81,-619.8652,1.5,2,22.4,17.68649524413363,22.2,0.5,78,comfortable,2017-08-15 02:00:00
position_100,-1970.81,-619.8652,1.5,3,18.4,16.739571762505015,21.3,2.6,74,comfortable,2017-08-15 03:00:00
position_100,-1970.81,-619.8652,1.5,4,14.6,15.686325390481311,20.4,4.1,71,comfortable,2017-08-15 04:00:00
position_100,-1970.81,-619.8652,1.5,5,19.8,15.686325390481311,20.4,0.5,71,comfortable,2017-08-15 05:00:00
position_100,-1970.81,-619.8652,1.5,6,20.6,18.533624683638653,20.6,1.0,73,comfortable,2017-08-15 06:00:00
position_100,-1970.81,-619.8652,1.5,7,25.1,27.756708739603994,23.0,1.0,69,comfortable,2017-08-15 07:00:00
position_100,-1970.81,-619.8652,1.5,8,30.1,36.44752889226314,25.8,0.5,69,warm,2017-08-15 08:00:00
position_100,-1970.81,-619.8652,1.5,9,32.1,43.53920082452843,28.0,1.5,55,hot,2017-08-15 09:00:00
position_100,-1970.81,-619.8652,1.5,10,34.7,49.34525644401026,30.0,1.5,47,hot,2017-08-15 10:00:00
position_100,-1970.81,-619.8652,1.5,11,35.8,53.87487318621953,31.6,2.6,41,hot,2017-08-15 11:00:00
position_100,-1970.81,-619.8652,1.5,12,36.2,56.95836776012861,33.4,5.1,37,hot,2017-08-15 12:00:00
position_100,-1970.81,-619.8652,1.5,13,37.5,56.7874969066732,34.4,5.1,41,hot,2017-08-15 13:00:00
position_100,-1970.81,-619.8652,1.5,14,36.1,54.06368001603236,34.0,5.7,38,hot,2017-08-15 14:00:00
position_100,-1970.81,-619.8652,1.5,15,34.5,49.76269795659756,33.6,7.7,37,hot,2017-08-15 15:00:00
position_100,-1970.81,-619.8652,1.5,16,32.2,44.09173992303502,32.6,7.2,40,hot,2017-08-15 16:00:00
position_100,-1970.81,-619.8652,1.5,17,28.6,36.651639978068005,30.0,7.7,58,warm,2017-08-15 17:00:00
position_100,-1970.81,-619.8652,1.5,18,25.9,28.98262898020176,28.8,6.7,64,comfortable,2017-08-15 18:00:00
position_100,-1970.81,-619.8652,1.5,19,23.9,22.771361533674444,26.8,5.1,80,comfortable,2017-08-15 19:00:00
position_100,-1970.81,-619.8652,1.5,20,26.1,21.802526817482082,25.8,2.1,85,warm,2017-08-15 20:00:00
position_100,-1970.81,-619.8652,1.5,21,25.9,21.319035648848097,25.4,2.1,89,comfortable,2017-08-15 21:00:00
position_100,-1970.81,-619.8652,1.5,22,24.8,20.92911498647601,25.0,2.6,90,comfortable,2017-08-15 22:00:00
position_100,-1970.81,-619.8652,1.5,23,24.8,20.92911498647601,25.0,2.6,90,comfortable,2017-08-15 23:00:00
position_101,-1970.81,-569.8652,1.5,0,23.4,19.18582264967882,23.0,0.5,77,comfortable,2017-08-15 00:00:00
position_101,-1970.81,-569.8652,1.5,1,23.0,18.789174578045788,22.6,0.5,78,comfortable,2017-08-15 01:00:00
position_101,-1970.81,-569.8652,1.5,2,22.5,18.306633775959092,22.2,0.5,78,comfortable,2017-08-15 02:00:00
position_101,-1970.81,-569.8652,1.5,3,18.6,17.366157403745284,21.3,2.6,74,comfortable,2017-08-15 03:00:00
position_101,-1970.81,-569.8652,1.5,4,14.8,16.333966505304684,20.4,4.1,71,comfortable,2017-08-15 04:00:00
position_101,-1970.81,-569.8652,1.5,5,20.1,16.333966505304684,20.4,0.5,71,comfortable,2017-08-15 05:00:00
position_101,-1970.81,-569.8652,1.5,6,20.7,18.817536859254105,20.6,1.0,73,comfortable,2017-08-15 06:00:00
position_101,-1970.81,-569.8652,1.5,7,24.9,27.10315489760008,23.0,1.0,69,comfortable,2017-08-15 07:00:00
position_101,-1970.81,-569.8652,1.5,8,29.7,34.98459857713826,25.8,0.5,69,warm,2017-08-15 08:00:00
position_101,-1970.81,-569.8652,1.5,9,31.5,41.404173233710175,28.0,1.5,55,warm,2017-08-15 09:00:00
position_101,-1970.81,-569.8652,1.5,10,34.1,46.687291164726346,30.0,1.5,47,hot,2017-08-15 10:00:00
position_101,-1970.81,-569.8652,1.5,11,35.1,50.81438961492238,31.6,2.6,41,hot,2017-08-15 11:00:00
position_101,-1970.81,-569.8652,1.5,12,35.5,53.72153687477682,33.4,5.1,37,hot,2017-08-15 12:00:00
position_101,-1970.81,-569.8652,1.5,13,36.8,53.711539260919814,34.4,5.1,41,hot,2017-08-15 13:00:00
position_101,-1970.81,-569.8652,1.5,14,35.5,51.307006047319575,34.0,5.7,38,hot,2017-08-15 14:00:00
position_101,-1970.81,-569.8652,1.5,15,34.1,47.542004211207036,33.6,7.7,37,hot,2017-08-15 15:00:00
position_101,-1970.81,-569.8652,1.5,16,31.9,42.512818196027105,32.6,7.2,40,warm,2017-08-15 16:00:00
position_101,-1970.81,-569.8652,1.5,17,28.4,35.73772973019038,30.0,7.7,58,warm,2017-08-15 17:00:00
position_101,-1970.81,-569.8652,1.5,18,25.9,28.95753644706464,28.8,6.7,64,comfortable,2017-08-15 18:00:00
position_101,-1970.81,-569.8652,1.5,19,24.0,23.324881265877135,26.8,5.1,80,comfortable,2017-08-15 19:00:00
position_101,-1970.81,-569.8652,1.5,20,26.3,22.351764557222204,25.8,2.1,85,warm,2017-08-15 20:00:00
position_101,-1970.81,-569.8652,1.5,21,26.1,21.879744760291054,25.4,2.1,89,warm,2017-08-15 21:00:00
position_101,-1970.81,-569.8652,1.5,22,24.9,21.488439234940763,25.0,2.6,90,comfortable,2017-08-15 22:00:00
position_101,-1970.81,-569.8652,1.5,23,24.9,21.488439234940763,25.0,2.6,90,comfortable,2017-08-15 23:00:00
position_102,-1970.81,-519.8652,1.5,0,23.6,19.8282123482184,23.0,0.5,77,comfortable,2017-08-15 00:00:00
position_102,-1970.81,-519.8652,1.5,1,23.2,19.43099973958161,22.6,0.5,78,comfortable,2017-08-15 01:00:00
position_102,-1970.81,-519.8652,1.5,2,22.7,18.96236058812613,22.2,0.5,78,comfortable,2017-08-15 02:00:00
position_102,-1970.81,-519.8652,1.5,3,18.8,18.02870130965397,21.3,2.6,74,comfortable,2017-08-15 03:00:00
position_102,-1970.81,-519.8652,1.5,4,15.0,17.018774208514714,20.4,4.1,71,comfortable,2017-08-15 04:00:00
position_102,-1970.81,-519.8652,1.5,5,20.3,17.018774208514714,20.4,0.5,71,comfortable,2017-08-15 05:00:00
position_102,-1970.81,-519.8652,1.5,6,20.8,19.11774208163194,20.6,1.0,73,comfortable,2017-08-15 06:00:00
position_102,-1970.81,-519.8652,1.5,7,24.7,26.41209514981238,23.0,1.0,69,comfortable,2017-08-15 07:00:00
position_102,-1970.81,-519.8652,1.5,8,29.3,33.43771415901384,25.8,0.5,69,warm,2017-08-15 08:00:00
position_102,-1970.81,-519.8652,1.5,9,31.0,39.146621470405215,28.0,1.5,55,warm,2017-08-15 09:00:00
position_102,-1970.81,-519.8652,1.5,10,33.4,43.87679155860601,30.0,1.5,47,hot,2017-08-15 10:00:00
position_102,-1970.81,-519.8652,1.5,11,34.3,47.57827214615479,31.6,2.6,41,hot,2017-08-15 11:00:00
position_102,-1970.81,-519.8652,1.5,12,34.7,50.298951937621325,33.4,5.1,37,hot,2017-08-15 12:00:00
position_102,-1970.81,-519.8652,1.5,13,36.1,50.45905969724326,34.4,5.1,41,hot,2017-08-15 13:00:00
position_102,-1970.81,-519.8652,1.5,14,34.8,48.39213309406685,34.0,5.7,38,hot,2017-08-15 14:00:00
position_102,-1970.81,-519.8652,1.5,15,33.6,45.1938701157852,33.6,7.7,37,hot,2017-08-15 15:00:00
position_102,-1970.81,-519.8652,1.5,16,31.5,40.84328589384212,32.6,7.2,40,warm,2017-08-15 16:00:00
position_102,-1970.81,-519.8652,1.5,17,28.2,34.77137233955457,30.0,7.7,58,warm,2017-08-15 17:00:00
position_102,-1970.81,-519.8652,1.5,18,25.9,28.931003912931082,28.8,6.7,64,comfortable,2017-08-15 18:00:00
position_102,-1970.81,-519.8652,1.5,19,24.2,23.910166183426778,26.8,5.1,80,comfortable,2017-08-15 19:00:00
position_102,-1970.81,-519.8652,1.5,20,26.4,22.932521748912045,25.8,2.1,85,warm,2017-08-15 20:00:00
position_102,-1970.81,-519.8652,1.5,21,26.2,22.472631638513587,25.4,2.1,89,warm,2017-08-15 21:00:00
position_102,-1970.81,-519.8652,1.5,22,25.1,22.079861776181502,25.0,2.6,90,comfortable,2017-08-15 22:00:00
position_102,-1970.81,-519.8652,1.5,23,25.1,22.079861776181502,25.0,2.6,90,comfortable,2017-08-15 23:00:00
position_103,-1970.81,-469.86519999999996,1.5,0,23.8,20.383928129857562,23.0,0.5,77,comfortable,2017-08-15 00:00:00
position_103,-1970.81,-469.86519999999996,1.5,1,23.4,19.986227153921252,22.6,0.5,78,comfortable,2017-08-15 01:00:00
position_103,-1970.81,-469.86519999999996,1.5,2,22.9,19.52961398399096,22.2,0.5,78,comfortable,2017-08-15 02:00:00
position_103,-1970.81,-469.86519999999996,1.5,3,19.0,18.60185200833321,21.3,2.6,74,comfortable,2017-08-15 03:00:00
position_103,-1970.81,-469.86519999999996,1.5,4,15.2,17.61118477942992,20.4,4.1,71,comfortable,2017-08-15 04:00:00
position_103,-1970.81,-469.86519999999996,1.5,5,20.5,17.61118477942992,20.4,0.5,71,comfortable,2017-08-15 05:00:00
position_103,-1970.81,-469.86519999999996,1.5,6,20.9,19.377442354200333,20.6,1.0,73,comfortable,2017-08-15 06:00:00
position_103,-1970.81,-469.86519999999996,1.5,7,24.5,25.814276086439676,23.0,1.0,69,comfortable,2017-08-15 07:00:00
position_103,-1970.81,-469.86519999999996,1.5,8,28.9,32.09954188527137,25.8,0.5,69,warm,2017-08-15 08:00:00
position_103,-1970.81,-469.86519999999996,1.5,9,30.5,37.19366807531185,28.0,1.5,55,warm,2017-08-15 09:00:00
position_103,-1970.81,-469.86519999999996,1.5,10,32.7,41.445496366665004,30.0,1.5,47,hot,2017-08-15 10:00:00
position_103,-1970.81,-469.86519999999996,1.5,11,33.6,44.77878524167804,31.6,2.6,41,hot,2017-08-15 11:00:00
position_103,-1970.81,-469.86519999999996,1.5,12,34.0,47.3381565389688,33.4,5.1,37,hot,2017-08-15 12:00:00
position_103,-1970.81,-469.86519999999996,1.5,13,35.5,47.64541834044224,34.4,5.1,41,hot,2017-08-15 13:00:00
position_103,-1970.81,-469.86519999999996,1.5,14,34.3,45.870547045476314,34.0,5.7,38,hot,2017-08-15 14:00:00
position_103,-1970.81,-469.86519999999996,1.5,15,33.2,43.16255613737385,33.6,7.7,37,hot,2017-08-15 15:00:00
position_103,-1970.81,-469.86519999999996,1.5,16,31.2,39.399013903818314,32.6,7.2,40,warm,2017-08-15 16:00:00
position_103,-1970.81,-469.86519999999996,1.5,17,28.0,33.93539994787265,30.0,7.7,58,warm,2017-08-15 17:00:00
position_103,-1970.81,-469.86519999999996,1.5,18,25.9,28.908051259769895,28.8,6.7,64,comfortable,2017-08-15 18:00:00
position_103,-1970.81,-469.86519999999996,1.5,19,24.3,24.41648200103273,26.8,5.1,80,comfortable,2017-08-15 19:00:00
position_103,-1970.81,-469.86519999999996,1.5,20,26.5,23.434920740452846,25.8,2.1,85,warm,2017-08-15 20:00:00
position_103,-1970.81,-469.86519999999996,1.5,21,26.4,22.985523728321493,25.4,2.1,89,warm,2017-08-15 21:00:00
position_103,-1970.81,-469.86519999999996,1.5,22,25.2,22.591487103505095,25.0,2.6,90,comfortable,2017-08-15 22:00:00
position_103,-1970.81,-469.86519999999996,1.5,23,25.2,22.591487103505095,25.0,2.6,90,comfortable,2017-08-15 23:00:00
position_104,-1970.81,-419.86519999999996,1.5,0,23.4,19.040704310276297,23.0,0.5,77,comfortable,2017-08-15 00:00:00
position_104,-1970.81,-419.86519999999996,1.5,1,23.0,18.644183769755156,22.6,0.5,78,comfortable,2017-08-15 01:00:00
position_104,-1970.81,-419.86519999999996,1.5,2,22.5,18.158502530548834,22.2,0.5,78,comfortable,2017-08-15 02:00:00
position_104,-1970.81,-419.86519999999996,1.5,3,18.6,17.216486150259573,21.3,2.6,74,comfortable,2017-08-15 03:00:00
position_104,-1970.81,-419.86519999999996,1.5,4,14.8,16.179265773138802,20.4,4.1,71,comfortable,2017-08-15 04:00:00
position_104,-1970.81,-419.86519999999996,1.5,5,20.0,16.179265773138802,20.4,0.5,71,comfortable,2017-08-15 05:00:00
position_104,-1970.81,-419.86519999999996,1.5,6,20.7,18.749719328165924,20.6,1.0,73,comfortable,2017-08-15 06:00:00
position_104,-1970.81,-419.86519999999996,1.5,7,24.9,27.25926799103054,23.0,1.0,69,comfortable,2017-08-15 07:00:00
position_104,-1970.81,-419.86519999999996,1.5,8,29.8,35.33404580288952,25.8,0.5,69,warm,2017-08-15 08:00:00
position_104,-1970.81,-419.86519999999996,1.5,9,31.7,41.91416298564867,28.0,1.5,55,warm,2017-08-15 09:00:00
position_104,-1970.81,-419.86519999999996,1.5,10,34.2,47.32219399187137,30.0,1.5,47,hot,2017-08-15 10:00:00
position_104,-1970.81,-419.86519999999996,1.5,11,35.3,51.54544117793263,31.6,2.6,41,hot,2017-08-15 11:00:00
position_104,-1970.81,-419.86519999999996,1.5,12,35.6,54.494712166462286,33.4,5.1,37,hot,2017-08-15 12:00:00
position_104,-1970.81,-419.86519999999996,1.5,13,37.0,54.44628708501227,34.4,5.1,41,hot,2017-08-15 13:00:00
position_104,-1970.81,-419.86519999999996,1.5,14,35.6,51.96548722083,34.0,5.7,38,hot,2017-08-15 14:00:00
position_104,-1970.81,-419.86519999999996,1.5,15,34.2,48.07245686540859,33.6,7.7,37,hot,2017-08-15 15:00:00
position_104,-1970.81,-419.86519999999996,1.5,16,32.0,42.88997205734018,32.6,7.2,40,hot,2017-08-15 16:00:00
position_104,-1970.81,-419.86519999999996,1.5,17,28.4,35.95603363530785,30.0,7.7,58,warm,2017-08-15 17:00:00
position_104,-1970.81,-419.86519999999996,1.5,18,25.9,28.96353025005114,28.8,6.7,64,comfortable,2017-08-15 18:00:00
position_104,-1970.81,-419.86519999999996,1.5,19,24.0,23.192663119314016,26.8,5.1,80,comfortable,2017-08-15 19:00:00
position_104,-1970.81,-419.86519999999996,1.5,20,26.2,22.22056924159728,25.8,2.1,85,warm,2017-08-15 20:00:00
position_104,-1970.81,-419.86519999999996,1.5,21,26.0,21.745809301150288,25.4,2.1,89,warm,2017-08-15 21:00:00
position_104,-1970.81,-419.86519999999996,1.5,22,24.9,21.354834575237792,25.0,2.6,90,comfortable,2017-08-15 22:00:00
position_104,-1970.81,-419.86519999999996,1.5,23,24.9,21.354834575237792,25.0,2.6,90,comfortable,2017-08-15 23:00:00
position_105,-1970.81,-369.86519999999996,1.5,0,23.7,19.985255735984747,23.0,0.5,77,comfortable,2017-08-15 00:00:00
position_105,-1970.81,-369.86519999999996,1.5,1,23.3,19.587905116411925,22.6,0.5,78,comfortable,2017-08-15 01:00:00
position_105,-1970.81,-369.86519999999996,1.5,2,22.8,19.12266446638889,22.2,0.5,78,comfortable,2017-08-15 02:00:00
position_105,-1970.81,-369.86519999999996,1.5,3,18.8,18.190671745612693,21.3,2.6,74,comfortable,2017-08-15 03:00:00
position_105,-1970.81,-369.86519999999996,1.5,4,15.1,17.18618741879048,20.4,4.1,71,comfortable,2017-08-15 04:00:00
position_105,-1970.81,-369.86519999999996,1.5,5,20.3,17.18618741879048,20.4,0.5,71,comfortable,2017-08-15 05:00:00
position_105,-1970.81,-369.86519999999996,1.5,6,20.8,19.191132494421165,20.6,1.0,73,comfortable,2017-08-15 06:00:00
position_105,-1970.81,-369.86519999999996,1.5,7,24.6,26.243153517983192,23.0,1.0,69,comfortable,2017-08-15 07:00:00
position_105,-1970.81,-369.86519999999996,1.5,8,29.2,33.059551230720444,25.8,0.5,69,warm,2017-08-15 08:00:00
position_105,-1970.81,-369.86519999999996,1.5,9,30.8,38.594723490451145,28.0,1.5,55,warm,2017-08-15 09:00:00
position_105,-1970.81,-369.86519999999996,1.5,10,33.2,43.18971581554142,30.0,1.5,47,hot,2017-08-15 10:00:00
position_105,-1970.81,-369.86519999999996,1.5,11,34.1,46.7871466787625,31.6,2.6,41,hot,2017-08-15 11:00:00
position_105,-1970.81,-369.86519999999996,1.5,12,34.5,49.46224123900503,33.4,5.1,37,hot,2017-08-15 12:00:00
position_105,-1970.81,-369.86519999999996,1.5,13,35.9,49.66393422981782,34.4,5.1,41,hot,2017-08-15 13:00:00
position_105,-1970.81,-369.86519999999996,1.5,14,34.7,47.67954146233927,34.0,5.7,38,hot,2017-08-15 14:00:00
position_105,-1970.81,-369.86519999999996,1.5,15,33.5,44.61982770179094,33.6,7.7,37,hot,2017-08-15 15:00:00
position_105,-1970.81,-369.86519999999996,1.5,16,31.5,40.43513954698048,32.6,7.2,40,warm,2017-08-15 16:00:00
position_105,-1970.81,-369.86519999999996,1.5,17,28.1,34.53512938801984,30.0,7.7,58,warm,2017-08-15 17:00:00
position_105,-1970.81,-369.86519999999996,1.5,18,25.9,28.924517571297905,28.8,6.7,64,comfortable,2017-08-15 18:00:00
position_105,-1970.81,-369.86519999999996,1.5,19,24.2,24.053249309556453,26.8,5.1,80,comfortable,2017-08-15 19:00:00
position_105,-1970.81,-369.86519999999996,1.5,20,26.5,23.074497993331885,25.8,2.1,85,warm,2017-08-15 20:00:00
position_105,-1970.81,-369.86519999999996,1.5,21,26.3,22.61757319677636,25.4,2.1,89,warm,2017-08-15 21:00:00
position_105,-1970.81,-369.86519999999996,1.5,22,25.1,22.224445351679336,25.0,2.6,90,comfortable,2017-08-15 22:00:00
position_105,-1970.81,-369.86519999999996,1.5,23,25.1,22.224445351679336,25.0,2.6,90,comfortable,2017-08-15 23:00:00
position_106,-1970.81,-319.86519999999996,1.5,0,24.6,23.0,23.0,0.5,77,comfortable,2017-08-15 00:00:00
position_106,-1970.81,-319.86519999999996,1.5,1,24.2,22.6,22.6,0.5,78,comfortable,2017-08-15 01:00:00
position_106,-1970.81,-319.86519999999996,1.5,2,23.7,22.2,22.2,0.5,78,comfortable,2017-08-15 02:00:00
position_106,-1970.81,-319.86519999999996,1.5,3,19.8,21.3,21.3,2.6,74,comfortable,2017-08-15 03:00:00
position_106,-1970.81,-319.86519999999996,1.5,4,16.0,20.4,20.4,4.1,71,comfortable,2017-08-15 04:00:00
position_106,-1970.81,-319.86519999999996,1.5,5,21.4,20.4,20.4,0.5,71,comfortable,2017-08-15 05:00:00
position_106,-1970.81,-319.86519999999996,1.5,6,21.2,20.6,20.6,1.0,73,comfortable,2017-08-15 06:00:00
position_106,-1970.81,-319.86519999999996,1.5,7,23.7,23.0,23.0,1.0,69,comfortable,2017-08-15 07:00:00
position_106,-1970.81,-319.86519999999996,1.5,8,27.2,25.8,25.8,0.5,69,warm,2017-08-15 08:00:00
position_106,-1970.81,-319.86519999999996,1.5,9,28.0,28.0,28.0,1.5,55,warm,2017-08-15 09:00:00
position_106,-1970.81,-319.86519999999996,1.5,10,29.8,30.0,30.0,1.5,47,warm,2017-08-15 10:00:00
position_106,-1970.81,-319.86519999999996,1.5,11,30.5,31.6,31.6,2.6,41,warm,2017-08-15 11:00:00
position_106,-1970.81,-319.86519999999996,1.5,12,31.0,33.4,33.4,5.1,37,warm,2017-08-15 12:00:00
position_106,-1970.81,-319.86519999999996,1.5,13,32.7,34.4,34.4,5.1,41,hot,2017-08-15 13:00:00
position_106,-1970.81,-319.86519999999996,1.5,14,31.8,34.0,34.0,5.7,38,warm,2017-08-15 14:00:00
position_106,-1970.81,-319.86519999999996,1.5,15,31.3,33.6,33.6,7.7,37,warm,2017-08-15 15:00:00
position_106,-1970.81,-319.86519999999996,1.5,16,29.9,32.6,32.6,7.2,40,warm,2017-08-15 16:00:00
position_106,-1970.81,-319.86519999999996,1.5,17,27.2,30.0,30.0,7.7,58,warm,2017-08-15 17:00:00
position_106,-1970.81,-319.86519999999996,1.5,18,25.9,28.8,28.8,6.7,64,comfortable,2017-08-15 18:00:00
position_106,-1970.81,-319.86519999999996,1.5,19,24.8,26.8,26.8,5.1,80,comfortable,2017-08-15 19:00:00
position_106,-1970.81,-319.86519999999996,1.5,20,27.1,25.8,25.8,2.1,85,warm,2017-08-15 20:00:00
position_106,-1970.81,-319.86519999999996,1.5,21,27.0,25.4,25.4,2.1,89,warm,2017-08-15 21:00:00
position_106,-1970.81,-319.86519999999996,1.5,22,25.8,25.0,25.0,2.6,90,comfortable,2017-08-15 22:00:00
position_106,-1970.81,-319.86519999999996,1.5,23,25.8,25.0,25.0,2.6,90,comfortable,2017-08-15 23:00:00
position_107,-1970.81,-269.86519999999996,1.5,0,24.6,23.0,23.0,0.5,77,comfortable,2017-08-15 00:00:00
position_107,-1970.81,-269.86519999999996,1.5,1,24.2,22.6,22.6,0.5,78,comfortable,2017-08-15 01:00:00
position_107,-1970.81,-269.86519999999996,1.5,2,23.7,22.2,22.2,0.5,78,comfortable,2017-08-15 02:00:00
position_107,-1970.81,-269.86519999999996,1.5,3,19.8,21.3,21.3,2.6,74,comfortable,2017-08-15 03:00:00
position_107,-1970.81,-269.86519999999996,1.5,4,16.0,20.4,20.4,4.1,71,comfortable,2017-08-15 04:00:00
position_107,-1970.81,-269.86519999999996,1.5,5,21.4,20.4,20.4,0.5,71,comfortable,2017-08-15 05:00:00
position_107,-1970.81,-269.86519999999996,1.5,6,21.2,20.6,20.6,1.0,73,comfortable,2017-08-15 06:00:00
position_107,-1970.81,-269.86519999999996,1.5,7,23.7,23.0,23.0,1.0,69,comfortable,2017-08-15 07:00:00
position_107,-1970.81,-269.86519999999996,1.5,8,27.2,25.8,25.8,0.5,69,warm,2017-08-15 08:00:00
position_107,-1970.81,-269.86519999999996,1.5,9,28.0,28.0,28.0,1.5,55,warm,2017-08-15 09:00:00
position_107,-1970.81,-269.86519999999996,1.5,10,29.8,30.0,30.0,1.5,47,warm,2017-08-15 10:00:00
position_107,-1970.81,-269.86519999999996,1.5,11,30.5,31.6,31.6,2.6,41,warm,2017-08-15 11:00:00
position_107,-1970.81,-269.86519999999996,1.5,12,31.0,33.4,33.4,5.1,37,warm,2017-08-15 12:00:00
position_107,-1970.81,-269.86519999999996,1.5,13,32.7,34.4,34.4,5.1,41,hot,2017-08-15 13:00:00
position_107,-1970.81,-269.86519999999996,1.5,14,31.8,34.0,34.0,5.7,38,warm,2017-08-15 14:00:00
position_107,-1970.81,-269.86519999999996,1.5,15,31.3,33.6,33.6,7.7,37,warm,2017-08-15 15:00:00
position_107,-1970.81,-269.86519999999996,1.5,16,29.9,32.6,32.6,7.2,40,warm,2017-08-15 16:00:00
position_107,-1970.81,-269.86519999999996,1.5,17,27.2,30.0,30.0,7.7,58,warm,2017-08-15 17:00:00
position_107,-1970.81,-269.86519999999996,1.5,18,25.9,28.8,28.8,6.7,64,comfortable,2017-08-15 18:00:00
position_107,-1970.81,-269.86519999999996,1.5,19,24.8,26.8,26.8,5.1,80,comfortable,2017-08-15 19:00:00
position_107,-1970.81,-269.86519999999996,1.5,20,27.1,25.8,25.8,2.1,85,warm,2017-08-15 20:00:00
position_107,-1970.81,-269.86519999999996,1.5,21,27.0,25.4,25.4,2.1,89,warm,2017-08-15 21:00:00
position_107,-1970.81,-269.86519999999996,1.5,22,25.8,25.0,25.0,2.6,90,comfortable,2017-08-15 22:00:00
position_107,-1970.81,-269.86519999999996,1.5,23,25.8,25.0,25.0,2.6,90,comfortable,2017-08-15 23:00:00
position_108,-1970.81,-219.86519999999996,1.5,0,23.8,20.522590589457398,23.0,0.5,77,comfortable,2017-08-15 00:00:00
position_108,-1970.81,-219.86519999999996,1.5,1,23.4,20.124767755885987,22.6,0.5,78,comfortable,2017-08-15 01:00:00
position_108,-1970.81,-219.86519999999996,1.5,2,23.0,19.671155314444032,22.2,0.5,78,comfortable,2017-08-15 02:00:00
position_108,-1970.81,-219.86519999999996,1.5,3,19.0,18.744864836519962,21.3,2.6,74,comfortable,2017-08-15 03:00:00
position_108,-1970.81,-219.86519999999996,1.5,4,15.2,17.759003339870556,20.4,4.1,71,comfortable,2017-08-15 04:00:00
position_108,-1970.81,-219.86519999999996,1.5,5,20.5,17.759003339870556,20.4,0.5,71,comfortable,2017-08-15 05:00:00
position_108,-1970.81,-219.86519999999996,1.5,6,20.9,19.442242886671917,20.6,1.0,73,comfortable,2017-08-15 06:00:00
position_108,-1970.81,-219.86519999999996,1.5,7,24.5,25.66510799645235,23.0,1.0,69,comfortable,2017-08-15 07:00:00
position_108,-1970.81,-219.86519999999996,1.5,8,28.8,31.765640518824444,25.8,0.5,69,warm,2017-08-15 08:00:00
position_108,-1970.81,-219.86519999999996,1.5,9,30.3,36.70636623830314,28.0,1.5,55,warm,2017-08-15 09:00:00
position_108,-1970.81,-219.86519999999996,1.5,10,32.6,40.838838462631074,30.0,1.5,47,hot,2017-08-15 10:00:00
position_108,-1970.81,-219.86519999999996,1.5,11,33.5,44.0802559707488,31.6,2.6,41,hot,2017-08-15 11:00:00
position_108,-1970.81,-219.86519999999996,1.5,12,33.9,46.59937749775091,33.4,5.1,37,hot,2017-08-15 12:00:00
position_108,-1970.81,-219.86519999999996,1.5,13,35.4,46.9433572440036,34.4,5.1,41,hot,2017-08-15 13:00:00
position_108,-1970.81,-219.86519999999996,1.5,14,34.2,45.241359725010355,34.0,5.7,38,hot,2017-08-15 14:00:00
position_108,-1970.81,-219.86519999999996,1.5,15,33.1,42.65570173126858,33.6,7.7,37,hot,2017-08-15 15:00:00
position_108,-1970.81,-219.86519999999996,1.5,16,31.2,39.03863848695119,32.6,7.2,40,warm,2017-08-15 16:00:00
position_108,-1970.81,-219.86519999999996,1.5,17,28.0,33.7268077289397,30.0,7.7,58,warm,2017-08-15 17:00:00
position_108,-1970.81,-219.86519999999996,1.5,18,25.9,28.902324103106668,28.8,6.7,64,comfortable,2017-08-15 18:00:00
position_108,-1970.81,-219.86519999999996,1.5,19,24.3,24.54281815869314,26.8,5.1,80,comfortable,2017-08-15 19:00:00
position_108,-1970.81,-219.86519999999996,1.5,20,26.6,23.560279569856682,25.8,2.1,85,warm,2017-08-15 20:00:00
position_108,-1970.81,-219.86519999999996,1.5,21,26.4,23.113500800472096,25.4,2.1,89,warm,2017-08-15 21:00:00
position_108,-1970.81,-219.86519999999996,1.5,22,25.2,22.719148092493032,25.0,2.6,90,comfortable,2017-08-15 22:00:00
position_108,-1970.81,-219.86519999999996,1.5,23,25.2,22.719148092493032,25.0,2.6,90,comfortable,2017-08-15 23:00:00
position_109,-1970.81,-169.86519999999996,1.5,0,23.3,18.79280624152834,23.0,0.5,77,comfortable,2017-08-15 00:00:00
position_109,-1970.81,-169.86519999999996,1.5,1,22.9,18.396503555735077,22.6,0.5,78,comfortable,2017-08-15 01:00:00
position_109,-1970.81,-169.86519999999996,1.5,2,22.4,17.905457672058706,22.2,0.5,78,comfortable,2017-08-15 02:00:00
position_109,-1970.81,-169.86519999999996,1.5,3,18.5,16.96081057652468,21.3,2.6,74,comfortable,2017-08-15 03:00:00
position_109,-1970.81,-169.86519999999996,1.5,4,14.7,15.914998604042793,20.4,4.1,71,comfortable,2017-08-15 04:00:00
position_109,-1970.81,-169.86519999999996,1.5,5,19.9,15.914998604042793,20.4,0.5,71,comfortable,2017-08-15 05:00:00
position_109,-1970.81,-169.86519999999996,1.5,6,20.6,18.633870187021994,20.6,1.0,73,comfortable,2017-08-15 06:00:00
position_109,-1970.81,-169.86519999999996,1.5,7,25.0,27.525947823000905,23.0,1.0,69,comfortable,2017-08-15 07:00:00
position_109,-1970.81,-169.86519999999996,1.5,8,30.0,35.930988220710255,25.8,0.5,69,warm,2017-08-15 08:00:00
position_109,-1970.81,-169.86519999999996,1.5,9,31.9,42.7853518037355,28.0,1.5,55,warm,2017-08-15 09:00:00
position_109,-1970.81,-169.86519999999996,1.5,10,34.5,48.40676528272187,30.0,1.5,47,hot,2017-08-15 10:00:00
position_109,-1970.81,-169.86519999999996,1.5,11,35.6,52.794258325176465,31.6,2.6,41,hot,2017-08-15 11:00:00
position_109,-1970.81,-169.86519999999996,1.5,12,35.9,55.815487076109164,33.4,5.1,37,hot,2017-08-15 12:00:00
position_109,-1970.81,-169.86519999999996,1.5,13,37.2,55.70141836172894,34.4,5.1,41,hot,2017-08-15 13:00:00
position_109,-1970.81,-169.86519999999996,1.5,14,35.8,53.09033616750483,34.0,5.7,38,hot,2017-08-15 14:00:00
position_109,-1970.81,-169.86519999999996,1.5,15,34.4,48.97860138911384,33.6,7.7,37,hot,2017-08-15 15:00:00
position_109,-1970.81,-169.86519999999996,1.5,16,32.1,43.534244271488234,32.6,7.2,40,hot,2017-08-15 16:00:00
position_109,-1970.81,-169.86519999999996,1.5,17,28.5,36.328950777976154,30.0,7.7,58,warm,2017-08-15 17:00:00
position_109,-1970.81,-169.86519999999996,1.5,18,25.9,28.973769150185518,28.8,6.7,64,comfortable,2017-08-15 18:00:00
position_109,-1970.81,-169.86519999999996,1.5,19,24.0,22.96680177524558,26.8,5.1,80,comfortable,2017-08-15 19:00:00
position_109,-1970.81,-169.86519999999996,1.5,20,26.2,21.99645514612112,25.8,2.1,85,warm,2017-08-15 20:00:00
position_109,-1970.81,-169.86519999999996,1.5,21,26.0,21.51701436182995,25.4,2.1,89,warm,2017-08-15 21:00:00
position_109,-1970.81,-169.86519999999996,1.5,22,24.8,21.12660472329449,25.0,2.6,90,comfortable,2017-08-15 22:00:00
position_109,-1970.81,-169.86519999999996,1.5,23,24.8,21.12660472329449,25.0,2.6,90,comfortable,2017-08-15 23:00:00
position_110,-1920.81,-619.8652,1.5,0,23.3,18.64027642507225,23.0,0.5,77,comfortable,2017-08-15 00:00:00
position_110,-1920.81,-619.8652,1.5,1,22.9,18.244107783653867,22.6,0.5,78,comfortable,2017-08-15 01:00:00
position_110,-1920.81,-619.8652,1.5,2,22.4,17.749761074599945,22.2,0.5,78,comfortable,2017-08-15 02:00:00
position_110,-1920.81,-619.8652,1.5,3,18.4,16.803495319769944,21.3,2.6,74,comfortable,2017-08-15 03:00:00
position_110,-1920.81,-619.8652,1.5,4,14.6,15.752397003307593,20.4,4.1,71,comfortable,2017-08-15 04:00:00
position_110,-1920.81,-619.8652,1.5,5,19.9,15.752397003307593,20.4,0.5,71,comfortable,2017-08-15 05:00:00
position_110,-1920.81,-619.8652,1.5,6,20.6,18.562589082152865,20.6,1.0,73,comfortable,2017-08-15 06:00:00
position_110,-1920.81,-619.8652,1.5,7,25.1,27.690033917049234,23.0,1.0,69,comfortable,2017-08-15 07:00:00
position_110,-1920.81,-619.8652,1.5,8,30.1,36.298282398857424,25.8,0.5,69,warm,2017-08-15 08:00:00
position_110,-1920.81,-619.8652,1.5,9,32.0,43.32138772847068,28.0,1.5,55,hot,2017-08-15 09:00:00
position_110,-1920.81,-619.8652,1.5,10,34.7,49.074093837407624,30.0,1.5,47,hot,2017-08-15 10:00:00
position_110,-1920.81,-619.8652,1.5,11,35.8,53.56264611947581,31.6,2.6,41,hot,2017-08-15 11:00:00
position_110,-1920.81,-619.8652,1.5,12,36.1,56.62814994018764,33.4,5.1,37,hot,2017-08-15 12:00:00
position_110,-1920.81,-619.8652,1.5,13,37.4,56.47369119238391,34.4,5.1,41,hot,2017-08-15 13:00:00
position_110,-1920.81,-619.8652,1.5,14,36.0,53.78244726076056,34.0,5.7,38,hot,2017-08-15 14:00:00
position_110,-1920.81,-619.8652,1.5,15,34.5,49.53614529650093,33.6,7.7,37,hot,2017-08-15 15:00:00
position_110,-1920.81,-619.8652,1.5,16,32.2,43.93066011719484,32.6,7.2,40,hot,2017-08-15 16:00:00
position_110,-1920.81,-619.8652,1.5,17,28.5,36.558403889941935,30.0,7.7,58,warm,2017-08-15 17:00:00
position_110,-1920.81,-619.8652,1.5,18,25.9,28.980069068398258,28.8,6.7,64,comfortable,2017-08-15 18:00:00
position_110,-1920.81,-619.8652,1.5,19,23.9,22.827830989675206,26.8,5.1,80,comfortable,2017-08-15 19:00:00
position_110,-1920.81,-619.8652,1.5,20,26.1,21.858559429462854,25.8,2.1,85,warm,2017-08-15 20:00:00
position_110,-1920.81,-619.8652,1.5,21,26.0,21.376238557174155,25.4,2.1,89,warm,2017-08-15 21:00:00
position_110,-1920.81,-619.8652,1.5,22,24.8,20.98617661264993,25.0,2.6,90,comfortable,2017-08-15 22:00:00
position_110,-1920.81,-619.8652,1.5,23,24.8,20.98617661264993,25.0,2.6,90,comfortable,2017-08-15 23:00:00
position_111,-1920.81,-569.8652,1.5,0,24.6,23.0,23.0,0.5,77,comfortable,2017-08-15 00:00:00
position_111,-1920.81,-569.8652,1.5,1,24.2,22.6,22.6,0.5,78,comfortable,2017-08-15 01:00:00
position_111,-1920.81,-569.8652,1.5,2,23.7,22.2,22.2,0.5,78,comfortable,2017-08-15 02:00:00
position_111,-1920.81,-569.8652,1.5,3,19.8,21.3,21.3,2.6,74,comfortable,2017-08-15 03:00:00
position_111,-1920.81,-569.8652,1.5,4,16.0,20.4,20.4,4.1,71,comfortable,2017-08-15 04:00:00
position_111,-1920.81,-569.8652,1.5,5,21.4,20.4,20.4,0.5,71,comfortable,2017-08-15 05:00:00
position_111,-1920.81,-569.8652,1.5,6,21.2,20.6,20.6,1.0,73,comfortable,2017-08-15 06:00:00
position_111,-1920.81,-569.8652,1.5,7,23.7,23.0,23.0,1.0,69,comfortable,2017-08-15 07:00:00
position_111,-1920.81,-569.8652,1.5,8,27.2,25.8,25.8,0.5,69,warm,2017-08-15 08:00:00
position_111,-1920.81,-569.8652,1.5,9,28.0,28.0,28.0,1.5,55,warm,2017-08-15 09:00:00
position_111,-1920.81,-569.8652,1.5,10,29.8,30.0,30.0,1.5,47,warm,2017-08-15 10:00:00
position_111,-1920.81,-569.8652,1.5,11,30.5,31.6,31.6,2.6,41,warm,2017-08-15 11:00:00
position_111,-1920.81,-569.8652,1.5,12,31.0,33.4,33.4,5.1,37,warm,2017-08-15 12:00:00
position_111,-1920.81,-569.8652,1.5,13,32.7,34.4,34.4,5.1,41,hot,2017-08-15 13:00:00
position_111,-1920.81,-569.8652,1.5,14,31.8,34.0,34.0,5.7,38,warm,2017-08-15 14:00:00
position_111,-1920.81,-569.8652,1.5,15,31.3,33.6,33.6,7.7,37,warm,2017-08-15 15:00:00
position_111,-1920.81,-569.8652,1.5,16,29.9,32.6,32.6,7.2,40,warm,2017-08-15 16:00:00
position_111,-1920.81,-569.8652,1.5,17,27.2,30.0,30.0,7.7,58,warm,2017-08-15 17:00:00
position_111,-1920.81,-569.8652,1.5,18,25.9,28.8,28.8,6.7,64,comfortable,2017-08-15 18:00:00
position_111,-1920.81,-569.8652,1.5,19,24.8,26.8,26.8,5.1,80,comfortable,2017-08-15 19:00:00
position_111,-1920.81,-569.8652,1.5,20,27.1,25.8,25.8,2.1,85,warm,2017-08-15 20:00:00
position_111,-1920.81,-569.8652,1.5,21,27.0,25.4,25.4,2.1,89,warm,2017-08-15 21:00:00
position_111,-1920.81,-569.8652,1.5,22,25.8,25.0,25.0,2.6,90,comfortable,2017-08-15 22:00:00
position_111,-1920.81,-569.8652,1.5,23,25.8,25.0,25.0,2.6,90,comfortable,2017-08-15 23:00:00
position_112,-1920.81,-519.8652,1.5,0,23.5,19.463758634309535,23.0,0.5,77,comfortable,2017-08-15 00:00:00
position_112,-1920.81,-519.8652,1.5,1,23.1,19.066866310397305,22.6,0.5,78,comfortable,2017-08-15 01:00:00
position_112,-1920.81,-519.8652,1.5,2,22.6,18.590340189064307,22.2,0.5,78,comfortable,2017-08-15 02:00:00
position_112,-1920.81,-519.8652,1.5,3,18.7,17.652813296995827,21.3,2.6,74,comfortable,2017-08-15 03:00:00
position_112,-1920.81,-519.8652,1.5,4,14.9,16.630255041230903,20.4,4.1,71,comfortable,2017-08-15 04:00:00
position_112,-1920.81,-519.8652,1.5,5,20.2,16.630255041230903,20.4,0.5,71,comfortable,2017-08-15 05:00:00
position_112,-1920.81,-519.8652,1.5,6,20.7,18.947423490784086,20.6,1.0,73,comfortable,2017-08-15 06:00:00
position_112,-1920.81,-519.8652,1.5,7,24.8,26.8041613553987,23.0,1.0,69,comfortable,2017-08-15 07:00:00
position_112,-1920.81,-519.8652,1.5,8,29.5,34.31532438915121,25.8,0.5,69,warm,2017-08-15 08:00:00
position_112,-1920.81,-519.8652,1.5,9,31.3,40.427422090882956,28.0,1.5,55,warm,2017-08-15 09:00:00
position_112,-1920.81,-519.8652,1.5,10,33.8,45.4713019029011,30.0,1.5,47,hot,2017-08-15 10:00:00
position_112,-1920.81,-519.8652,1.5,11,34.8,49.41425275546252,31.6,2.6,41,hot,2017-08-15 11:00:00
position_112,-1920.81,-519.8652,1.5,12,35.1,52.24072309981565,33.4,5.1,37,hot,2017-08-15 12:00:00
position_112,-1920.81,-519.8652,1.5,13,36.5,52.30432318619626,34.4,5.1,41,hot,2017-08-15 13:00:00
position_112,-1920.81,-519.8652,1.5,14,35.2,50.04585866874619,34.0,5.7,38,hot,2017-08-15 14:00:00
position_112,-1920.81,-519.8652,1.5,15,33.9,46.52606176483885,33.6,7.7,37,hot,2017-08-15 15:00:00
position_112,-1920.81,-519.8652,1.5,16,31.7,41.790479239883375,32.6,7.2,40,warm,2017-08-15 16:00:00
position_112,-1920.81,-519.8652,1.5,17,28.3,35.31962605654471,30.0,7.7,58,warm,2017-08-15 17:00:00
position_112,-1920.81,-519.8652,1.5,18,25.9,28.946056894986015,28.8,6.7,64,comfortable,2017-08-15 18:00:00
position_112,-1920.81,-519.8652,1.5,19,24.1,23.578110326396764,26.8,5.1,80,comfortable,2017-08-15 19:00:00
position_112,-1920.81,-519.8652,1.5,20,26.3,22.603034654284226,25.8,2.1,85,warm,2017-08-15 20:00:00
position_112,-1920.81,-519.8652,1.5,21,26.1,22.136262881064212,25.4,2.1,89,warm,2017-08-15 21:00:00
position_112,-1920.81,-519.8652,1.5,22,25.0,21.74432379645575,25.0,2.6,90,comfortable,2017-08-15 22:00:00
position_112,-1920.81,-519.8652,1.5,23,25.0,21.74432379645575,25.0,2.6,90,comfortable,2017-08-15 23:00:00
position_113,-1920.81,-469.86519999999996,1.5,0,23.8,20.281851298331443,23.0,0.5,77,comfortable,2017-08-15 00:00:00
position_113,-1920.81,-469.86519999999996,1.5,1,23.4,19.884240028299125,22.6,0.5,78,comfortable,2017-08-15 01:00:00
position_113,-1920.81,-469.86519999999996,1.5,2,22.9,19.425417862096566,22.2,0.5,78,comfortable,2017-08-15 02:00:00
position_113,-1920.81,-469.86519999999996,1.5,3,18.9,18.496572638480533,21.3,2.6,74,comfortable,2017-08-15 03:00:00
position_113,-1920.81,-469.86519999999996,1.5,4,15.1,17.502367653770406,20.4,4.1,71,comfortable,2017-08-15 04:00:00
position_113,-1920.81,-469.86519999999996,1.5,5,20.4,17.502367653770406,20.4,0.5,71,comfortable,2017-08-15 05:00:00
position_113,-1920.81,-469.86519999999996,1.5,6,20.8,19.329739226367508,20.6,1.0,73,comfortable,2017-08-15 06:00:00
position_113,-1920.81,-469.86519999999996,1.5,7,24.5,25.92408667277034,23.0,1.0,69,comfortable,2017-08-15 07:00:00
position_113,-1920.81,-469.86519999999996,1.5,8,29.0,32.34534448842369,25.8,0.5,69,warm,2017-08-15 08:00:00
position_113,-1920.81,-469.86519999999996,1.5,9,30.6,37.552396945853,28.0,1.5,55,warm,2017-08-15 09:00:00
position_113,-1920.81,-469.86519999999996,1.5,10,32.9,41.89208960352789,30.0,1.5,47,hot,2017-08-15 10:00:00
position_113,-1920.81,-469.86519999999996,1.5,11,33.8,45.293009891309104,31.6,2.6,41,hot,2017-08-15 11:00:00
position_113,-1920.81,-469.86519999999996,1.5,12,34.2,47.882011191071896,33.4,5.1,37,hot,2017-08-15 12:00:00
position_113,-1920.81,-469.86519999999996,1.5,13,35.6,48.16224295518675,34.4,5.1,41,hot,2017-08-15 13:00:00
position_113,-1920.81,-469.86519999999996,1.5,14,34.4,46.33372538729228,34.0,5.7,38,hot,2017-08-15 14:00:00
position_113,-1920.81,-469.86519999999996,1.5,15,33.3,43.535678696786036,33.6,7.7,37,hot,2017-08-15 15:00:00
position_113,-1920.81,-469.86519999999996,1.5,16,31.3,39.66430546737388,32.6,7.2,40,warm,2017-08-15 16:00:00
position_113,-1920.81,-469.86519999999996,1.5,17,28.0,34.08895580467143,30.0,7.7,58,warm,2017-08-15 17:00:00
position_113,-1920.81,-469.86519999999996,1.5,18,25.9,28.91226732522497,28.8,6.7,64,comfortable,2017-08-15 18:00:00
position_113,-1920.81,-469.86519999999996,1.5,19,24.3,24.323479217738857,26.8,5.1,80,comfortable,2017-08-15 19:00:00
position_113,-1920.81,-469.86519999999996,1.5,20,26.5,23.34263742061058,25.8,2.1,85,warm,2017-08-15 20:00:00
position_113,-1920.81,-469.86519999999996,1.5,21,26.3,22.891312980359693,25.4,2.1,89,warm,2017-08-15 21:00:00
position_113,-1920.81,-469.86519999999996,1.5,22,25.2,22.497509041216382,25.0,2.6,90,comfortable,2017-08-15 22:00:00
position_113,-1920.81,-469.86519999999996,1.5,23,25.2,22.497509041216382,25.0,2.6,90,comfortable,2017-08-15 23:00:00
position_114,-1920.81,-419.86519999999996,1.5,0,23.3,18.93728512433344,23.0,0.5,77,comfortable,2017-08-15 00:00:00
position_114,-1920.81,-419.86519999999996,1.5,1,23.0,18.540855469387665,22.6,0.5,78,comfortable,2017-08-15 01:00:00
position_114,-1920.81,-419.86519999999996,1.5,2,22.5,18.052936184654136,22.2,0.5,78,comfortable,2017-08-15 02:00:00
position_114,-1920.81,-419.86519999999996,1.5,3,18.5,17.109822311228136,21.3,2.6,74,comfortable,2017-08-15 03:00:00
position_114,-1920.81,-419.86519999999996,1.5,4,14.7,16.06901765528388,20.4,4.1,71,comfortable,2017-08-15 04:00:00
position_114,-1920.81,-419.86519999999996,1.5,5,20.0,16.06901765528388,20.4,0.5,71,comfortable,2017-08-15 05:00:00
position_114,-1920.81,-419.86519999999996,1.5,6,20.6,18.701388883601364,20.6,1.0,73,comfortable,2017-08-15 06:00:00
position_114,-1920.81,-419.86519999999996,1.5,7,25.0,27.37052263399347,23.0,1.0,69,comfortable,2017-08-15 07:00:00
position_114,-1920.81,-419.86519999999996,1.5,8,29.9,35.583080816423845,25.8,0.5,69,warm,2017-08-15 08:00:00
position_114,-1920.81,-419.86519999999996,1.5,9,31.8,42.277609295755525,28.0,1.5,55,warm,2017-08-15 09:00:00
position_114,-1920.81,-419.86519999999996,1.5,10,34.3,47.77466012266158,30.0,1.5,47,hot,2017-08-15 10:00:00
position_114,-1920.81,-419.86519999999996,1.5,11,35.4,52.06642810377573,31.6,2.6,41,hot,2017-08-15 11:00:00
position_114,-1920.81,-419.86519999999996,1.5,12,35.7,55.04571874210572,33.4,5.1,37,hot,2017-08-15 12:00:00
position_114,-1920.81,-419.86519999999996,1.5,13,37.1,54.969908166632855,34.4,5.1,41,hot,2017-08-15 13:00:00
position_114,-1920.81,-419.86519999999996,1.5,14,35.7,52.434756557865725,34.0,5.7,38,hot,2017-08-15 14:00:00
position_114,-1920.81,-419.86519999999996,1.5,15,34.3,48.450486147611095,33.6,7.7,37,hot,2017-08-15 15:00:00
position_114,-1920.81,-419.86519999999996,1.5,16,32.0,43.158752319523416,32.6,7.2,40,hot,2017-08-15 16:00:00
position_114,-1920.81,-419.86519999999996,1.5,17,28.5,36.11160881793706,30.0,7.7,58,warm,2017-08-15 17:00:00
position_114,-1920.81,-419.86519999999996,1.5,18,25.9,28.967801758587672,28.8,6.7,64,comfortable,2017-08-15 18:00:00
position_114,-1920.81,-419.86519999999996,1.5,19,24.0,23.09843730925631,26.8,5.1,80,comfortable,2017-08-15 19:00:00
position_114,-1920.81,-419.86519999999996,1.5,20,26.2,22.12707235624627,25.8,2.1,85,warm,2017-08-15 20:00:00
position_114,-1920.81,-419.86519999999996,1.5,21,26.0,21.65035964116761,25.4,2.1,89,warm,2017-08-15 21:00:00
position_114,-1920.81,-419.86519999999996,1.5,22,24.9,21.259620660845286,25.0,2.6,90,comfortable,2017-08-15 22:00:00
position_114,-1920.81,-419.86519999999996,1.5,23,24.9,21.259620660845286,25.0,2.6,90,comfortable,2017-08-15 23:00:00
position_115,-1920.81,-369.86519999999996,1.5,0,23.8,20.559291597412805,23.0,0.5,77,comfortable,2017-08-15 00:00:00
position_115,-1920.81,-369.86519999999996,1.5,1,23.4,20.16143651071356,22.6,0.5,78,comfortable,2017-08-15 01:00:00
position_115,-1920.81,-369.86519999999996,1.5,2,23.0,19.708618298368943,22.2,0.5,78,comfortable,2017-08-15 02:00:00
position_115,-1920.81,-369.86519999999996,1.5,3,19.0,18.78271729464132,21.3,2.6,74,comfortable,2017-08-15 03:00:00
position_115,-1920.81,-369.86519999999996,1.5,4,15.2,17.798127773248886,20.4,4.1,71,comfortable,2017-08-15 04:00:00
position_115,-1920.81,-369.86519999999996,1.5,5,20.5,17.798127773248886,20.4,0.5,71,comfortable,2017-08-15 05:00:00
position_115,-1920.81,-369.86519999999996,1.5,6,20.9,19.459394211295887,20.6,1.0,73,comfortable,2017-08-15 06:00:00
position_115,-1920.81,-369.86519999999996,1.5,7,24.4,25.625626371266144,23.0,1.0,69,comfortable,2017-08-15 07:00:00
position_115,-1920.81,-369.86519999999996,1.5,8,28.8,31.67726391897431,25.8,0.5,69,warm,2017-08-15 08:00:00
position_115,-1920.81,-369.86519999999996,1.5,9,30.3,36.57738779202175,28.0,1.5,55,warm,2017-08-15 09:00:00
position_115,-1920.81,-369.86519999999996,1.5,10,32.5,40.678269000453525,30.0,1.5,47,hot,2017-08-15 10:00:00
position_115,-1920.81,-369.86519999999996,1.5,11,33.4,43.89537010904229,31.6,2.6,41,hot,2017-08-15 11:00:00
position_115,-1920.81,-369.86519999999996,1.5,12,33.8,46.40383837672799,33.4,5.1,37,hot,2017-08-15 12:00:00
position_115,-1920.81,-369.86519999999996,1.5,13,35.3,46.757536583098435,34.4,5.1,41,hot,2017-08-15 13:00:00
position_115,-1920.81,-369.86519999999996,1.5,14,34.1,45.07482720481344,34.0,5.7,38,hot,2017-08-15 14:00:00
position_115,-1920.81,-369.86519999999996,1.5,15,33.1,42.52154813523121,33.6,7.7,37,hot,2017-08-15 15:00:00
position_115,-1920.81,-369.86519999999996,1.5,16,31.1,38.94325476824648,32.6,7.2,40,warm,2017-08-15 16:00:00
position_115,-1920.81,-369.86519999999996,1.5,17,27.9,33.67159779895153,30.0,7.7,58,warm,2017-08-15 17:00:00
position_115,-1920.81,-369.86519999999996,1.5,18,25.9,28.900808246379004,28.8,6.7,64,comfortable,2017-08-15 18:00:00
position_115,-1920.81,-369.86519999999996,1.5,19,24.3,24.57625665632784,26.8,5.1,80,comfortable,2017-08-15 19:00:00
position_115,-1920.81,-369.86519999999996,1.5,20,26.6,23.593459389459685,25.8,2.1,85,warm,2017-08-15 20:00:00
position_115,-1920.81,-369.86519999999996,1.5,21,26.4,23.147373613320386,25.4,2.1,89,warm,2017-08-15 21:00:00
position_115,-1920.81,-369.86519999999996,1.5,22,25.3,22.75293724484157,25.0,2.6,90,comfortable,2017-08-15 22:00:00
position_115,-1920.81,-369.86519999999996,1.5,23,25.3,22.75293724484157,25.0,2.6,90,comfortable,2017-08-15 23:00:00
position_116,-1920.81,-319.86519999999996,1.5,0,24.6,23.0,23.0,0.5,77,comfortable,2017-08-15 00:00:00
position_116,-1920.81,-319.86519999999996,1.5,1,24.2,22.6,22.6,0.5,78,comfortable,2017-08-15 01:00:00
position_116,-1920.81,-319.86519999999996,1.5,2,23.7,22.2,22.2,0.5,78,comfortable,2017-08-15 02:00:00
position_116,-1920.81,-319.86519999999996,1.5,3,19.8,21.3,21.3,2.6,74,comfortable,2017-08-15 03:00:00
position_116,-1920.81,-319.86519999999996,1.5,4,16.0,20.4,20.4,4.1,71,comfortable,2017-08-15 04:00:00
position_116,-1920.81,-319.86519999999996,1.5,5,21.4,20.4,20.4,0.5,71,comfortable,2017-08-15 05:00:00
position_116,-1920.81,-319.86519999999996,1.5,6,21.2,20.6,20.6,1.0,73,comfortable,2017-08-15 06:00:00
position_116,-1920.81,-319.86519999999996,1.5,7,23.7,23.0,23.0,1.0,69,comfortable,2017-08-15 07:00:00
position_116,-1920.81,-319.86519999999996,1.5,8,27.2,25.8,25.8,0.5,69,warm,2017-08-15 08:00:00
position_116,-1920.81,-319.86519999999996,1.5,9,28.0,28.0,28.0,1.5,55,warm,2017-08-15 09:00:00
position_116,-1920.81,-319.86519999999996,1.5,10,29.8,30.0,30.0,1.5,47,warm,2017-08-15 10:00:00
position_116,-1920.81,-319.86519999999996,1.5,11,30.5,31.6,31.6,2.6,41,warm,2017-08-15 11:00:00
position_116,-1920.81,-319.86519999999996,1.5,12,31.0,33.4,33.4,5.1,37,warm,2017-08-15 12:00:00
position_116,-1920.81,-319.86519999999996,1.5,13,32.7,34.4,34.4,5.1,41,hot,2017-08-15 13:00:00
position_116,-1920.81,-319.86519999999996,1.5,14,31.8,34.0,34.0,5.7,38,warm,2017-08-15 14:00:00
position_116,-1920.81,-319.86519999999996,1.5,15,31.3,33.6,33.6,7.7,37,warm,2017-08-15 15:00:00
position_116,-1920.81,-319.86519999999996,1.5,16,29.9,32.6,32.6,7.2,40,warm,2017-08-15 16:00:00
position_116,-1920.81,-319.86519999999996,1.5,17,27.2,30.0,30.0,7.7,58,warm,2017-08-15 17:00:00
position_116,-1920.81,-319.86519999999996,1.5,18,25.9,28.8,28.8,6.7,64,comfortable,2017-08-15 18:00:00
position_116,-1920.81,-319.86519999999996,1.5,19,24.8,26.8,26.8,5.1,80,comfortable,2017-08-15 19:00:00
position_116,-1920.81,-319.86519999999996,1.5,20,27.1,25.8,25.8,2.1,85,warm,2017-08-15 20:00:00
position_116,-1920.81,-319.86519999999996,1.5,21,27.0,25.4,25.4,2.1,89,warm,2017-08-15 21:00:00
position_116,-1920.81,-319.86519999999996,1.5,22,25.8,25.0,25.0,2.6,90,comfortable,2017-08-15 22:00:00
position_116,-1920.81,-319.86519999999996,1.5,23,25.8,25.0,25.0,2.6,90,comfortable,2017-08-15 23:00:00
position_117,-1920.81,-269.86519999999996,1.5,0,24.6,23.0,23.0,0.5,77,comfortable,2017-08-15 00:00:00
position_117,-1920.81,-269.86519999999996,1.5,1,24.2,22.6,22.6,0.5,78,comfortable,2017-08-15 01:00:00
position_117,-1920.81,-269.86519999999996,1.5,2,23.7,22.2,22.2,0.5,78,comfortable,2017-08-15 02:00:00
position_117,-1920.81,-269.86519999999996,1.5,3,19.8,21.3,21.3,2.6,74,comfortable,2017-08-15 03:00:00
position_117,-1920.81,-269.86519999999996,1.5,4,16.0,20.4,20.4,4.1,71,comfortable,2017-08-15 04:00:00
position_117,-1920.81,-269.86519999999996,1.5,5,21.4,20.4,20.4,0.5,71,comfortable,2017-08-15 05:00:00
position_117,-1920.81,-269.86519999999996,1.5,6,21.2,20.6,20.6,1.0,73,comfortable,2017-08-15 06:00:00
position_117,-1920.81,-269.86519999999996,1.5,7,23.7,23.0,23.0,1.0,69,comfortable,2017-08-15 07:00:00
position_117,-1920.81,-269.86519999999996,1.5,8,27.2,25.8,25.8,0.5,69,warm,2017-08-15 08:00:00
position_117,-1920.81,-269.86519999999996,1.5,9,28.0,28.0,28.0,1.5,55,warm,2017-08-15 09:00:00
position_117,-1920.81,-269.86519999999996,1.5,10,29.8,30.0,30.0,1.5,47,warm,2017-08-15 10:00:00
position_117,-1920.81,-269.86519999999996,1.5,11,30.5,31.6,31.6,2.6,41,warm,2017-08-15 11:00:00
position_117,-1920.81,-269.86519999999996,1.5,12,31.0,33.4,33.4,5.1,37,warm,2017-08-15 12:00:00
position_117,-1920.81,-269.86519999999996,1.5,13,32.7,34.4,34.4,5.1,41,hot,2017-08-15 13:00:00
position_117,-1920.81,-269.86519999999996,1.5,14,31.8,34.0,34.0,5.7,38,warm,2017-08-15 14:00:00
position_117,-1920.81,-269.86519999999996,1.5,15,31.3,33.6,33.6,7.7,37,warm,2017-08-15 15:00:00
position_117,-1920.81,-269.86519999999996,1.5,16,29.9,32.6,32.6,7.2,40,warm,2017-08-15 16:00:00
position_117,-1920.81,-269.86519999999996,1.5,17,27.2,30.0,30.0,7.7,58,warm,2017-08-15 17:00:00
position_117,-1920.81,-269.86519999999996,1.5,18,25.9,28.8,28.8,6.7,64,comfortable,2017-08-15 18:00:00
position_117,-1920.81,-269.86519999999996,1.5,19,24.8,26.8,26.8,5.1,80,comfortable,2017-08-15 19:00:00
position_117,-1920.81,-269.86519999999996,1.5,20,27.1,25.8,25.8,2.1,85,warm,2017-08-15 20:00:00
position_117,-1920.81,-269.86519999999996,1.5,21,27.0,25.4,25.4,2.1,89,warm,2017-08-15 21:00:00
position_117,-1920.81,-269.86519999999996,1.5,22,25.8,25.0,25.0,2.6,90,comfortable,2017-08-15 22:00:00
position_117,-1920.81,-269.86519999999996,1.5,23,25.8,25.0,25.0,2.6,90,comfortable,2017-08-15 23:00:00
position_118,-1920.81,-219.86519999999996,1.5,0,23.7,20.189725110130098,23.0,0.5,77,comfortable,2017-08-15 00:00:00
position_118,-1920.81,-219.86519999999996,1.5,1,23.3,19.79219480129995,22.6,0.5,78,comfortable,2017-08-15 01:00:00
position_118,-1920.81,-219.86519999999996,1.5,2,22.9,19.331378975975404,22.2,0.5,78,comfortable,2017-08-15 02:00:00
position_118,-1920.81,-219.86519999999996,1.5,3,18.9,18.401556101468557,21.3,2.6,74,comfortable,2017-08-15 03:00:00
position_118,-1920.81,-219.86519999999996,1.5,4,15.1,17.40415822810389,20.4,4.1,71,comfortable,2017-08-15 04:00:00
position_118,-1920.81,-219.86519999999996,1.5,5,20.4,17.40415822810389,20.4,0.5,71,comfortable,2017-08-15 05:00:00
position_118,-1920.81,-219.86519999999996,1.5,6,20.8,19.286686289997757,20.6,1.0,73,comfortable,2017-08-15 06:00:00
position_118,-1920.81,-219.86519999999996,1.5,7,24.6,26.023192714675744,23.0,1.0,69,comfortable,2017-08-15 07:00:00
position_118,-1920.81,-219.86519999999996,1.5,8,29.1,32.56718578717714,25.8,0.5,69,warm,2017-08-15 08:00:00
position_118,-1920.81,-219.86519999999996,1.5,9,30.6,37.87615624506551,28.0,1.5,55,warm,2017-08-15 09:00:00
position_118,-1920.81,-219.86519999999996,1.5,10,33.0,42.29514808382714,30.0,1.5,47,hot,2017-08-15 10:00:00
position_118,-1920.81,-219.86519999999996,1.5,11,33.9,45.757106945865125,31.6,2.6,41,hot,2017-08-15 11:00:00
position_118,-1920.81,-219.86519999999996,1.5,12,34.3,48.37284985920793,33.4,5.1,37,hot,2017-08-15 12:00:00
position_118,-1920.81,-219.86519999999996,1.5,13,35.7,48.628686525321044,34.4,5.1,41,hot,2017-08-15 13:00:00
position_118,-1920.81,-219.86519999999996,1.5,14,34.5,46.75175222502779,34.0,5.7,38,hot,2017-08-15 14:00:00
position_118,-1920.81,-219.86519999999996,1.5,15,33.3,43.87242856075276,33.6,7.7,37,hot,2017-08-15 15:00:00
position_118,-1920.81,-219.86519999999996,1.5,16,31.3,39.90373590567167,32.6,7.2,40,warm,2017-08-15 16:00:00
position_118,-1920.81,-219.86519999999996,1.5,17,28.1,34.22754274503157,30.0,7.7,58,warm,2017-08-15 17:00:00
position_118,-1920.81,-219.86519999999996,1.5,18,25.9,28.91607240061551,28.8,6.7,64,comfortable,2017-08-15 18:00:00
position_118,-1920.81,-219.86519999999996,1.5,19,24.2,24.239542522321464,26.8,5.1,80,comfortable,2017-08-15 19:00:00
position_118,-1920.81,-219.86519999999996,1.5,20,26.5,23.259350053981663,25.8,2.1,85,warm,2017-08-15 20:00:00
position_118,-1920.81,-219.86519999999996,1.5,21,26.3,22.806286074963463,25.4,2.1,89,warm,2017-08-15 21:00:00
position_118,-1920.81,-219.86519999999996,1.5,22,25.2,22.412692138852083,25.0,2.6,90,comfortable,2017-08-15 22:00:00
position_118,-1920.81,-219.86519999999996,1.5,23,25.2,22.412692138852083,25.0,2.6,90,comfortable,2017-08-15 23:00:00
position_119,-1920.81,-169.86519999999996,1.5,0,23.4,19.00329721151137,23.0,0.5,77,comfortable,2017-08-15 00:00:00
position_119,-1920.81,-169.86519999999996,1.5,1,23.0,18.606809544636093,22.6,0.5,78,comfortable,2017-08-15 01:00:00
position_119,-1920.81,-169.86519999999996,1.5,2,22.5,18.12031879615629,22.2,0.5,78,comfortable,2017-08-15 02:00:00
position_119,-1920.81,-169.86519999999996,1.5,3,18.5,17.177905448575267,21.3,2.6,74,comfortable,2017-08-15 03:00:00
position_119,-1920.81,-169.86519999999996,1.5,4,14.7,16.139388624661485,20.4,4.1,71,comfortable,2017-08-15 04:00:00
position_119,-1920.81,-169.86519999999996,1.5,5,20.0,16.139388624661485,20.4,0.5,71,comfortable,2017-08-15 05:00:00
position_119,-1920.81,-169.86519999999996,1.5,6,20.7,18.732238029152626,20.6,1.0,73,comfortable,2017-08-15 06:00:00
position_119,-1920.81,-169.86519999999996,1.5,7,24.9,27.299509203330075,23.0,1.0,69,comfortable,2017-08-15 07:00:00
position_119,-1920.81,-169.86519999999996,1.5,8,29.8,35.42412268042703,25.8,0.5,69,warm,2017-08-15 08:00:00
position_119,-1920.81,-169.86519999999996,1.5,9,31.7,42.045622848670874,28.0,1.5,55,warm,2017-08-15 09:00:00
position_119,-1920.81,-169.86519999999996,1.5,10,34.3,47.485852650445665,30.0,1.5,47,hot,2017-08-15 10:00:00
position_119,-1920.81,-169.86519999999996,1.5,11,35.3,51.733884059324254,31.6,2.6,41,hot,2017-08-15 11:00:00
position_119,-1920.81,-169.86519999999996,1.5,12,35.7,54.6940132652604,33.4,5.1,37,hot,2017-08-15 12:00:00
position_119,-1920.81,-169.86519999999996,1.5,13,37.0,54.63568275020734,34.4,5.1,41,hot,2017-08-15 13:00:00
position_119,-1920.81,-169.86519999999996,1.5,14,35.6,52.13522366071599,34.0,5.7,38,hot,2017-08-15 14:00:00
position_119,-1920.81,-169.86519999999996,1.5,15,34.2,48.209191442909486,33.6,7.7,37,hot,2017-08-15 15:00:00
position_119,-1920.81,-169.86519999999996,1.5,16,32.0,42.98719086371433,32.6,7.2,40,hot,2017-08-15 16:00:00
position_119,-1920.81,-169.86519999999996,1.5,17,28.4,36.01230574931577,30.0,7.7,58,warm,2017-08-15 17:00:00
position_119,-1920.81,-169.86519999999996,1.5,18,25.9,28.96507527035124,28.8,6.7,64,comfortable,2017-08-15 18:00:00
position_119,-1920.81,-169.86519999999996,1.5,19,24.0,23.1585812983163,26.8,5.1,80,comfortable,2017-08-15 19:00:00
position_119,-1920.81,-169.86519999999996,1.5,20,26.2,22.18675107533874,25.8,2.1,85,warm,2017-08-15 20:00:00
position_119,-1920.81,-169.86519999999996,1.5,21,26.0,21.711284809147195,25.4,2.1,89,warm,2017-08-15 21:00:00
position_119,-1920.81,-169.86519999999996,1.5,22,24.9,21.32039535327908,25.0,2.6,90,comfortable,2017-08-15 22:00:00
position_119,-1920.81,-169.86519999999996,1.5,23,24.9,21.32039535327908,25.0,2.6,90,comfortable,2017-08-15 23:00:00
position_120,-1870.81,-619.8652,1.5,0,23.2,18.57829738592514,23.0,0.5,77,comfortable,2017-08-15 00:00:00
position_120,-1870.81,-619.8652,1.5,1,22.8,18.18218321216266,22.6,0.5,78,comfortable,2017-08-15 01:00:00
position_120,-1870.81,-619.8652,1.5,2,22.4,17.68649524413363,22.2,0.5,78,comfortable,2017-08-15 02:00:00
position_120,-1870.81,-619.8652,1.5,3,18.4,16.739571762505015,21.3,2.6,74,comfortable,2017-08-15 03:00:00
position_120,-1870.81,-619.8652,1.5,4,14.6,15.686325390481311,20.4,4.1,71,comfortable,2017-08-15 04:00:00
position_120,-1870.81,-619.8652,1.5,5,19.8,15.686325390481311,20.4,0.5,71,comfortable,2017-08-15 05:00:00
position_120,-1870.81,-619.8652,1.5,6,20.6,18.533624683638653,20.6,1.0,73,comfortable,2017-08-15 06:00:00
position_120,-1870.81,-619.8652,1.5,7,25.1,27.756708739603994,23.0,1.0,69,comfortable,2017-08-15 07:00:00
position_120,-1870.81,-619.8652,1.5,8,30.1,36.44752889226314,25.8,0.5,69,warm,2017-08-15 08:00:00
position_120,-1870.81,-619.8652,1.5,9,32.1,43.53920082452843,28.0,1.5,55,hot,2017-08-15 09:00:00
position_120,-1870.81,-619.8652,1.5,10,34.7,49.34525644401026,30.0,1.5,47,hot,2017-08-15 10:00:00
position_120,-1870.81,-619.8652,1.5,11,35.8,53.87487318621953,31.6,2.6,41,hot,2017-08-15 11:00:00
position_120,-1870.81,-619.8652,1.5,12,36.2,56.95836776012861,33.4,5.1,37,hot,2017-08-15 12:00:00
position_120,-1870.81,-619.8652,1.5,13,37.5,56.7874969066732,34.4,5.1,41,hot,2017-08-15 13:00:00
position_120,-1870.81,-619.8652,1.5,14,36.1,54.06368001603236,34.0,5.7,38,hot,2017-08-15 14:00:00
position_120,-1870.81,-619.8652,1.5,15,34.5,49.76269795659756,33.6,7.7,37,hot,2017-08-15 15:00:00
position_120,-1870.81,-619.8652,1.5,16,32.2,44.09173992303502,32.6,7.2,40,hot,2017-08-15 16:00:00
position_120,-1870.81,-619.8652,1.5,17,28.6,36.651639978068005,30.0,7.7,58,warm,2017-08-15 17:00:00
position_120,-1870.81,-619.8652,1.5,18,25.9,28.98262898020176,28.8,6.7,64,comfortable,2017-08-15 18:00:00
position_120,-1870.81,-619.8652,1.5,19,23.9,22.771361533674444,26.8,5.1,80,comfortable,2017-08-15 19:00:00
position_120,-1870.81,-619.8652,1.5,20,26.1,21.802526817482082,25.8,2.1,85,warm,2017-08-15 20:00:00
position_120,-1870.81,-619.8652,1.5,21,25.9,21.319035648848097,25.4,2.1,89,comfortable,2017-08-15 21:00:00
position_120,-1870.81,-619.8652,1.5,22,24.8,20.92911498647601,25.0,2.6,90,comfortable,2017-08-15 22:00:00
position_120,-1870.81,-619.8652,1.5,23,24.8,20.92911498647601,25.0,2.6,90,comfortable,2017-08-15 23:00:00
position_121,-1870.81,-569.8652,1.5,0,23.3,18.670229752612222,23.0,0.5,77,comfortable,2017-08-15 00:00:00
position_121,-1870.81,-569.8652,1.5,1,22.9,18.27403478797941,22.6,0.5,78,comfortable,2017-08-15 01:00:00
position_121,-1870.81,-569.8652,1.5,2,22.4,17.78033628467295,22.2,0.5,78,comfortable,2017-08-15 02:00:00
position_121,-1870.81,-569.8652,1.5,3,18.4,16.834388397084872,21.3,2.6,74,comfortable,2017-08-15 03:00:00
position_121,-1870.81,-569.8652,1.5,4,14.6,15.784328196293375,20.4,4.1,71,comfortable,2017-08-15 04:00:00
position_121,-1870.81,-569.8652,1.5,5,19.9,15.784328196293375,20.4,0.5,71,comfortable,2017-08-15 05:00:00
position_121,-1870.81,-569.8652,1.5,6,20.6,18.576587042231512,20.6,1.0,73,comfortable,2017-08-15 06:00:00
position_121,-1870.81,-569.8652,1.5,7,25.0,27.657811203916957,23.0,1.0,69,comfortable,2017-08-15 07:00:00
position_121,-1870.81,-569.8652,1.5,8,30.0,36.226154318740484,25.8,0.5,69,warm,2017-08-15 08:00:00
position_121,-1870.81,-569.8652,1.5,9,32.0,43.21612267276004,28.0,1.5,55,hot,2017-08-15 09:00:00
position_121,-1870.81,-569.8652,1.5,10,34.6,48.94304594631523,30.0,1.5,47,hot,2017-08-15 10:00:00
position_121,-1870.81,-569.8652,1.5,11,35.7,53.4117525314868,31.6,2.6,41,hot,2017-08-15 11:00:00
position_121,-1870.81,-569.8652,1.5,12,36.1,56.46856175269171,33.4,5.1,37,hot,2017-08-15 12:00:00
position_121,-1870.81,-569.8652,1.5,13,37.4,56.322034673125664,34.4,5.1,41,hot,2017-08-15 13:00:00
position_121,-1870.81,-569.8652,1.5,14,36.0,53.64653265237771,34.0,5.7,38,hot,2017-08-15 14:00:00
position_121,-1870.81,-569.8652,1.5,15,34.5,49.42665657053311,33.6,7.7,37,hot,2017-08-15 15:00:00
position_121,-1870.81,-569.8652,1.5,16,32.2,43.85281321522926,32.6,7.2,40,hot,2017-08-15 16:00:00
position_121,-1870.81,-569.8652,1.5,17,28.5,36.513344606600064,30.0,7.7,58,warm,2017-08-15 17:00:00
position_121,-1870.81,-569.8652,1.5,18,25.9,28.9788319101948,28.8,6.7,64,comfortable,2017-08-15 18:00:00
position_121,-1870.81,-569.8652,1.5,19,23.9,22.85512163720493,26.8,5.1,80,comfortable,2017-08-15 19:00:00
position_121,-1870.81,-569.8652,1.5,20,26.2,21.885638958327384,25.8,2.1,85,warm,2017-08-15 20:00:00
position_121,-1870.81,-569.8652,1.5,21,26.0,21.40388366869746,25.4,2.1,89,warm,2017-08-15 21:00:00
position_121,-1870.81,-569.8652,1.5,22,24.8,21.0137534451125,25.0,2.6,90,comfortable,2017-08-15 22:00:00
position_121,-1870.81,-569.8652,1.5,23,24.8,21.0137534451125,25.0,2.6,90,comfortable,2017-08-15 23:00:00
position_122,-1870.81,-519.8652,1.5,0,23.4,19.20977029587424,23.0,0.5,77,comfortable,2017-08-15 00:00:00
position_122,-1870.81,-519.8652,1.5,1,23.0,18.8131011788657,22.6,0.5,78,comfortable,2017-08-15 01:00:00
position_122,-1870.81,-519.8652,1.5,2,22.6,18.331078616426378,22.2,0.5,78,comfortable,2017-08-15 02:00:00
position_122,-1870.81,-519.8652,1.5,3,18.6,17.390856378656782,21.3,2.6,74,comfortable,2017-08-15 03:00:00
position_122,-1870.81,-519.8652,1.5,4,14.8,16.359495452337388,20.4,4.1,71,comfortable,2017-08-15 04:00:00
position_122,-1870.81,-519.8652,1.5,5,20.1,16.359495452337388,20.4,0.5,71,comfortable,2017-08-15 05:00:00
position_122,-1870.81,-519.8652,1.5,6,20.7,18.828728210030533,20.6,1.0,73,comfortable,2017-08-15 06:00:00
position_122,-1870.81,-519.8652,1.5,7,24.9,27.077392880591496,23.0,1.0,69,comfortable,2017-08-15 07:00:00
position_122,-1870.81,-519.8652,1.5,8,29.7,34.92693227141344,25.8,0.5,69,warm,2017-08-15 08:00:00
position_122,-1870.81,-519.8652,1.5,9,31.5,41.32001395933454,28.0,1.5,55,warm,2017-08-15 09:00:00
position_122,-1870.81,-519.8652,1.5,10,34.0,46.58251854718165,30.0,1.5,47,hot,2017-08-15 10:00:00
position_122,-1870.81,-519.8652,1.5,11,35.1,50.69375038866292,31.6,2.6,41,hot,2017-08-15 11:00:00
position_122,-1870.81,-519.8652,1.5,12,35.4,53.593946327582316,33.4,5.1,37,hot,2017-08-15 12:00:00
position_122,-1870.81,-519.8652,1.5,13,36.8,53.590290072108345,34.4,5.1,41,hot,2017-08-15 13:00:00
position_122,-1870.81,-519.8652,1.5,14,35.4,51.198342495665806,34.0,5.7,38,hot,2017-08-15 14:00:00
position_122,-1870.81,-519.8652,1.5,15,34.1,47.45446811798448,33.6,7.7,37,hot,2017-08-15 15:00:00
position_122,-1870.81,-519.8652,1.5,16,31.9,42.45057969971334,32.6,7.2,40,warm,2017-08-15 16:00:00
position_122,-1870.81,-519.8652,1.5,17,28.4,35.70170489208683,30.0,7.7,58,warm,2017-08-15 17:00:00
position_122,-1870.81,-519.8652,1.5,18,25.9,28.956547340698922,28.8,6.7,64,comfortable,2017-08-15 18:00:00
position_122,-1870.81,-519.8652,1.5,19,24.0,23.3467001028866,26.8,5.1,80,comfortable,2017-08-15 19:00:00
position_122,-1870.81,-519.8652,1.5,20,26.3,22.373414605134947,25.8,2.1,85,warm,2017-08-15 20:00:00
position_122,-1870.81,-519.8652,1.5,21,26.1,21.901846990799825,25.4,2.1,89,warm,2017-08-15 21:00:00
position_122,-1870.81,-519.8652,1.5,22,24.9,21.510486876429766,25.0,2.6,90,comfortable,2017-08-15 22:00:00
position_122,-1870.81,-519.8652,1.5,23,24.9,21.510486876429766,25.0,2.6,90,comfortable,2017-08-15 23:00:00
position_123,-1870.81,-469.86519999999996,1.5,0,24.6,23.0,23.0,0.5,77,comfortable,2017-08-15 00:00:00
position_123,-1870.81,-469.86519999999996,1.5,1,24.2,22.6,22.6,0.5,78,comfortable,2017-08-15 01:00:00
position_123,-1870.81,-469.86519999999996,1.5,2,23.7,22.2,22.2,0.5,78,comfortable,2017-08-15 02:00:00
position_123,-1870.81,-469.86519999999996,1.5,3,19.8,21.3,21.3,2.6,74,comfortable,2017-08-15 03:00:00
position_123,-1870.81,-469.86519999999996,1.5,4,16.0,20.4,20.4,4.1,71,comfortable,2017-08-15 04:00:00
position_123,-1870.81,-469.86519999999996,1.5,5,21.4,20.4,20.4,0.5,71,comfortable,2017-08-15 05:00:00
position_123,-1870.81,-469.86519999999996,1.5,6,21.2,20.6,20.6,1.0,73,comfortable,2017-08-15 06:00:00
position_123,-1870.81,-469.86519999999996,1.5,7,23.7,23.0,23.0,1.0,69,comfortable,2017-08-15 07:00:00
position_123,-1870.81,-469.86519999999996,1.5,8,27.2,25.8,25.8,0.5,69,warm,2017-08-15 08:00:00
position_123,-1870.81,-469.86519999999996,1.5,9,28.0,28.0,28.0,1.5,55,warm,2017-08-15 09:00:00
position_123,-1870.81,-469.86519999999996,1.5,10,29.8,30.0,30.0,1.5,47,warm,2017-08-15 10:00:00
position_123,-1870.81,-469.86519999999996,1.5,11,30.5,31.6,31.6,2.6,41,warm,2017-08-15 11:00:00
position_123,-1870.81,-469.86519999999996,1.5,12,31.0,33.4,33.4,5.1,37,warm,2017-08-15 12:00:00
position_123,-1870.81,-469.86519999999996,1.5,13,32.7,34.4,34.4,5.1,41,hot,2017-08-15 13:00:00
position_123,-1870.81,-469.86519999999996,1.5,14,31.8,34.0,34.0,5.7,38,warm,2017-08-15 14:00:00
position_123,-1870.81,-469.86519999999996,1.5,15,31.3,33.6,33.6,7.7,37,warm,2017-08-15 15:00:00
position_123,-1870.81,-469.86519999999996,1.5,16,29.9,32.6,32.6,7.2,40,warm,2017-08-15 16:00:00
position_123,-1870.81,-469.86519999999996,1.5,17,27.2,30.0,30.0,7.7,58,warm,2017-08-15 17:00:00
position_123,-1870.81,-469.86519999999996,1.5,18,25.9,28.8,28.8,6.7,64,comfortable,2017-08-15 18:00:00
position_123,-1870.81,-469.86519999999996,1.5,19,24.8,26.8,26.8,5.1,80,comfortable,2017-08-15 19:00:00
position_123,-1870.81,-469.86519999999996,1.5,20,27.1,25.8,25.8,2.1,85,warm,2017-08-15 20:00:00
position_123,-1870.81,-469.86519999999996,1.5,21,27.0,25.4,25.4,2.1,89,warm,2017-08-15 21:00:00
position_123,-1870.81,-469.86519999999996,1.5,22,25.8,25.0,25.0,2.6,90,comfortable,2017-08-15 22:00:00
position_123,-1870.81,-469.86519999999996,1.5,23,25.8,25.0,25.0,2.6,90,comfortable,2017-08-15 23:00:00
position_124,-1870.81,-419.86519999999996,1.5,0,23.3,18.760141073323776,23.0,0.5,77,comfortable,2017-08-15 00:00:00
position_124,-1870.81,-419.86519999999996,1.5,1,22.9,18.36386709393136,22.6,0.5,78,comfortable,2017-08-15 01:00:00
position_124,-1870.81,-419.86519999999996,1.5,2,22.4,17.872114318850564,22.2,0.5,78,comfortable,2017-08-15 02:00:00
position_124,-1870.81,-419.86519999999996,1.5,3,18.5,16.927120577792422,21.3,2.6,74,comfortable,2017-08-15 03:00:00
position_124,-1870.81,-419.86519999999996,1.5,4,14.7,15.880176503277495,20.4,4.1,71,comfortable,2017-08-15 04:00:00
position_124,-1870.81,-419.86519999999996,1.5,5,19.9,15.880176503277495,20.4,0.5,71,comfortable,2017-08-15 05:00:00
position_124,-1870.81,-419.86519999999996,1.5,6,20.6,18.618604914077622,20.6,1.0,73,comfortable,2017-08-15 06:00:00
position_124,-1870.81,-419.86519999999996,1.5,7,25.0,27.561087836846404,23.0,1.0,69,comfortable,2017-08-15 07:00:00
position_124,-1870.81,-419.86519999999996,1.5,8,30.0,36.0096464554639,25.8,0.5,69,warm,2017-08-15 08:00:00
position_124,-1870.81,-419.86519999999996,1.5,9,31.9,42.90014708804114,28.0,1.5,55,warm,2017-08-15 09:00:00
position_124,-1870.81,-419.86519999999996,1.5,10,34.5,48.54967766531687,30.0,1.5,47,hot,2017-08-15 10:00:00
position_124,-1870.81,-419.86519999999996,1.5,11,35.6,52.95881314554069,31.6,2.6,41,hot,2017-08-15 11:00:00
position_124,-1870.81,-419.86519999999996,1.5,12,36.0,55.989523666236224,33.4,5.1,37,hot,2017-08-15 12:00:00
position_124,-1870.81,-419.86519999999996,1.5,13,37.3,55.86680518575637,34.4,5.1,41,hot,2017-08-15 13:00:00
position_124,-1870.81,-419.86519999999996,1.5,14,35.9,53.238555878265124,34.0,5.7,38,hot,2017-08-15 14:00:00
position_124,-1870.81,-419.86519999999996,1.5,15,34.4,49.09800273594146,33.6,7.7,37,hot,2017-08-15 15:00:00
position_124,-1870.81,-419.86519999999996,1.5,16,32.1,43.61913908471111,32.6,7.2,40,hot,2017-08-15 16:00:00
position_124,-1870.81,-419.86519999999996,1.5,17,28.5,36.37808952783875,30.0,7.7,58,warm,2017-08-15 17:00:00
position_124,-1870.81,-419.86519999999996,1.5,18,25.9,28.975118315174207,28.8,6.7,64,comfortable,2017-08-15 18:00:00
position_124,-1870.81,-419.86519999999996,1.5,19,23.9,22.93704035422215,26.8,5.1,80,comfortable,2017-08-15 19:00:00
position_124,-1870.81,-419.86519999999996,1.5,20,26.2,21.966923957505106,25.8,2.1,85,warm,2017-08-15 20:00:00
position_124,-1870.81,-419.86519999999996,1.5,21,26.0,21.48686638522409,25.4,2.1,89,warm,2017-08-15 21:00:00
position_124,-1870.81,-419.86519999999996,1.5,22,24.8,21.096531207430964,25.0,2.6,90,comfortable,2017-08-15 22:00:00
position_124,-1870.81,-419.86519999999996,1.5,23,24.8,21.096531207430964,25.0,2.6,90,comfortable,2017-08-15 23:00:00
position_125,-1870.81,-369.86519999999996,1.5,0,23.5,19.46306783962048,23.0,0.5,77,comfortable,2017-08-15 00:00:00
position_125,-1870.81,-369.86519999999996,1.5,1,23.1,19.06617612278393,22.6,0.5,78,comfortable,2017-08-15 01:00:00
position_125,-1870.81,-369.86519999999996,1.5,2,22.6,18.589635052290873,22.2,0.5,78,comfortable,2017-08-15 02:00:00
position_125,-1870.81,-369.86519999999996,1.5,3,18.7,17.6521008294508,21.3,2.6,74,comfortable,2017-08-15 03:00:00
position_125,-1870.81,-369.86519999999996,1.5,4,14.9,16.62951863227933,20.4,4.1,71,comfortable,2017-08-15 04:00:00
position_125,-1870.81,-369.86519999999996,1.5,5,20.2,16.62951863227933,20.4,0.5,71,comfortable,2017-08-15 05:00:00
position_125,-1870.81,-369.86519999999996,1.5,6,20.7,18.947100664665115,20.6,1.0,73,comfortable,2017-08-15 06:00:00
position_125,-1870.81,-369.86519999999996,1.5,7,24.8,26.804904487495428,23.0,1.0,69,comfortable,2017-08-15 07:00:00
position_125,-1870.81,-369.86519999999996,1.5,8,29.5,34.31698783354182,25.8,0.5,69,warm,2017-08-15 08:00:00
position_125,-1870.81,-369.86519999999996,1.5,9,31.3,40.42984975242844,28.0,1.5,55,warm,2017-08-15 09:00:00
position_125,-1870.81,-369.86519999999996,1.5,10,33.8,45.47432417770706,30.0,1.5,47,hot,2017-08-15 10:00:00
position_125,-1870.81,-369.86519999999996,1.5,11,34.8,49.41773271905109,31.6,2.6,41,hot,2017-08-15 11:00:00
position_125,-1870.81,-369.86519999999996,1.5,12,35.1,52.244403581465356,33.4,5.1,37,hot,2017-08-15 12:00:00
position_125,-1870.81,-369.86519999999996,1.5,13,36.5,52.30782074478719,34.4,5.1,41,hot,2017-08-15 13:00:00
position_125,-1870.81,-369.86519999999996,1.5,14,35.2,50.048993181581565,34.0,5.7,38,hot,2017-08-15 14:00:00
position_125,-1870.81,-369.86519999999996,1.5,15,33.9,46.52858683422586,33.6,7.7,37,hot,2017-08-15 15:00:00
position_125,-1870.81,-369.86519999999996,1.5,16,31.7,41.79227457385305,32.6,7.2,40,warm,2017-08-15 16:00:00
position_125,-1870.81,-369.86519999999996,1.5,17,28.3,35.320665230358834,30.0,7.7,58,warm,2017-08-15 17:00:00
position_125,-1870.81,-369.86519999999996,1.5,18,25.9,28.94608542678487,28.8,6.7,64,comfortable,2017-08-15 18:00:00
position_125,-1870.81,-369.86519999999996,1.5,19,24.1,23.577480939416326,26.8,5.1,80,comfortable,2017-08-15 19:00:00
position_125,-1870.81,-369.86519999999996,1.5,20,26.3,22.602410136200326,25.8,2.1,85,warm,2017-08-15 20:00:00
position_125,-1870.81,-369.86519999999996,1.5,21,26.1,22.1356253193044,25.4,2.1,89,warm,2017-08-15 21:00:00
position_125,-1870.81,-369.86519999999996,1.5,22,25.0,21.74368780937282,25.0,2.6,90,comfortable,2017-08-15 22:00:00
position_125,-1870.81,-369.86519999999996,1.5,23,25.0,21.74368780937282,25.0,2.6,90,comfortable,2017-08-15 23:00:00
position_126,-1870.81,-319.86519999999996,1.5,0,24.6,23.0,23.0,0.5,77,comfortable,2017-08-15 00:00:00
position_126,-1870.81,-319.86519999999996,1.5,1,24.2,22.6,22.6,0.5,78,comfortable,2017-08-15 01:00:00
position_126,-1870.81,-319.86519999999996,1.5,2,23.7,22.2,22.2,0.5,78,comfortable,2017-08-15 02:00:00
position_126,-1870.81,-319.86519999999996,1.5,3,19.8,21.3,21.3,2.6,74,comfortable,2017-08-15 03:00:00
position_126,-1870.81,-319.86519999999996,1.5,4,16.0,20.4,20.4,4.1,71,comfortable,2017-08-15 04:00:00
position_126,-1870.81,-319.86519999999996,1.5,5,21.4,20.4,20.4,0.5,71,comfortable,2017-08-15 05:00:00
position_126,-1870.81,-319.86519999999996,1.5,6,21.2,20.6,20.6,1.0,73,comfortable,2017-08-15 06:00:00
position_126,-1870.81,-319.86519999999996,1.5,7,23.7,23.0,23.0,1.0,69,comfortable,2017-08-15 07:00:00
position_126,-1870.81,-319.86519999999996,1.5,8,27.2,25.8,25.8,0.5,69,warm,2017-08-15 08:00:00
position_126,-1870.81,-319.86519999999996,1.5,9,28.0,28.0,28.0,1.5,55,warm,2017-08-15 09:00:00
position_126,-1870.81,-319.86519999999996,1.5,10,29.8,30.0,30.0,1.5,47,warm,2017-08-15 10:00:00
position_126,-1870.81,-319.86519999999996,1.5,11,30.5,31.6,31.6,2.6,41,warm,2017-08-15 11:00:00
position_126,-1870.81,-319.86519999999996,1.5,12,31.0,33.4,33.4,5.1,37,warm,2017-08-15 12:00:00
position_126,-1870.81,-319.86519999999996,1.5,13,32.7,34.4,34.4,5.1,41,hot,2017-08-15 13:00:00
position_126,-1870.81,-319.86519999999996,1.5,14,31.8,34.0,34.0,5.7,38,warm,2017-08-15 14:00:00
position_126,-1870.81,-319.86519999999996,1.5,15,31.3,33.6,33.6,7.7,37,warm,2017-08-15 15:00:00
position_126,-1870.81,-319.86519999999996,1.5,16,29.9,32.6,32.6,7.2,40,warm,2017-08-15 16:00:00
position_126,-1870.81,-319.86519999999996,1.5,17,27.2,30.0,30.0,7.7,58,warm,2017-08-15 17:00:00
position_126,-1870.81,-319.86519999999996,1.5,18,25.9,28.8,28.8,6.7,64,comfortable,2017-08-15 18:00:00
position_126,-1870.81,-319.86519999999996,1.5,19,24.8,26.8,26.8,5.1,80,comfortable,2017-08-15 19:00:00
position_126,-1870.81,-319.86519999999996,1.5,20,27.1,25.8,25.8,2.1,85,warm,2017-08-15 20:00:00
position_126,-1870.81,-319.86519999999996,1.5,21,27.0,25.4,25.4,2.1,89,warm,2017-08-15 21:00:00
position_126,-1870.81,-319.86519999999996,1.5,22,25.8,25.0,25.0,2.6,90,comfortable,2017-08-15 22:00:00
position_126,-1870.81,-319.86519999999996,1.5,23,25.8,25.0,25.0,2.6,90,comfortable,2017-08-15 23:00:00
position_127,-1870.81,-269.86519999999996,1.5,0,24.6,23.0,23.0,0.5,77,comfortable,2017-08-15 00:00:00
position_127,-1870.81,-269.86519999999996,1.5,1,24.2,22.6,22.6,0.5,78,comfortable,2017-08-15 01:00:00
position_127,-1870.81,-269.86519999999996,1.5,2,23.7,22.2,22.2,0.5,78,comfortable,2017-08-15 02:00:00
position_127,-1870.81,-269.86519999999996,1.5,3,19.8,21.3,21.3,2.6,74,comfortable,2017-08-15 03:00:00
position_127,-1870.81,-269.86519999999996,1.5,4,16.0,20.4,20.4,4.1,71,comfortable,2017-08-15 04:00:00
position_127,-1870.81,-269.86519999999996,1.5,5,21.4,20.4,20.4,0.5,71,comfortable,2017-08-15 05:00:00
position_127,-1870.81,-269.86519999999996,1.5,6,21.2,20.6,20.6,1.0,73,comfortable,2017-08-15 06:00:00
position_127,-1870.81,-269.86519999999996,1.5,7,23.7,23.0,23.0,1.0,69,comfortable,2017-08-15 07:00:00
position_127,-1870.81,-269.86519999999996,1.5,8,27.2,25.8,25.8,0.5,69,warm,2017-08-15 08:00:00
position_127,-1870.81,-269.86519999999996,1.5,9,28.0,28.0,28.0,1.5,55,warm,2017-08-15 09:00:00
position_127,-1870.81,-269.86519999999996,1.5,10,29.8,30.0,30.0,1.5,47,warm,2017-08-15 10:00:00
position_127,-1870.81,-269.86519999999996,1.5,11,30.5,31.6,31.6,2.6,41,warm,2017-08-15 11:00:00
position_127,-1870.81,-269.86519999999996,1.5,12,31.0,33.4,33.4,5.1,37,warm,2017-08-15 12:00:00
position_127,-1870.81,-269.86519999999996,1.5,13,32.7,34.4,34.4,5.1,41,hot,2017-08-15 13:00:00
position_127,-1870.81,-269.86519999999996,1.5,14,31.8,34.0,34.0,5.7,38,warm,2017-08-15 14:00:00
position_127,-1870.81,-269.86519999999996,1.5,15,31.3,33.6,33.6,7.7,37,warm,2017-08-15 15:00:00
position_127,-1870.81,-269.86519999999996,1.5,16,29.9,32.6,32.6,7.2,40,warm,2017-08-15 16:00:00
position_127,-1870.81,-269.86519999999996,1.5,17,27.2,30.0,30.0,7.7,58,warm,2017-08-15 17:00:00
position_127,-1870.81,-269.86519999999996,1.5,18,25.9,28.8,28.8,6.7,64,comfortable,2017-08-15 18:00:00
position_127,-1870.81,-269.86519999999996,1.5,19,24.8,26.8,26.8,5.1,80,comfortable,2017-08-15 19:00:00
position_127,-1870.81,-269.86519999999996,1.5,20,27.1,25.8,25.8,2.1,85,warm,2017-08-15 20:00:00
position_127,-1870.81,-269.86519999999996,1.5,21,27.0,25.4,25.4,2.1,89,warm,2017-08-15 21:00:00
position_127,-1870.81,-269.86519999999996,1.5,22,25.8,25.0,25.0,2.6,90,comfortable,2017-08-15 22:00:00
position_127,-1870.81,-269.86519999999996,1.5,23,25.8,25.0,25.0,2.6,90,comfortable,2017-08-15 23:00:00
position_128,-1870.81,-219.86519999999996,1.5,0,24.6,23.0,23.0,0.5,77,comfortable,2017-08-15 00:00:00
position_128,-1870.81,-219.86519999999996,1.5,1,24.2,22.6,22.6,0.5,78,comfortable,2017-08-15 01:00:00
position_128,-1870.81,-219.86519999999996,1.5,2,23.7,22.2,22.2,0.5,78,comfortable,2017-08-15 02:00:00
position_128,-1870.81,-219.86519999999996,1.5,3,19.8,21.3,21.3,2.6,74,comfortable,2017-08-15 03:00:00
position_128,-1870.81,-219.86519999999996,1.5,4,16.0,20.4,20.4,4.1,71,comfortable,2017-08-15 04:00:00
position_128,-1870.81,-219.86519999999996,1.5,5,21.4,20.4,20.4,0.5,71,comfortable,2017-08-15 05:00:00
position_128,-1870.81,-219.86519999999996,1.5,6,21.2,20.6,20.6,1.0,73,comfortable,2017-08-15 06:00:00
position_128,-1870.81,-219.86519999999996,1.5,7,23.7,23.0,23.0,1.0,69,comfortable,2017-08-15 07:00:00
position_128,-1870.81,-219.86519999999996,1.5,8,27.2,25.8,25.8,0.5,69,warm,2017-08-15 08:00:00
position_128,-1870.81,-219.86519999999996,1.5,9,28.0,28.0,28.0,1.5,55,warm,2017-08-15 09:00:00
position_128,-1870.81,-219.86519999999996,1.5,10,29.8,30.0,30.0,1.5,47,warm,2017-08-15 10:00:00
position_128,-1870.81,-219.86519999999996,1.5,11,30.5,31.6,31.6,2.6,41,warm,2017-08-15 11:00:00
position_128,-1870.81,-219.86519999999996,1.5,12,31.0,33.4,33.4,5.1,37,warm,2017-08-15 12:00:00
position_128,-1870.81,-219.86519999999996,1.5,13,32.7,34.4,34.4,5.1,41,hot,2017-08-15 13:00:00
position_128,-1870.81,-219.86519999999996,1.5,14,31.8,34.0,34.0,5.7,38,warm,2017-08-15 14:00:00
position_128,-1870.81,-219.86519999999996,1.5,15,31.3,33.6,33.6,7.7,37,warm,2017-08-15 15:00:00
position_128,-1870.81,-219.86519999999996,1.5,16,29.9,32.6,32.6,7.2,40,warm,2017-08-15 16:00:00
position_128,-1870.81,-219.86519999999996,1.5,17,27.2,30.0,30.0,7.7,58,warm,2017-08-15 17:00:00
position_128,-1870.81,-219.86519999999996,1.5,18,25.9,28.8,28.8,6.7,64,comfortable,2017-08-15 18:00:00
position_128,-1870.81,-219.86519999999996,1.5,19,24.8,26.8,26.8,5.1,80,comfortable,2017-08-15 19:00:00
position_128,-1870.81,-219.86519999999996,1.5,20,27.1,25.8,25.8,2.1,85,warm,2017-08-15 20:00:00
position_128,-1870.81,-219.86519999999996,1.5,21,27.0,25.4,25.4,2.1,89,warm,2017-08-15 21:00:00
position_128,-1870.81,-219.86519999999996,1.5,22,25.8,25.0,25.0,2.6,90,comfortable,2017-08-15 22:00:00
position_128,-1870.81,-219.86519999999996,1.5,23,25.8,25.0,25.0,2.6,90,comfortable,2017-08-15 23:00:00
position_129,-1870.81,-169.86519999999996,1.5,0,23.4,19.1205165196006,23.0,0.5,77,comfortable,2017-08-15 00:00:00
position_129,-1870.81,-169.86519999999996,1.5,1,23.0,18.72392583949655,22.6,0.5,78,comfortable,2017-08-15 01:00:00
position_129,-1870.81,-169.86519999999996,1.5,2,22.5,18.239971778438722,22.2,0.5,78,comfortable,2017-08-15 02:00:00
position_129,-1870.81,-169.86519999999996,1.5,3,18.6,17.298802372056308,21.3,2.6,74,comfortable,2017-08-15 03:00:00
position_129,-1870.81,-169.86519999999996,1.5,4,14.8,16.264348108487184,20.4,4.1,71,comfortable,2017-08-15 04:00:00
position_129,-1870.81,-169.86519999999996,1.5,5,20.0,16.264348108487184,20.4,0.5,71,comfortable,2017-08-15 05:00:00
position_129,-1870.81,-169.86519999999996,1.5,6,20.7,18.787017625606147,20.6,1.0,73,comfortable,2017-08-15 06:00:00
position_129,-1870.81,-169.86519999999996,1.5,7,24.9,27.173408884990366,23.0,1.0,69,comfortable,2017-08-15 07:00:00
position_129,-1870.81,-169.86519999999996,1.5,8,29.8,35.14185675742301,25.8,0.5,69,warm,2017-08-15 08:00:00
position_129,-1870.81,-169.86519999999996,1.5,9,31.6,41.63367873395074,28.0,1.5,55,warm,2017-08-15 09:00:00
position_129,-1870.81,-169.86519999999996,1.5,10,34.1,46.97301002553522,30.0,1.5,47,hot,2017-08-15 10:00:00
position_129,-1870.81,-169.86519999999996,1.5,11,35.2,51.14337731326842,31.6,2.6,41,hot,2017-08-15 11:00:00
position_129,-1870.81,-169.86519999999996,1.5,12,35.5,54.069481086238774,33.4,5.1,37,hot,2017-08-15 12:00:00
position_129,-1870.81,-169.86519999999996,1.5,13,36.9,54.04219035004079,34.4,5.1,41,hot,2017-08-15 13:00:00
position_129,-1870.81,-169.86519999999996,1.5,14,35.5,51.60333563149468,34.0,5.7,38,hot,2017-08-15 14:00:00
position_129,-1870.81,-169.86519999999996,1.5,15,34.1,47.780718423196035,33.6,7.7,37,hot,2017-08-15 15:00:00
position_129,-1870.81,-169.86519999999996,1.5,16,31.9,42.68254491167051,32.6,7.2,40,warm,2017-08-15 16:00:00
position_129,-1870.81,-169.86519999999996,1.5,17,28.4,35.8359708159338,30.0,7.7,58,warm,2017-08-15 17:00:00
position_129,-1870.81,-169.86519999999996,1.5,18,25.9,28.96023377725124,28.8,6.7,64,comfortable,2017-08-15 18:00:00
position_129,-1870.81,-169.86519999999996,1.5,19,24.0,23.26538047835639,26.8,5.1,80,comfortable,2017-08-15 19:00:00
position_129,-1870.81,-169.86519999999996,1.5,20,26.3,22.292724063903922,25.8,2.1,85,warm,2017-08-15 20:00:00
position_129,-1870.81,-169.86519999999996,1.5,21,26.1,21.8194711480602,25.4,2.1,89,warm,2017-08-15 21:00:00
position_129,-1870.81,-169.86519999999996,1.5,22,24.9,21.42831448901587,25.0,2.6,90,comfortable,2017-08-15 22:00:00
position_129,-1870.81,-169.86519999999996,1.5,23,24.9,21.42831448901587,25.0,2.6,90,comfortable,2017-08-15 23:00:00
position_130,-1820.81,-619.8652,1.5,0,23.3,18.819408271806303,23.0,0.5,77,comfortable,2017-08-15 00:00:00
position_130,-1820.81,-619.8652,1.5,1,22.9,18.4230822079444,22.6,0.5,78,comfortable,2017-08-15 01:00:00
position_130,-1820.81,-619.8652,1.5,2,22.4,17.932612006181742,22.2,0.5,78,comfortable,2017-08-15 02:00:00
position_130,-1820.81,-619.8652,1.5,3,18.5,16.98824721364002,21.3,2.6,74,comfortable,2017-08-15 03:00:00
position_130,-1820.81,-619.8652,1.5,4,14.7,15.943357208324262,20.4,4.1,71,comfortable,2017-08-15 04:00:00
position_130,-1820.81,-619.8652,1.5,5,19.9,15.943357208324262,20.4,0.5,71,comfortable,2017-08-15 05:00:00
position_130,-1820.81,-619.8652,1.5,6,20.6,18.646301999726113,20.6,1.0,73,comfortable,2017-08-15 06:00:00
position_130,-1820.81,-619.8652,1.5,7,25.0,27.497330315004863,23.0,1.0,69,comfortable,2017-08-15 07:00:00
position_130,-1820.81,-619.8652,1.5,8,29.9,35.866930116694874,25.8,0.5,69,warm,2017-08-15 08:00:00
position_130,-1820.81,-619.8652,1.5,9,31.9,42.69186422057836,28.0,1.5,55,warm,2017-08-15 09:00:00
position_130,-1820.81,-619.8652,1.5,10,34.5,48.290379550216834,30.0,1.5,47,hot,2017-08-15 10:00:00
position_130,-1820.81,-619.8652,1.5,11,35.5,52.660247311172164,31.6,2.6,41,hot,2017-08-15 11:00:00
position_130,-1820.81,-619.8652,1.5,12,35.9,55.67375424892637,33.4,5.1,37,hot,2017-08-15 12:00:00
position_130,-1820.81,-619.8652,1.5,13,37.2,55.56672977623624,34.4,5.1,41,hot,2017-08-15 13:00:00
position_130,-1820.81,-619.8652,1.5,14,35.8,52.96962822537076,34.0,5.7,38,hot,2017-08-15 14:00:00
position_130,-1820.81,-619.8652,1.5,15,34.3,48.88136269670464,33.6,7.7,37,hot,2017-08-15 15:00:00
position_130,-1820.81,-619.8652,1.5,16,32.1,43.46510719012822,32.6,7.2,40,hot,2017-08-15 16:00:00
position_130,-1820.81,-619.8652,1.5,17,28.5,36.2889329062334,30.0,7.7,58,warm,2017-08-15 17:00:00
position_130,-1820.81,-619.8652,1.5,18,25.9,28.972670410155942,28.8,6.7,64,comfortable,2017-08-15 18:00:00
position_130,-1820.81,-619.8652,1.5,19,24.0,22.99103903672921,26.8,5.1,80,comfortable,2017-08-15 19:00:00
position_130,-1820.81,-619.8652,1.5,20,26.2,22.02050490973439,25.8,2.1,85,warm,2017-08-15 20:00:00
position_130,-1820.81,-619.8652,1.5,21,26.0,21.5415664284676,25.4,2.1,89,warm,2017-08-15 21:00:00
position_130,-1820.81,-619.8652,1.5,22,24.9,21.151096150203927,25.0,2.6,90,comfortable,2017-08-15 22:00:00
position_130,-1820.81,-619.8652,1.5,23,24.9,21.151096150203927,25.0,2.6,90,comfortable,2017-08-15 23:00:00
position_131,-1820.81,-569.8652,1.5,0,23.2,18.608941508154167,23.0,0.5,77,comfortable,2017-08-15 00:00:00
position_131,-1820.81,-569.8652,1.5,1,22.9,18.21280040410158,22.6,0.5,78,comfortable,2017-08-15 01:00:00
position_131,-1820.81,-569.8652,1.5,2,22.4,17.717775590980068,22.2,0.5,78,comfortable,2017-08-15 02:00:00
position_131,-1820.81,-569.8652,1.5,3,18.4,16.77117730736497,21.3,2.6,74,comfortable,2017-08-15 03:00:00
position_131,-1820.81,-569.8652,1.5,4,14.6,15.718992992418666,20.4,4.1,71,comfortable,2017-08-15 04:00:00
position_131,-1820.81,-569.8652,1.5,5,19.9,15.718992992418666,20.4,0.5,71,comfortable,2017-08-15 05:00:00
position_131,-1820.81,-569.8652,1.5,6,20.6,18.547945469836275,20.6,1.0,73,comfortable,2017-08-15 06:00:00
position_131,-1820.81,-569.8652,1.5,7,25.1,27.723742894374983,23.0,1.0,69,comfortable,2017-08-15 07:00:00
position_131,-1820.81,-569.8652,1.5,8,30.1,36.37373736775559,25.8,0.5,69,warm,2017-08-15 08:00:00
position_131,-1820.81,-569.8652,1.5,9,32.1,43.43150810727229,28.0,1.5,55,hot,2017-08-15 09:00:00
position_131,-1820.81,-569.8652,1.5,10,34.7,49.21118627811192,30.0,1.5,47,hot,2017-08-15 10:00:00
position_131,-1820.81,-569.8652,1.5,11,35.8,53.72049963464195,31.6,2.6,41,hot,2017-08-15 11:00:00
position_131,-1820.81,-569.8652,1.5,12,36.1,56.79509909098297,33.4,5.1,37,hot,2017-08-15 12:00:00
position_131,-1820.81,-569.8652,1.5,13,37.4,56.632342828824015,34.4,5.1,41,hot,2017-08-15 13:00:00
position_131,-1820.81,-569.8652,1.5,14,36.0,53.92463089481415,34.0,5.7,38,hot,2017-08-15 14:00:00
position_131,-1820.81,-569.8652,1.5,15,34.5,49.65068416124275,33.6,7.7,37,hot,2017-08-15 15:00:00
position_131,-1820.81,-569.8652,1.5,16,32.2,44.01209768709977,32.6,7.2,40,hot,2017-08-15 16:00:00
position_131,-1820.81,-569.8652,1.5,17,28.6,36.60554152091203,30.0,7.7,58,warm,2017-08-15 17:00:00
position_131,-1820.81,-569.8652,1.5,18,25.9,28.981363290199436,28.8,6.7,64,comfortable,2017-08-15 18:00:00
position_131,-1820.81,-569.8652,1.5,19,23.9,22.799281568184607,26.8,5.1,80,comfortable,2017-08-15 19:00:00
position_131,-1820.81,-569.8652,1.5,20,26.1,21.83023086443052,25.8,2.1,85,warm,2017-08-15 20:00:00
position_131,-1820.81,-569.8652,1.5,21,25.9,21.34731832213122,25.4,2.1,89,comfortable,2017-08-15 21:00:00
position_131,-1820.81,-569.8652,1.5,22,24.8,20.957327806021507,25.0,2.6,90,comfortable,2017-08-15 22:00:00
position_131,-1820.81,-569.8652,1.5,23,24.8,20.957327806021507,25.0,2.6,90,comfortable,2017-08-15 23:00:00
position_132,-1820.81,-519.8652,1.5,0,23.3,18.69685598922109,23.0,0.5,77,comfortable,2017-08-15 00:00:00
position_132,-1820.81,-519.8652,1.5,1,22.9,18.30063762524692,22.6,0.5,78,comfortable,2017-08-15 01:00:00
position_132,-1820.81,-519.8652,1.5,2,22.4,17.807515327691895,22.2,0.5,78,comfortable,2017-08-15 02:00:00
position_132,-1820.81,-519.8652,1.5,3,18.5,16.86184999997575,21.3,2.6,74,comfortable,2017-08-15 03:00:00
position_132,-1820.81,-519.8652,1.5,4,14.6,15.812712605287938,20.4,4.1,71,comfortable,2017-08-15 04:00:00
position_132,-1820.81,-519.8652,1.5,5,19.9,15.812712605287938,20.4,0.5,71,comfortable,2017-08-15 05:00:00
position_132,-1820.81,-519.8652,1.5,6,20.6,18.589030167176418,20.6,1.0,73,comfortable,2017-08-15 06:00:00
position_132,-1820.81,-519.8652,1.5,7,25.0,27.6291676556202,23.0,1.0,69,comfortable,2017-08-15 07:00:00
position_132,-1820.81,-519.8652,1.5,8,30.0,36.162037925502574,25.8,0.5,69,warm,2017-08-15 08:00:00
position_132,-1820.81,-519.8652,1.5,9,32.0,43.12255002123219,28.0,1.5,55,hot,2017-08-15 09:00:00
position_132,-1820.81,-519.8652,1.5,10,34.6,48.826554309429085,30.0,1.5,47,hot,2017-08-15 10:00:00
position_132,-1820.81,-519.8652,1.5,11,35.7,53.277619575100076,31.6,2.6,41,hot,2017-08-15 11:00:00
position_132,-1820.81,-519.8652,1.5,12,36.0,56.32669995671676,33.4,5.1,37,hot,2017-08-15 12:00:00
position_132,-1820.81,-519.8652,1.5,13,37.3,56.187223528699114,34.4,5.1,41,hot,2017-08-15 13:00:00
position_132,-1820.81,-519.8652,1.5,14,35.9,53.52571487289818,34.0,5.7,38,hot,2017-08-15 14:00:00
position_132,-1820.81,-519.8652,1.5,15,34.4,49.32932939645765,33.6,7.7,37,hot,2017-08-15 15:00:00
position_132,-1820.81,-519.8652,1.5,16,32.1,43.7836132230669,32.6,7.2,40,hot,2017-08-15 16:00:00
position_132,-1820.81,-519.8652,1.5,17,28.5,36.47329032087555,30.0,7.7,58,warm,2017-08-15 17:00:00
position_132,-1820.81,-519.8652,1.5,18,25.9,28.977732170374438,28.8,6.7,64,comfortable,2017-08-15 18:00:00
position_132,-1820.81,-519.8652,1.5,19,23.9,22.879380953214678,26.8,5.1,80,comfortable,2017-08-15 19:00:00
position_132,-1820.81,-519.8652,1.5,20,26.2,21.909710605854404,25.8,2.1,85,warm,2017-08-15 20:00:00
position_132,-1820.81,-519.8652,1.5,21,26.0,21.428458076315973,25.4,2.1,89,warm,2017-08-15 21:00:00
position_132,-1820.81,-519.8652,1.5,22,24.8,21.0382671578241,25.0,2.6,90,comfortable,2017-08-15 22:00:00
position_132,-1820.81,-519.8652,1.5,23,24.8,21.0382671578241,25.0,2.6,90,comfortable,2017-08-15 23:00:00
position_133,-1820.81,-469.86519999999996,1.5,0,24.6,23.0,23.0,0.5,77,comfortable,2017-08-15 00:00:00
position_133,-1820.81,-469.86519999999996,1.5,1,24.2,22.6,22.6,0.5,78,comfortable,2017-08-15 01:00:00
position_133,-1820.81,-469.86519999999996,1.5,2,23.7,22.2,22.2,0.5,78,comfortable,2017-08-15 02:00:00
position_133,-1820.81,-469.86519999999996,1.5,3,19.8,21.3,21.3,2.6,74,comfortable,2017-08-15 03:00:00
position_133,-1820.81,-469.86519999999996,1.5,4,16.0,20.4,20.4,4.1,71,comfortable,2017-08-15 04:00:00
position_133,-1820.81,-469.86519999999996,1.5,5,21.4,20.4,20.4,0.5,71,comfortable,2017-08-15 05:00:00
position_133,-1820.81,-469.86519999999996,1.5,6,21.2,20.6,20.6,1.0,73,comfortable,2017-08-15 06:00:00
position_133,-1820.81,-469.86519999999996,1.5,7,23.7,23.0,23.0,1.0,69,comfortable,2017-08-15 07:00:00
position_133,-1820.81,-469.86519999999996,1.5,8,27.2,25.8,25.8,0.5,69,warm,2017-08-15 08:00:00
position_133,-1820.81,-469.86519999999996,1.5,9,28.0,28.0,28.0,1.5,55,warm,2017-08-15 09:00:00
position_133,-1820.81,-469.86519999999996,1.5,10,29.8,30.0,30.0,1.5,47,warm,2017-08-15 10:00:00
position_133,-1820.81,-469.86519999999996,1.5,11,30.5,31.6,31.6,2.6,41,warm,2017-08-15 11:00:00
position_133,-1820.81,-469.86519999999996,1.5,12,31.0,33.4,33.4,5.1,37,warm,2017-08-15 12:00:00
position_133,-1820.81,-469.86519999999996,1.5,13,32.7,34.4,34.4,5.1,41,hot,2017-08-15 13:00:00
position_133,-1820.81,-469.86519999999996,1.5,14,31.8,34.0,34.0,5.7,38,warm,2017-08-15 14:00:00
position_133,-1820.81,-469.86519999999996,1.5,15,31.3,33.6,33.6,7.7,37,warm,2017-08-15 15:00:00
position_133,-1820.81,-469.86519999999996,1.5,16,29.9,32.6,32.6,7.2,40,warm,2017-08-15 16:00:00
position_133,-1820.81,-469.86519999999996,1.5,17,27.2,30.0,30.0,7.7,58,warm,2017-08-15 17:00:00
position_133,-1820.81,-469.86519999999996,1.5,18,25.9,28.8,28.8,6.7,64,comfortable,2017-08-15 18:00:00
position_133,-1820.81,-469.86519999999996,1.5,19,24.8,26.8,26.8,5.1,80,comfortable,2017-08-15 19:00:00
position_133,-1820.81,-469.86519999999996,1.5,20,27.1,25.8,25.8,2.1,85,warm,2017-08-15 20:00:00
position_133,-1820.81,-469.86519999999996,1.5,21,27.0,25.4,25.4,2.1,89,warm,2017-08-15 21:00:00
position_133,-1820.81,-469.86519999999996,1.5,22,25.8,25.0,25.0,2.6,90,comfortable,2017-08-15 22:00:00
position_133,-1820.81,-469.86519999999996,1.5,23,25.8,25.0,25.0,2.6,90,comfortable,2017-08-15 23:00:00
position_134,-1820.81,-419.86519999999996,1.5,0,23.4,18.946026852673477,23.0,0.5,77,comfortable,2017-08-15 00:00:00
position_134,-1820.81,-419.86519999999996,1.5,1,23.0,18.54958951542966,22.6,0.5,78,comfortable,2017-08-15 01:00:00
position_134,-1820.81,-419.86519999999996,1.5,2,22.5,18.0618594062909,22.2,0.5,78,comfortable,2017-08-15 02:00:00
position_134,-1820.81,-419.86519999999996,1.5,3,18.5,17.118838300824436,21.3,2.6,74,comfortable,2017-08-15 03:00:00
position_134,-1820.81,-419.86519999999996,1.5,4,14.7,16.078336613729565,20.4,4.1,71,comfortable,2017-08-15 04:00:00
position_134,-1820.81,-419.86519999999996,1.5,5,20.0,16.078336613729565,20.4,0.5,71,comfortable,2017-08-15 05:00:00
position_134,-1820.81,-419.86519999999996,1.5,6,20.6,18.705474118010095,20.6,1.0,73,comfortable,2017-08-15 06:00:00
position_134,-1820.81,-419.86519999999996,1.5,7,25.0,27.361118596855842,23.0,1.0,69,comfortable,2017-08-15 07:00:00
position_134,-1820.81,-419.86519999999996,1.5,8,29.9,35.56203059817249,25.8,0.5,69,warm,2017-08-15 08:00:00
position_134,-1820.81,-419.86519999999996,1.5,9,31.8,42.246888217454845,28.0,1.5,55,warm,2017-08-15 09:00:00
position_134,-1820.81,-419.86519999999996,1.5,10,34.3,47.73641445323016,30.0,1.5,47,hot,2017-08-15 10:00:00
position_134,-1820.81,-419.86519999999996,1.5,11,35.4,52.02239056728855,31.6,2.6,41,hot,2017-08-15 11:00:00
position_134,-1820.81,-419.86519999999996,1.5,12,35.7,54.999143730380986,33.4,5.1,37,hot,2017-08-15 12:00:00
position_134,-1820.81,-419.86519999999996,1.5,13,37.1,54.925647972483056,34.4,5.1,41,hot,2017-08-15 13:00:00
position_134,-1820.81,-419.86519999999996,1.5,14,35.7,52.39509056141375,34.0,5.7,38,hot,2017-08-15 14:00:00
position_134,-1820.81,-419.86519999999996,1.5,15,34.2,48.41853241233976,33.6,7.7,37,hot,2017-08-15 15:00:00
position_134,-1820.81,-419.86519999999996,1.5,16,32.0,43.13603309181195,32.6,7.2,40,hot,2017-08-15 16:00:00
position_134,-1820.81,-419.86519999999996,1.5,17,28.5,36.09845849219627,30.0,7.7,58,warm,2017-08-15 17:00:00
position_134,-1820.81,-419.86519999999996,1.5,18,25.9,28.96744070017392,28.8,6.7,64,comfortable,2017-08-15 18:00:00
position_134,-1820.81,-419.86519999999996,1.5,19,24.0,23.106401947796392,26.8,5.1,80,comfortable,2017-08-15 19:00:00
position_134,-1820.81,-419.86519999999996,1.5,20,26.2,22.13497538086329,25.8,2.1,85,warm,2017-08-15 20:00:00
position_134,-1820.81,-419.86519999999996,1.5,21,26.0,21.65842772824556,25.4,2.1,89,warm,2017-08-15 21:00:00
position_134,-1820.81,-419.86519999999996,1.5,22,24.9,21.267668821021978,25.0,2.6,90,comfortable,2017-08-15 22:00:00
position_134,-1820.81,-419.86519999999996,1.5,23,24.9,21.267668821021978,25.0,2.6,90,comfortable,2017-08-15 23:00:00
position_135,-1820.81,-369.86519999999996,1.5,0,23.7,20.166149192540438,23.0,0.5,77,comfortable,2017-08-15 00:00:00
position_135,-1820.81,-369.86519999999996,1.5,1,23.3,19.76863960240785,22.6,0.5,78,comfortable,2017-08-15 01:00:00
position_135,-1820.81,-369.86519999999996,1.5,2,22.8,19.307313581838287,22.2,0.5,78,comfortable,2017-08-15 02:00:00
position_135,-1820.81,-369.86519999999996,1.5,3,18.9,18.37724051770259,21.3,2.6,74,comfortable,2017-08-15 03:00:00
position_135,-1820.81,-369.86519999999996,1.5,4,15.1,17.3790255555029,20.4,4.1,71,comfortable,2017-08-15 04:00:00
position_135,-1820.81,-369.86519999999996,1.5,5,20.4,17.3790255555029,20.4,0.5,71,comfortable,2017-08-15 05:00:00
position_135,-1820.81,-369.86519999999996,1.5,6,20.8,19.275668657556178,20.6,1.0,73,comfortable,2017-08-15 06:00:00
position_135,-1820.81,-369.86519999999996,1.5,7,24.6,26.048554839411576,23.0,1.0,69,comfortable,2017-08-15 07:00:00
position_135,-1820.81,-369.86519999999996,1.5,8,29.1,32.62395696461871,25.8,0.5,69,warm,2017-08-15 08:00:00
position_135,-1820.81,-369.86519999999996,1.5,9,30.7,37.9590091526496,28.0,1.5,55,warm,2017-08-15 09:00:00
position_135,-1820.81,-369.86519999999996,1.5,10,33.0,42.39829436286975,30.0,1.5,47,hot,2017-08-15 10:00:00
position_135,-1820.81,-369.86519999999996,1.5,11,33.9,45.87587354334882,31.6,2.6,41,hot,2017-08-15 11:00:00
position_135,-1820.81,-369.86519999999996,1.5,12,34.3,48.49845987537947,33.4,5.1,37,hot,2017-08-15 12:00:00
position_135,-1820.81,-369.86519999999996,1.5,13,35.7,48.74805361718074,34.4,5.1,41,hot,2017-08-15 13:00:00
position_135,-1820.81,-369.86519999999996,1.5,14,34.5,46.858729040948795,34.0,5.7,38,hot,2017-08-15 14:00:00
position_135,-1820.81,-369.86519999999996,1.5,15,33.3,43.95860587033445,33.6,7.7,37,hot,2017-08-15 15:00:00
position_135,-1820.81,-369.86519999999996,1.5,16,31.4,39.965008301631734,32.6,7.2,40,warm,2017-08-15 16:00:00
position_135,-1820.81,-369.86519999999996,1.5,17,28.1,34.263008385678646,30.0,7.7,58,warm,2017-08-15 17:00:00
position_135,-1820.81,-369.86519999999996,1.5,18,25.9,28.91704615352531,28.8,6.7,64,comfortable,2017-08-15 18:00:00
position_135,-1820.81,-369.86519999999996,1.5,19,24.2,24.218062369364482,26.8,5.1,80,comfortable,2017-08-15 19:00:00
position_135,-1820.81,-369.86519999999996,1.5,20,26.5,23.238036070083716,25.8,2.1,85,warm,2017-08-15 20:00:00
position_135,-1820.81,-369.86519999999996,1.5,21,26.3,22.78452692749777,25.4,2.1,89,warm,2017-08-15 21:00:00
position_135,-1820.81,-369.86519999999996,1.5,22,25.2,22.390986733045207,25.0,2.6,90,comfortable,2017-08-15 22:00:00
position_135,-1820.81,-369.86519999999996,1.5,23,25.2,22.390986733045207,25.0,2.6,90,comfortable,2017-08-15 23:00:00
position_136,-1820.81,-319.86519999999996,1.5,0,24.6,23.0,23.0,0.5,77,comfortable,2017-08-15 00:00:00
position_136,-1820.81,-319.86519999999996,1.5,1,24.2,22.6,22.6,0.5,78,comfortable,2017-08-15 01:00:00
position_136,-1820.81,-319.86519999999996,1.5,2,23.7,22.2,22.2,0.5,78,comfortable,2017-08-15 02:00:00
position_136,-1820.81,-319.86519999999996,1.5,3,19.8,21.3,21.3,2.6,74,comfortable,2017-08-15 03:00:00
position_136,-1820.81,-319.86519999999996,1.5,4,16.0,20.4,20.4,4.1,71,comfortable,2017-08-15 04:00:00
position_136,-1820.81,-319.86519999999996,1.5,5,21.4,20.4,20.4,0.5,71,comfortable,2017-08-15 05:00:00
position_136,-1820.81,-319.86519999999996,1.5,6,21.2,20.6,20.6,1.0,73,comfortable,2017-08-15 06:00:00
position_136,-1820.81,-319.86519999999996,1.5,7,23.7,23.0,23.0,1.0,69,comfortable,2017-08-15 07:00:00
position_136,-1820.81,-319.86519999999996,1.5,8,27.2,25.8,25.8,0.5,69,warm,2017-08-15 08:00:00
position_136,-1820.81,-319.86519999999996,1.5,9,28.0,28.0,28.0,1.5,55,warm,2017-08-15 09:00:00
position_136,-1820.81,-319.86519999999996,1.5,10,29.8,30.0,30.0,1.5,47,warm,2017-08-15 10:00:00
position_136,-1820.81,-319.86519999999996,1.5,11,30.5,31.6,31.6,2.6,41,warm,2017-08-15 11:00:00
position_136,-1820.81,-319.86519999999996,1.5,12,31.0,33.4,33.4,5.1,37,warm,2017-08-15 12:00:00
position_136,-1820.81,-319.86519999999996,1.5,13,32.7,34.4,34.4,5.1,41,hot,2017-08-15 13:00:00
position_136,-1820.81,-319.86519999999996,1.5,14,31.8,34.0,34.0,5.7,38,warm,2017-08-15 14:00:00
position_136,-1820.81,-319.86519999999996,1.5,15,31.3,33.6,33.6,7.7,37,warm,2017-08-15 15:00:00
position_136,-1820.81,-319.86519999999996,1.5,16,29.9,32.6,32.6,7.2,40,warm,2017-08-15 16:00:00
position_136,-1820.81,-319.86519999999996,1.5,17,27.2,30.0,30.0,7.7,58,warm,2017-08-15 17:00:00
position_136,-1820.81,-319.86519999999996,1.5,18,25.9,28.8,28.8,6.7,64,comfortable,2017-08-15 18:00:00
position_136,-1820.81,-319.86519999999996,1.5,19,24.8,26.8,26.8,5.1,80,comfortable,2017-08-15 19:00:00
position_136,-1820.81,-319.86519999999996,1.5,20,27.1,25.8,25.8,2.1,85,warm,2017-08-15 20:00:00
position_136,-1820.81,-319.86519999999996,1.5,21,27.0,25.4,25.4,2.1,89,warm,2017-08-15 21:00:00
position_136,-1820.81,-319.86519999999996,1.5,22,25.8,25.0,25.0,2.6,90,comfortable,2017-08-15 22:00:00
position_136,-1820.81,-319.86519999999996,1.5,23,25.8,25.0,25.0,2.6,90,comfortable,2017-08-15 23:00:00
position_137,-1820.81,-269.86519999999996,1.5,0,23.5,19.365669497432823,23.0,0.5,77,comfortable,2017-08-15 00:00:00
position_137,-1820.81,-269.86519999999996,1.5,1,23.1,18.968863375007885,22.6,0.5,78,comfortable,2017-08-15 01:00:00
position_137,-1820.81,-269.86519999999996,1.5,2,22.6,18.490214553210237,22.2,0.5,78,comfortable,2017-08-15 02:00:00
position_137,-1820.81,-269.86519999999996,1.5,3,18.7,17.55164673093592,21.3,2.6,74,comfortable,2017-08-15 03:00:00
position_137,-1820.81,-269.86519999999996,1.5,4,14.9,16.52568892398602,20.4,4.1,71,comfortable,2017-08-15 04:00:00
position_137,-1820.81,-269.86519999999996,1.5,5,20.1,16.52568892398602,20.4,0.5,71,comfortable,2017-08-15 05:00:00
position_137,-1820.81,-269.86519999999996,1.5,6,20.7,18.90158391518711,20.6,1.0,73,comfortable,2017-08-15 06:00:00
position_137,-1820.81,-269.86519999999996,1.5,7,24.8,26.909682123158266,23.0,1.0,69,comfortable,2017-08-15 07:00:00
position_137,-1820.81,-269.86519999999996,1.5,8,29.6,34.55152456136258,25.8,0.5,69,warm,2017-08-15 08:00:00
position_137,-1820.81,-269.86519999999996,1.5,9,31.4,40.77213699590168,28.0,1.5,55,warm,2017-08-15 09:00:00
position_137,-1820.81,-269.86519999999996,1.5,10,33.9,45.900448698348484,30.0,1.5,47,hot,2017-08-15 10:00:00
position_137,-1820.81,-269.86519999999996,1.5,11,34.9,49.908388900647765,31.6,2.6,41,hot,2017-08-15 11:00:00
position_137,-1820.81,-269.86519999999996,1.5,12,35.2,52.763331733073684,33.4,5.1,37,hot,2017-08-15 12:00:00
position_137,-1820.81,-269.86519999999996,1.5,13,36.6,52.80095772724737,34.4,5.1,41,hot,2017-08-15 13:00:00
position_137,-1820.81,-269.86519999999996,1.5,14,35.3,50.490942661748946,34.0,5.7,38,hot,2017-08-15 14:00:00
position_137,-1820.81,-269.86519999999996,1.5,15,33.9,46.8846080603575,33.6,7.7,37,hot,2017-08-15 15:00:00
position_137,-1820.81,-269.86519999999996,1.5,16,31.8,42.04540702418847,32.6,7.2,40,warm,2017-08-15 16:00:00
position_137,-1820.81,-269.86519999999996,1.5,17,28.3,35.46718315868597,30.0,7.7,58,warm,2017-08-15 17:00:00
position_137,-1820.81,-269.86519999999996,1.5,18,25.9,28.95010825723268,28.8,6.7,64,comfortable,2017-08-15 18:00:00
position_137,-1820.81,-269.86519999999996,1.5,19,24.1,23.48874075443769,26.8,5.1,80,comfortable,2017-08-15 19:00:00
position_137,-1820.81,-269.86519999999996,1.5,20,26.3,22.51435643949139,25.8,2.1,85,warm,2017-08-15 20:00:00
position_137,-1820.81,-269.86519999999996,1.5,21,26.1,22.045732534325175,25.4,2.1,89,warm,2017-08-15 21:00:00
position_137,-1820.81,-269.86519999999996,1.5,22,25.0,21.654017045379852,25.0,2.6,90,comfortable,2017-08-15 22:00:00
position_137,-1820.81,-269.86519999999996,1.5,23,25.0,21.654017045379852,25.0,2.6,90,comfortable,2017-08-15 23:00:00
position_138,-1820.81,-219.86519999999996,1.5,0,24.6,23.0,23.0,0.5,77,comfortable,2017-08-15 00:00:00
position_138,-1820.81,-219.86519999999996,1.5,1,24.2,22.6,22.6,0.5,78,comfortable,2017-08-15 01:00:00
position_138,-1820.81,-219.86519999999996,1.5,2,23.7,22.2,22.2,0.5,78,comfortable,2017-08-15 02:00:00
position_138,-1820.81,-219.86519999999996,1.5,3,19.8,21.3,21.3,2.6,74,comfortable,2017-08-15 03:00:00
position_138,-1820.81,-219.86519999999996,1.5,4,16.0,20.4,20.4,4.1,71,comfortable,2017-08-15 04:00:00
position_138,-1820.81,-219.86519999999996,1.5,5,21.4,20.4,20.4,0.5,71,comfortable,2017-08-15 05:00:00
position_138,-1820.81,-219.86519999999996,1.5,6,21.2,20.6,20.6,1.0,73,comfortable,2017-08-15 06:00:00
position_138,-1820.81,-219.86519999999996,1.5,7,23.7,23.0,23.0,1.0,69,comfortable,2017-08-15 07:00:00
position_138,-1820.81,-219.86519999999996,1.5,8,27.2,25.8,25.8,0.5,69,warm,2017-08-15 08:00:00
position_138,-1820.81,-219.86519999999996,1.5,9,28.0,28.0,28.0,1.5,55,warm,2017-08-15 09:00:00
position_138,-1820.81,-219.86519999999996,1.5,10,29.8,30.0,30.0,1.5,47,warm,2017-08-15 10:00:00
position_138,-1820.81,-219.86519999999996,1.5,11,30.5,31.6,31.6,2.6,41,warm,2017-08-15 11:00:00
position_138,-1820.81,-219.86519999999996,1.5,12,31.0,33.4,33.4,5.1,37,warm,2017-08-15 12:00:00
position_138,-1820.81,-219.86519999999996,1.5,13,32.7,34.4,34.4,5.1,41,hot,2017-08-15 13:00:00
position_138,-1820.81,-219.86519999999996,1.5,14,31.8,34.0,34.0,5.7,38,warm,2017-08-15 14:00:00
position_138,-1820.81,-219.86519999999996,1.5,15,31.3,33.6,33.6,7.7,37,warm,2017-08-15 15:00:00
position_138,-1820.81,-219.86519999999996,1.5,16,29.9,32.6,32.6,7.2,40,warm,2017-08-15 16:00:00
position_138,-1820.81,-219.86519999999996,1.5,17,27.2,30.0,30.0,7.7,58,warm,2017-08-15 17:00:00
position_138,-1820.81,-219.86519999999996,1.5,18,25.9,28.8,28.8,6.7,64,comfortable,2017-08-15 18:00:00
position_138,-1820.81,-219.86519999999996,1.5,19,24.8,26.8,26.8,5.1,80,comfortable,2017-08-15 19:00:00
position_138,-1820.81,-219.86519999999996,1.5,20,27.1,25.8,25.8,2.1,85,warm,2017-08-15 20:00:00
position_138,-1820.81,-219.86519999999996,1.5,21,27.0,25.4,25.4,2.1,89,warm,2017-08-15 21:00:00
position_138,-1820.81,-219.86519999999996,1.5,22,25.8,25.0,25.0,2.6,90,comfortable,2017-08-15 22:00:00
position_138,-1820.81,-219.86519999999996,1.5,23,25.8,25.0,25.0,2.6,90,comfortable,2017-08-15 23:00:00
position_139,-1820.81,-169.86519999999996,1.5,0,23.4,19.1205165196006,23.0,0.5,77,comfortable,2017-08-15 00:00:00
position_139,-1820.81,-169.86519999999996,1.5,1,23.0,18.72392583949655,22.6,0.5,78,comfortable,2017-08-15 01:00:00
position_139,-1820.81,-169.86519999999996,1.5,2,22.5,18.239971778438722,22.2,0.5,78,comfortable,2017-08-15 02:00:00
position_139,-1820.81,-169.86519999999996,1.5,3,18.6,17.298802372056308,21.3,2.6,74,comfortable,2017-08-15 03:00:00
position_139,-1820.81,-169.86519999999996,1.5,4,14.8,16.264348108487184,20.4,4.1,71,comfortable,2017-08-15 04:00:00
position_139,-1820.81,-169.86519999999996,1.5,5,20.0,16.264348108487184,20.4,0.5,71,comfortable,2017-08-15 05:00:00
position_139,-1820.81,-169.86519999999996,1.5,6,20.7,18.787017625606147,20.6,1.0,73,comfortable,2017-08-15 06:00:00
position_139,-1820.81,-169.86519999999996,1.5,7,24.9,27.173408884990366,23.0,1.0,69,comfortable,2017-08-15 07:00:00
position_139,-1820.81,-169.86519999999996,1.5,8,29.8,35.14185675742301,25.8,0.5,69,warm,2017-08-15 08:00:00
position_139,-1820.81,-169.86519999999996,1.5,9,31.6,41.63367873395074,28.0,1.5,55,warm,2017-08-15 09:00:00
position_139,-1820.81,-169.86519999999996,1.5,10,34.1,46.97301002553522,30.0,1.5,47,hot,2017-08-15 10:00:00
position_139,-1820.81,-169.86519999999996,1.5,11,35.2,51.14337731326842,31.6,2.6,41,hot,2017-08-15 11:00:00
position_139,-1820.81,-169.86519999999996,1.5,12,35.5,54.069481086238774,33.4,5.1,37,hot,2017-08-15 12:00:00
position_139,-1820.81,-169.86519999999996,1.5,13,36.9,54.04219035004079,34.4,5.1,41,hot,2017-08-15 13:00:00
position_139,-1820.81,-169.86519999999996,1.5,14,35.5,51.60333563149468,34.0,5.7,38,hot,2017-08-15 14:00:00
position_139,-1820.81,-169.86519999999996,1.5,15,34.1,47.780718423196035,33.6,7.7,37,hot,2017-08-15 15:00:00
position_139,-1820.81,-169.86519999999996,1.5,16,31.9,42.68254491167051,32.6,7.2,40,warm,2017-08-15 16:00:00
position_139,-1820.81,-169.86519999999996,1.5,17,28.4,35.8359708159338,30.0,7.7,58,warm,2017-08-15 17:00:00
position_139,-1820.81,-169.86519999999996,1.5,18,25.9,28.96023377725124,28.8,6.7,64,comfortable,2017-08-15 18:00:00
position_139,-1820.81,-169.86519999999996,1.5,19,24.0,23.26538047835639,26.8,5.1,80,comfortable,2017-08-15 19:00:00
position_139,-1820.81,-169.86519999999996,1.5,20,26.3,22.292724063903922,25.8,2.1,85,warm,2017-08-15 20:00:00
position_139,-1820.81,-169.86519999999996,1.5,21,26.1,21.8194711480602,25.4,2.1,89,warm,2017-08-15 21:00:00
position_139,-1820.81,-169.86519999999996,1.5,22,24.9,21.42831448901587,25.0,2.6,90,comfortable,2017-08-15 22:00:00
position_139,-1820.81,-169.86519999999996,1.5,23,24.9,21.42831448901587,25.0,2.6,90,comfortable,2017-08-15 23:00:00
position_140,-1770.81,-619.8652,1.5,0,23.2,18.57829738592514,23.0,0.5,77,comfortable,2017-08-15 00:00:00
position_140,-1770.81,-619.8652,1.5,1,22.8,18.18218321216266,22.6,0.5,78,comfortable,2017-08-15 01:00:00
position_140,-1770.81,-619.8652,1.5,2,22.4,17.68649524413363,22.2,0.5,78,comfortable,2017-08-15 02:00:00
position_140,-1770.81,-619.8652,1.5,3,18.4,16.739571762505015,21.3,2.6,74,comfortable,2017-08-15 03:00:00
position_140,-1770.81,-619.8652,1.5,4,14.6,15.686325390481311,20.4,4.1,71,comfortable,2017-08-15 04:00:00
position_140,-1770.81,-619.8652,1.5,5,19.8,15.686325390481311,20.4,0.5,71,comfortable,2017-08-15 05:00:00
position_140,-1770.81,-619.8652,1.5,6,20.6,18.533624683638653,20.6,1.0,73,comfortable,2017-08-15 06:00:00
position_140,-1770.81,-619.8652,1.5,7,25.1,27.756708739603994,23.0,1.0,69,comfortable,2017-08-15 07:00:00
position_140,-1770.81,-619.8652,1.5,8,30.1,36.44752889226314,25.8,0.5,69,warm,2017-08-15 08:00:00
position_140,-1770.81,-619.8652,1.5,9,32.1,43.53920082452843,28.0,1.5,55,hot,2017-08-15 09:00:00
position_140,-1770.81,-619.8652,1.5,10,34.7,49.34525644401026,30.0,1.5,47,hot,2017-08-15 10:00:00
position_140,-1770.81,-619.8652,1.5,11,35.8,53.87487318621953,31.6,2.6,41,hot,2017-08-15 11:00:00
position_140,-1770.81,-619.8652,1.5,12,36.2,56.95836776012861,33.4,5.1,37,hot,2017-08-15 12:00:00
position_140,-1770.81,-619.8652,1.5,13,37.5,56.7874969066732,34.4,5.1,41,hot,2017-08-15 13:00:00
position_140,-1770.81,-619.8652,1.5,14,36.1,54.06368001603236,34.0,5.7,38,hot,2017-08-15 14:00:00
position_140,-1770.81,-619.8652,1.5,15,34.5,49.76269795659756,33.6,7.7,37,hot,2017-08-15 15:00:00
position_140,-1770.81,-619.8652,1.5,16,32.2,44.09173992303502,32.6,7.2,40,hot,2017-08-15 16:00:00
position_140,-1770.81,-619.8652,1.5,17,28.6,36.651639978068005,30.0,7.7,58,warm,2017-08-15 17:00:00
position_140,-1770.81,-619.8652,1.5,18,25.9,28.98262898020176,28.8,6.7,64,comfortable,2017-08-15 18:00:00
position_140,-1770.81,-619.8652,1.5,19,23.9,22.771361533674444,26.8,5.1,80,comfortable,2017-08-15 19:00:00
position_140,-1770.81,-619.8652,1.5,20,26.1,21.802526817482082,25.8,2.1,85,warm,2017-08-15 20:00:00
position_140,-1770.81,-619.8652,1.5,21,25.9,21.319035648848097,25.4,2.1,89,comfortable,2017-08-15 21:00:00
position_140,-1770.81,-619.8652,1.5,22,24.8,20.92911498647601,25.0,2.6,90,comfortable,2017-08-15 22:00:00
position_140,-1770.81,-619.8652,1.5,23,24.8,20.92911498647601,25.0,2.6,90,comfortable,2017-08-15 23:00:00
position_141,-1770.81,-569.8652,1.5,0,23.3,18.727240675296223,23.0,0.5,77,comfortable,2017-08-15 00:00:00
position_141,-1770.81,-569.8652,1.5,1,22.9,18.33099560902643,22.6,0.5,78,comfortable,2017-08-15 01:00:00
position_141,-1770.81,-569.8652,1.5,2,22.4,17.838530852044233,22.2,0.5,78,comfortable,2017-08-15 02:00:00
position_141,-1770.81,-569.8652,1.5,3,18.5,16.89318796918322,21.3,2.6,74,comfortable,2017-08-15 03:00:00
position_141,-1770.81,-569.8652,1.5,4,14.7,15.8451036400931,20.4,4.1,71,comfortable,2017-08-15 04:00:00
position_141,-1770.81,-569.8652,1.5,5,19.9,15.8451036400931,20.4,0.5,71,comfortable,2017-08-15 05:00:00
position_141,-1770.81,-569.8652,1.5,6,20.6,18.60322971218906,20.6,1.0,73,comfortable,2017-08-15 06:00:00
position_141,-1770.81,-569.8652,1.5,7,25.0,27.596480902480433,23.0,1.0,69,comfortable,2017-08-15 07:00:00
position_141,-1770.81,-569.8652,1.5,8,30.0,36.08887112730191,25.8,0.5,69,warm,2017-08-15 08:00:00
position_141,-1770.81,-569.8652,1.5,9,32.0,43.01576904111633,28.0,1.5,55,hot,2017-08-15 09:00:00
position_141,-1770.81,-569.8652,1.5,10,34.6,48.69361919474651,30.0,1.5,47,hot,2017-08-15 10:00:00
position_141,-1770.81,-569.8652,1.5,11,35.7,53.1245529651991,31.6,2.6,41,hot,2017-08-15 11:00:00
position_141,-1770.81,-569.8652,1.5,12,36.0,56.16481353618825,33.4,5.1,37,hot,2017-08-15 12:00:00
position_141,-1770.81,-569.8652,1.5,13,37.3,56.03338300053875,34.4,5.1,41,hot,2017-08-15 13:00:00
position_141,-1770.81,-569.8652,1.5,14,35.9,53.387842955221345,34.0,5.7,38,hot,2017-08-15 14:00:00
position_141,-1770.81,-569.8652,1.5,15,34.4,49.21826392091545,33.6,7.7,37,hot,2017-08-15 15:00:00
position_141,-1770.81,-569.8652,1.5,16,32.1,43.70464524613714,32.6,7.2,40,hot,2017-08-15 16:00:00
position_141,-1770.81,-569.8652,1.5,17,28.5,36.42758213779352,30.0,7.7,58,warm,2017-08-15 17:00:00
position_141,-1770.81,-569.8652,1.5,18,25.9,28.976477195828206,28.8,6.7,64,comfortable,2017-08-15 18:00:00
position_141,-1770.81,-569.8652,1.5,19,23.9,22.907064613965602,26.8,5.1,80,comfortable,2017-08-15 19:00:00
position_141,-1770.81,-569.8652,1.5,20,26.2,21.937180107615546,25.8,2.1,85,warm,2017-08-15 20:00:00
position_141,-1770.81,-569.8652,1.5,21,26.0,21.45650130570432,25.4,2.1,89,warm,2017-08-15 21:00:00
position_141,-1770.81,-569.8652,1.5,22,24.8,21.066241124863446,25.0,2.6,90,comfortable,2017-08-15 22:00:00
position_141,-1770.81,-569.8652,1.5,23,24.8,21.066241124863446,25.0,2.6,90,comfortable,2017-08-15 23:00:00
position_142,-1770.81,-519.8652,1.5,0,23.3,18.791466946321616,23.0,0.5,77,comfortable,2017-08-15 00:00:00
position_142,-1770.81,-519.8652,1.5,1,22.9,18.395165437511277,22.6,0.5,78,comfortable,2017-08-15 01:00:00
position_142,-1770.81,-519.8652,1.5,2,22.4,17.904090570782877,22.2,0.5,78,comfortable,2017-08-15 02:00:00
position_142,-1770.81,-519.8652,1.5,3,18.5,16.95942926253499,21.3,2.6,74,comfortable,2017-08-15 03:00:00
position_142,-1770.81,-519.8652,1.5,4,14.7,15.913570873061865,20.4,4.1,71,comfortable,2017-08-15 04:00:00
position_142,-1770.81,-519.8652,1.5,5,19.9,15.913570873061865,20.4,0.5,71,comfortable,2017-08-15 05:00:00
position_142,-1770.81,-519.8652,1.5,6,20.6,18.633244299937758,20.6,1.0,73,comfortable,2017-08-15 06:00:00
position_142,-1770.81,-519.8652,1.5,7,25.0,27.52738858864499,23.0,1.0,69,comfortable,2017-08-15 07:00:00
position_142,-1770.81,-519.8652,1.5,8,30.0,35.934213264466806,25.8,0.5,69,warm,2017-08-15 08:00:00
position_142,-1770.81,-519.8652,1.5,9,31.9,42.790058492311594,28.0,1.5,55,warm,2017-08-15 09:00:00
position_142,-1770.81,-519.8652,1.5,10,34.5,48.4126247923926,30.0,1.5,47,hot,2017-08-15 10:00:00
position_142,-1770.81,-519.8652,1.5,11,35.6,52.801005190240076,31.6,2.6,41,hot,2017-08-15 11:00:00
position_142,-1770.81,-519.8652,1.5,12,35.9,55.82262270049938,33.4,5.1,37,hot,2017-08-15 12:00:00
position_142,-1770.81,-519.8652,1.5,13,37.2,55.708199339536485,34.4,5.1,41,hot,2017-08-15 13:00:00
position_142,-1770.81,-519.8652,1.5,14,35.8,53.096413281417725,34.0,5.7,38,hot,2017-08-15 14:00:00
position_142,-1770.81,-519.8652,1.5,15,34.4,48.983496929540294,33.6,7.7,37,hot,2017-08-15 15:00:00
position_142,-1770.81,-519.8652,1.5,16,32.1,43.537725019412534,32.6,7.2,40,hot,2017-08-15 16:00:00
position_142,-1770.81,-519.8652,1.5,17,28.5,36.33096550178664,30.0,7.7,58,warm,2017-08-15 17:00:00
position_142,-1770.81,-519.8652,1.5,18,25.9,28.973824466912838,28.8,6.7,64,comfortable,2017-08-15 18:00:00
position_142,-1770.81,-519.8652,1.5,19,24.0,22.965581535745443,26.8,5.1,80,comfortable,2017-08-15 19:00:00
position_142,-1770.81,-519.8652,1.5,20,26.2,21.99524434631398,25.8,2.1,85,warm,2017-08-15 20:00:00
position_142,-1770.81,-519.8652,1.5,21,26.0,21.51577827327508,25.4,2.1,89,warm,2017-08-15 21:00:00
position_142,-1770.81,-519.8652,1.5,22,24.8,21.12537168768319,25.0,2.6,90,comfortable,2017-08-15 22:00:00
position_142,-1770.81,-519.8652,1.5,23,24.8,21.12537168768319,25.0,2.6,90,comfortable,2017-08-15 23:00:00
position_143,-1770.81,-469.86519999999996,1.5,0,23.6,19.75922605879215,23.0,0.5,77,comfortable,2017-08-15 00:00:00
position_143,-1770.81,-469.86519999999996,1.5,1,23.2,19.362074075836656,22.6,0.5,78,comfortable,2017-08-15 01:00:00
position_143,-1770.81,-469.86519999999996,1.5,2,22.7,18.891942024827955,22.2,0.5,78,comfortable,2017-08-15 02:00:00
position_143,-1770.81,-469.86519999999996,1.5,3,18.8,17.957550658025333,21.3,2.6,74,comfortable,2017-08-15 03:00:00
position_143,-1770.81,-469.86519999999996,1.5,4,15.0,16.945232645624813,20.4,4.1,71,comfortable,2017-08-15 04:00:00
position_143,-1770.81,-469.86519999999996,1.5,5,20.3,16.945232645624813,20.4,0.5,71,comfortable,2017-08-15 05:00:00
position_143,-1770.81,-469.86519999999996,1.5,6,20.8,19.085503014901402,20.6,1.0,73,comfortable,2017-08-15 06:00:00
position_143,-1770.81,-469.86519999999996,1.5,7,24.7,26.486308120350504,23.0,1.0,69,comfortable,2017-08-15 07:00:00
position_143,-1770.81,-469.86519999999996,1.5,8,29.3,33.60383422043494,25.8,0.5,69,warm,2017-08-15 08:00:00
position_143,-1770.81,-469.86519999999996,1.5,9,31.0,39.38906016407069,28.0,1.5,55,warm,2017-08-15 09:00:00
position_143,-1770.81,-469.86519999999996,1.5,10,33.4,44.17861137249928,30.0,1.5,47,hot,2017-08-15 10:00:00
position_143,-1770.81,-469.86519999999996,1.5,11,34.4,47.925799101872286,31.6,2.6,41,hot,2017-08-15 11:00:00
position_143,-1770.81,-469.86519999999996,1.5,12,34.8,50.666503652098235,33.4,5.1,37,hot,2017-08-15 12:00:00
position_143,-1770.81,-469.86519999999996,1.5,13,36.2,50.80834377985363,34.4,5.1,41,hot,2017-08-15 13:00:00
position_143,-1770.81,-469.86519999999996,1.5,14,34.9,48.705161571408546,34.0,5.7,38,hot,2017-08-15 14:00:00
position_143,-1770.81,-469.86519999999996,1.5,15,33.6,45.44603645451492,33.6,7.7,37,hot,2017-08-15 15:00:00
position_143,-1770.81,-469.86519999999996,1.5,16,31.6,41.0225771229307,32.6,7.2,40,warm,2017-08-15 16:00:00
position_143,-1770.81,-469.86519999999996,1.5,17,28.2,34.87514954954277,30.0,7.7,58,warm,2017-08-15 17:00:00
position_143,-1770.81,-469.86519999999996,1.5,18,25.9,28.933853244237465,28.8,6.7,64,comfortable,2017-08-15 18:00:00
position_143,-1770.81,-469.86519999999996,1.5,19,24.2,23.847312381738035,26.8,5.1,80,comfortable,2017-08-15 19:00:00
position_143,-1770.81,-469.86519999999996,1.5,20,26.4,22.870154180124167,25.8,2.1,85,warm,2017-08-15 20:00:00
position_143,-1770.81,-469.86519999999996,1.5,21,26.2,22.4089614615617,25.4,2.1,89,warm,2017-08-15 21:00:00
position_143,-1770.81,-469.86519999999996,1.5,22,25.1,22.016348854514177,25.0,2.6,90,comfortable,2017-08-15 22:00:00
position_143,-1770.81,-469.86519999999996,1.5,23,25.1,22.016348854514177,25.0,2.6,90,comfortable,2017-08-15 23:00:00
position_144,-1770.81,-419.86519999999996,1.5,0,23.4,19.143124870589297,23.0,0.5,77,comfortable,2017-08-15 00:00:00
position_144,-1770.81,-419.86519999999996,1.5,1,23.0,18.746514322092658,22.6,0.5,78,comfortable,2017-08-15 01:00:00
position_144,-1770.81,-419.86519999999996,1.5,2,22.5,18.263049517630176,22.2,0.5,78,comfortable,2017-08-15 02:00:00
position_144,-1770.81,-419.86519999999996,1.5,3,18.6,17.322120032978116,21.3,2.6,74,comfortable,2017-08-15 03:00:00
position_144,-1770.81,-419.86519999999996,1.5,4,14.8,16.28844932453896,20.4,4.1,71,comfortable,2017-08-15 04:00:00
position_144,-1770.81,-419.86519999999996,1.5,5,20.0,16.28844932453896,20.4,0.5,71,comfortable,2017-08-15 05:00:00
position_144,-1770.81,-419.86519999999996,1.5,6,20.7,18.797583089298346,20.6,1.0,73,comfortable,2017-08-15 06:00:00
position_144,-1770.81,-419.86519999999996,1.5,7,24.9,27.149087633625868,23.0,1.0,69,comfortable,2017-08-15 07:00:00
position_144,-1770.81,-419.86519999999996,1.5,8,29.7,35.08741549545475,25.8,0.5,69,warm,2017-08-15 08:00:00
position_144,-1770.81,-419.86519999999996,1.5,9,31.6,41.5542261481512,28.0,1.5,55,warm,2017-08-15 09:00:00
position_144,-1770.81,-419.86519999999996,1.5,10,34.1,46.87409691766126,30.0,1.5,47,hot,2017-08-15 10:00:00
position_144,-1770.81,-419.86519999999996,1.5,11,35.1,51.02948495207258,31.6,2.6,41,hot,2017-08-15 11:00:00
position_144,-1770.81,-419.86519999999996,1.5,12,35.5,53.949026163434496,33.4,5.1,37,hot,2017-08-15 12:00:00
position_144,-1770.81,-419.86519999999996,1.5,13,36.9,53.927722139036874,34.4,5.1,41,hot,2017-08-15 13:00:00
position_144,-1770.81,-419.86519999999996,1.5,14,35.5,51.50074919375382,34.0,5.7,38,hot,2017-08-15 14:00:00
position_144,-1770.81,-419.86519999999996,1.5,15,34.1,47.69807787039994,33.6,7.7,37,hot,2017-08-15 15:00:00
position_144,-1770.81,-419.86519999999996,1.5,16,31.9,42.62378716328106,32.6,7.2,40,warm,2017-08-15 16:00:00
position_144,-1770.81,-419.86519999999996,1.5,17,28.4,35.80196070164074,30.0,7.7,58,warm,2017-08-15 17:00:00
position_144,-1770.81,-419.86519999999996,1.5,18,25.9,28.95929998761284,28.8,6.7,64,comfortable,2017-08-15 18:00:00
position_144,-1770.81,-419.86519999999996,1.5,19,24.0,23.28597907586572,26.8,5.1,80,comfortable,2017-08-15 19:00:00
position_144,-1770.81,-419.86519999999996,1.5,20,26.3,22.313163312009525,25.8,2.1,85,warm,2017-08-15 20:00:00
position_144,-1770.81,-419.86519999999996,1.5,21,26.1,21.840337290014098,25.4,2.1,89,warm,2017-08-15 21:00:00
position_144,-1770.81,-419.86519999999996,1.5,22,24.9,21.449129094893575,25.0,2.6,90,comfortable,2017-08-15 22:00:00
position_144,-1770.81,-419.86519999999996,1.5,23,24.9,21.449129094893575,25.0,2.6,90,comfortable,2017-08-15 23:00:00
position_145,-1770.81,-369.86519999999996,1.5,0,24.6,23.0,23.0,0.5,77,comfortable,2017-08-15 00:00:00
position_145,-1770.81,-369.86519999999996,1.5,1,24.2,22.6,22.6,0.5,78,comfortable,2017-08-15 01:00:00
position_145,-1770.81,-369.86519999999996,1.5,2,23.7,22.2,22.2,0.5,78,comfortable,2017-08-15 02:00:00
position_145,-1770.81,-369.86519999999996,1.5,3,19.8,21.3,21.3,2.6,74,comfortable,2017-08-15 03:00:00
position_145,-1770.81,-369.86519999999996,1.5,4,16.0,20.4,20.4,4.1,71,comfortable,2017-08-15 04:00:00
position_145,-1770.81,-369.86519999999996,1.5,5,21.4,20.4,20.4,0.5,71,comfortable,2017-08-15 05:00:00
position_145,-1770.81,-369.86519999999996,1.5,6,21.2,20.6,20.6,1.0,73,comfortable,2017-08-15 06:00:00
position_145,-1770.81,-369.86519999999996,1.5,7,23.7,23.0,23.0,1.0,69,comfortable,2017-08-15 07:00:00
position_145,-1770.81,-369.86519999999996,1.5,8,27.2,25.8,25.8,0.5,69,warm,2017-08-15 08:00:00
position_145,-1770.81,-369.86519999999996,1.5,9,28.0,28.0,28.0,1.5,55,warm,2017-08-15 09:00:00
position_145,-1770.81,-369.86519999999996,1.5,10,29.8,30.0,30.0,1.5,47,warm,2017-08-15 10:00:00
position_145,-1770.81,-369.86519999999996,1.5,11,30.5,31.6,31.6,2.6,41,warm,2017-08-15 11:00:00
position_145,-1770.81,-369.86519999999996,1.5,12,31.0,33.4,33.4,5.1,37,warm,2017-08-15 12:00:00
position_145,-1770.81,-369.86519999999996,1.5,13,32.7,34.4,34.4,5.1,41,hot,2017-08-15 13:00:00
position_145,-1770.81,-369.86519999999996,1.5,14,31.8,34.0,34.0,5.7,38,warm,2017-08-15 14:00:00
position_145,-1770.81,-369.86519999999996,1.5,15,31.3,33.6,33.6,7.7,37,warm,2017-08-15 15:00:00
position_145,-1770.81,-369.86519999999996,1.5,16,29.9,32.6,32.6,7.2,40,warm,2017-08-15 16:00:00
position_145,-1770.81,-369.86519999999996,1.5,17,27.2,30.0,30.0,7.7,58,warm,2017-08-15 17:00:00
position_145,-1770.81,-369.86519999999996,1.5,18,25.9,28.8,28.8,6.7,64,comfortable,2017-08-15 18:00:00
position_145,-1770.81,-369.86519999999996,1.5,19,24.8,26.8,26.8,5.1,80,comfortable,2017-08-15 19:00:00
position_145,-1770.81,-369.86519999999996,1.5,20,27.1,25.8,25.8,2.1,85,warm,2017-08-15 20:00:00
position_145,-1770.81,-369.86519999999996,1.5,21,27.0,25.4,25.4,2.1,89,warm,2017-08-15 21:00:00
position_145,-1770.81,-369.86519999999996,1.5,22,25.8,25.0,25.0,2.6,90,comfortable,2017-08-15 22:00:00
position_145,-1770.81,-369.86519999999996,1.5,23,25.8,25.0,25.0,2.6,90,comfortable,2017-08-15 23:00:00
position_146,-1770.81,-319.86519999999996,1.5,0,23.7,20.008834265560306,23.0,0.5,77,comfortable,2017-08-15 00:00:00
position_146,-1770.81,-319.86519999999996,1.5,1,23.3,19.611462924994495,22.6,0.5,78,comfortable,2017-08-15 01:00:00
position_146,-1770.81,-319.86519999999996,1.5,2,22.8,19.14673252674122,22.2,0.5,78,comfortable,2017-08-15 02:00:00
position_146,-1770.81,-319.86519999999996,1.5,3,18.9,18.214990023312488,21.3,2.6,74,comfortable,2017-08-15 03:00:00
position_146,-1770.81,-319.86519999999996,1.5,4,15.1,17.211322875850918,20.4,4.1,71,comfortable,2017-08-15 04:00:00
position_146,-1770.81,-319.86519999999996,1.5,5,20.3,17.211322875850918,20.4,0.5,71,comfortable,2017-08-15 05:00:00
position_146,-1770.81,-319.86519999999996,1.5,6,20.8,19.202151347510906,20.6,1.0,73,comfortable,2017-08-15 06:00:00
position_146,-1770.81,-319.86519999999996,1.5,7,24.6,26.21778858336681,23.0,1.0,69,comfortable,2017-08-15 07:00:00
position_146,-1770.81,-319.86519999999996,1.5,8,29.2,33.00277376357607,25.8,0.5,69,warm,2017-08-15 08:00:00
position_146,-1770.81,-319.86519999999996,1.5,9,30.8,38.51186140355832,28.0,1.5,55,warm,2017-08-15 09:00:00
position_146,-1770.81,-319.86519999999996,1.5,10,33.2,43.08655810887885,30.0,1.5,47,hot,2017-08-15 10:00:00
position_146,-1770.81,-319.86519999999996,1.5,11,34.1,46.668366923077144,31.6,2.6,41,hot,2017-08-15 11:00:00
position_146,-1770.81,-319.86519999999996,1.5,12,34.5,49.33661730644657,33.4,5.1,37,hot,2017-08-15 12:00:00
position_146,-1770.81,-319.86519999999996,1.5,13,35.9,49.544553913227446,34.4,5.1,41,hot,2017-08-15 13:00:00
position_146,-1770.81,-319.86519999999996,1.5,14,34.7,47.57255279441151,34.0,5.7,38,hot,2017-08-15 14:00:00
position_146,-1770.81,-319.86519999999996,1.5,15,33.5,44.5336408445886,33.6,7.7,37,hot,2017-08-15 15:00:00
position_146,-1770.81,-319.86519999999996,1.5,16,31.4,40.373860362625706,32.6,7.2,40,warm,2017-08-15 16:00:00
position_146,-1770.81,-319.86519999999996,1.5,17,28.1,34.49965981811941,30.0,7.7,58,warm,2017-08-15 17:00:00
position_146,-1770.81,-319.86519999999996,1.5,18,25.9,28.92354371050561,28.8,6.7,64,comfortable,2017-08-15 18:00:00
position_146,-1770.81,-319.86519999999996,1.5,19,24.2,24.074731842308683,26.8,5.1,80,comfortable,2017-08-15 19:00:00
position_146,-1770.81,-319.86519999999996,1.5,20,26.5,23.095814338615142,25.8,2.1,85,warm,2017-08-15 20:00:00
position_146,-1770.81,-319.86519999999996,1.5,21,26.3,22.63933475494722,25.4,2.1,89,warm,2017-08-15 21:00:00
position_146,-1770.81,-319.86519999999996,1.5,22,25.1,22.24615316223732,25.0,2.6,90,comfortable,2017-08-15 22:00:00
position_146,-1770.81,-319.86519999999996,1.5,23,25.1,22.24615316223732,25.0,2.6,90,comfortable,2017-08-15 23:00:00
position_147,-1770.81,-269.86519999999996,1.5,0,23.6,19.82339194780566,23.0,0.5,77,comfortable,2017-08-15 00:00:00
position_147,-1770.81,-269.86519999999996,1.5,1,23.2,19.42618357537379,22.6,0.5,78,comfortable,2017-08-15 01:00:00
position_147,-1770.81,-269.86519999999996,1.5,2,22.7,18.957440107920423,22.2,0.5,78,comfortable,2017-08-15 02:00:00
position_147,-1770.81,-269.86519999999996,1.5,3,18.8,18.023729674951916,21.3,2.6,74,comfortable,2017-08-15 03:00:00
position_147,-1770.81,-269.86519999999996,1.5,4,15.0,17.013635509462244,20.4,4.1,71,comfortable,2017-08-15 04:00:00
position_147,-1770.81,-269.86519999999996,1.5,5,20.3,17.013635509462244,20.4,0.5,71,comfortable,2017-08-15 05:00:00
position_147,-1770.81,-269.86519999999996,1.5,6,20.8,19.115489384583487,20.6,1.0,73,comfortable,2017-08-15 06:00:00
position_147,-1770.81,-269.86519999999996,1.5,7,24.7,26.41728076331309,23.0,1.0,69,comfortable,2017-08-15 07:00:00
position_147,-1770.81,-269.86519999999996,1.5,8,29.3,33.44932175842668,25.8,0.5,69,warm,2017-08-15 08:00:00
position_147,-1770.81,-269.86519999999996,1.5,9,31.0,39.163561815925014,28.0,1.5,55,warm,2017-08-15 09:00:00
position_147,-1770.81,-269.86519999999996,1.5,10,33.4,43.897881145646636,30.0,1.5,47,hot,2017-08-15 10:00:00
position_147,-1770.81,-269.86519999999996,1.5,11,34.3,47.602555508757874,31.6,2.6,41,hot,2017-08-15 11:00:00
position_147,-1770.81,-269.86519999999996,1.5,12,34.7,50.32463452543556,33.4,5.1,37,hot,2017-08-15 12:00:00
position_147,-1770.81,-269.86519999999996,1.5,13,36.1,50.48346583866618,34.4,5.1,41,hot,2017-08-15 13:00:00
position_147,-1770.81,-269.86519999999996,1.5,14,34.8,48.41400588377517,34.0,5.7,38,hot,2017-08-15 14:00:00
position_147,-1770.81,-269.86519999999996,1.5,15,33.6,45.21149017816864,33.6,7.7,37,hot,2017-08-15 15:00:00
position_147,-1770.81,-269.86519999999996,1.5,16,31.5,40.85581382543385,32.6,7.2,40,warm,2017-08-15 16:00:00
position_147,-1770.81,-269.86519999999996,1.5,17,28.2,34.778623747189634,30.0,7.7,58,warm,2017-08-15 17:00:00
position_147,-1770.81,-269.86519999999996,1.5,18,25.9,28.9312030092721,28.8,6.7,64,comfortable,2017-08-15 18:00:00
position_147,-1770.81,-269.86519999999996,1.5,19,24.2,23.905774289122522,26.8,5.1,80,comfortable,2017-08-15 19:00:00
position_147,-1770.81,-269.86519999999996,1.5,20,26.4,22.928163830015016,25.8,2.1,85,warm,2017-08-15 20:00:00
position_147,-1770.81,-269.86519999999996,1.5,21,26.2,22.4681827001838,25.4,2.1,89,warm,2017-08-15 21:00:00
position_147,-1770.81,-269.86519999999996,1.5,22,25.1,22.075423826026977,25.0,2.6,90,comfortable,2017-08-15 22:00:00
position_147,-1770.81,-269.86519999999996,1.5,23,25.1,22.075423826026977,25.0,2.6,90,comfortable,2017-08-15 23:00:00
position_148,-1770.81,-219.86519999999996,1.5,0,24.2,21.68789178200696,23.0,0.5,77,comfortable,2017-08-15 00:00:00
position_148,-1770.81,-219.86519999999996,1.5,1,23.8,21.289044872792335,22.6,0.5,78,comfortable,2017-08-15 01:00:00
position_148,-1770.81,-219.86519999999996,1.5,2,23.3,20.860650161484905,22.2,0.5,78,comfortable,2017-08-15 02:00:00
position_148,-1770.81,-219.86519999999996,1.5,3,19.4,19.946725958245693,21.3,2.6,74,comfortable,2017-08-15 03:00:00
position_148,-1770.81,-219.86519999999996,1.5,4,15.6,19.001251207530917,20.4,4.1,71,comfortable,2017-08-15 04:00:00
position_148,-1770.81,-219.86519999999996,1.5,5,20.9,19.001251207530917,20.4,0.5,71,comfortable,2017-08-15 05:00:00
position_148,-1770.81,-219.86519999999996,1.5,6,21.1,19.9868180945898,20.6,1.0,73,comfortable,2017-08-15 06:00:00
position_148,-1770.81,-219.86519999999996,1.5,7,24.1,24.41151885881397,23.0,1.0,69,comfortable,2017-08-15 07:00:00
position_148,-1770.81,-219.86519999999996,1.5,8,28.1,28.959577063456546,25.8,0.5,69,warm,2017-08-15 08:00:00
position_148,-1770.81,-219.86519999999996,1.5,9,29.3,32.61114527196079,28.0,1.5,55,warm,2017-08-15 09:00:00
position_148,-1770.81,-219.86519999999996,1.5,10,31.3,35.74056470432249,30.0,1.5,47,warm,2017-08-15 10:00:00
position_148,-1770.81,-219.86519999999996,1.5,11,32.1,38.209907249157354,31.6,2.6,41,hot,2017-08-15 11:00:00
position_148,-1770.81,-219.86519999999996,1.5,12,32.5,40.39077496577287,33.4,5.1,37,hot,2017-08-15 12:00:00
position_148,-1770.81,-219.86519999999996,1.5,13,34.1,41.04332752230684,34.4,5.1,41,hot,2017-08-15 13:00:00
position_148,-1770.81,-219.86519999999996,1.5,14,33.1,39.95375169474775,34.0,5.7,38,hot,2017-08-15 14:00:00
position_148,-1770.81,-219.86519999999996,1.5,15,32.2,38.39616352901835,33.6,7.7,37,hot,2017-08-15 15:00:00
position_148,-1770.81,-219.86519999999996,1.5,16,30.5,36.010090571006835,32.6,7.2,40,warm,2017-08-15 16:00:00
position_148,-1770.81,-219.86519999999996,1.5,17,27.6,31.973825976123482,30.0,7.7,58,warm,2017-08-15 17:00:00
position_148,-1770.81,-219.86519999999996,1.5,18,25.9,28.85419382683124,28.8,6.7,64,comfortable,2017-08-15 18:00:00
position_148,-1770.81,-219.86519999999996,1.5,19,24.5,25.60453072032421,26.8,5.1,80,comfortable,2017-08-15 19:00:00
position_148,-1770.81,-219.86519999999996,1.5,20,26.8,24.61377879251928,25.8,2.1,85,warm,2017-08-15 20:00:00
position_148,-1770.81,-219.86519999999996,1.5,21,26.7,24.18900339307342,25.4,2.1,89,warm,2017-08-15 21:00:00
position_148,-1770.81,-219.86519999999996,1.5,22,25.5,23.791994363495405,25.0,2.6,90,comfortable,2017-08-15 22:00:00
position_148,-1770.81,-219.86519999999996,1.5,23,25.5,23.791994363495405,25.0,2.6,90,comfortable,2017-08-15 23:00:00
position_149,-1770.81,-169.86519999999996,1.5,0,23.3,18.943348262260034,23.0,0.5,77,comfortable,2017-08-15 00:00:00
position_149,-1770.81,-169.86519999999996,1.5,1,23.0,18.546913278982057,22.6,0.5,78,comfortable,2017-08-15 01:00:00
position_149,-1770.81,-169.86519999999996,1.5,2,22.5,18.05912520373924,22.2,0.5,78,comfortable,2017-08-15 02:00:00
position_149,-1770.81,-169.86519999999996,1.5,3,18.5,17.116075672845053,21.3,2.6,74,comfortable,2017-08-15 03:00:00
position_149,-1770.81,-169.86519999999996,1.5,4,14.7,16.075481151767704,20.4,4.1,71,comfortable,2017-08-15 04:00:00
position_149,-1770.81,-169.86519999999996,1.5,5,20.0,16.075481151767704,20.4,0.5,71,comfortable,2017-08-15 05:00:00
position_149,-1770.81,-169.86519999999996,1.5,6,20.6,18.704222343841618,20.6,1.0,73,comfortable,2017-08-15 06:00:00
position_149,-1770.81,-169.86519999999996,1.5,7,25.0,27.364000128144014,23.0,1.0,69,comfortable,2017-08-15 07:00:00
position_149,-1770.81,-169.86519999999996,1.5,8,29.9,35.56848068568559,25.8,0.5,69,warm,2017-08-15 08:00:00
position_149,-1770.81,-169.86519999999996,1.5,9,31.8,42.25630159460704,28.0,1.5,55,warm,2017-08-15 09:00:00
position_149,-1770.81,-169.86519999999996,1.5,10,34.3,47.748133472571624,30.0,1.5,47,hot,2017-08-15 10:00:00
position_149,-1770.81,-169.86519999999996,1.5,11,35.4,52.035884297415805,31.6,2.6,41,hot,2017-08-15 11:00:00
position_149,-1770.81,-169.86519999999996,1.5,12,35.7,55.013414979161446,33.4,5.1,37,hot,2017-08-15 12:00:00
position_149,-1770.81,-169.86519999999996,1.5,13,37.1,54.939209928098144,34.4,5.1,41,hot,2017-08-15 13:00:00
position_149,-1770.81,-169.86519999999996,1.5,14,35.7,52.407244789239535,34.0,5.7,38,hot,2017-08-15 14:00:00
position_149,-1770.81,-169.86519999999996,1.5,15,34.2,48.428323493192664,33.6,7.7,37,hot,2017-08-15 15:00:00
position_149,-1770.81,-169.86519999999996,1.5,16,32.0,43.14299458766055,32.6,7.2,40,hot,2017-08-15 16:00:00
position_149,-1770.81,-169.86519999999996,1.5,17,28.5,36.10248793981724,30.0,7.7,58,warm,2017-08-15 17:00:00
position_149,-1770.81,-169.86519999999996,1.5,18,25.9,28.967551333628556,28.8,6.7,64,comfortable,2017-08-15 18:00:00
position_149,-1770.81,-169.86519999999996,1.5,19,24.0,23.103961468796115,26.8,5.1,80,comfortable,2017-08-15 19:00:00
position_149,-1770.81,-169.86519999999996,1.5,20,26.2,22.132553781249012,25.8,2.1,85,warm,2017-08-15 20:00:00
position_149,-1770.81,-169.86519999999996,1.5,21,26.0,21.65595555113582,25.4,2.1,89,warm,2017-08-15 21:00:00
position_149,-1770.81,-169.86519999999996,1.5,22,24.9,21.26520274979938,25.0,2.6,90,comfortable,2017-08-15 22:00:00
position_149,-1770.81,-169.86519999999996,1.5,23,24.9,21.26520274979938,25.0,2.6,90,comfortable,2017-08-15 23:00:00
position_150,-1720.81,-619.8652,1.5,0,23.2,18.608941508154167,23.0,0.5,77,comfortable,2017-08-15 00:00:00
position_150,-1720.81,-619.8652,1.5,1,22.9,18.21280040410158,22.6,0.5,78,comfortable,2017-08-15 01:00:00
position_150,-1720.81,-619.8652,1.5,2,22.4,17.717775590980068,22.2,0.5,78,comfortable,2017-08-15 02:00:00
position_150,-1720.81,-619.8652,1.5,3,18.4,16.77117730736497,21.3,2.6,74,comfortable,2017-08-15 03:00:00
position_150,-1720.81,-619.8652,1.5,4,14.6,15.718992992418666,20.4,4.1,71,comfortable,2017-08-15 04:00:00
position_150,-1720.81,-619.8652,1.5,5,19.9,15.718992992418666,20.4,0.5,71,comfortable,2017-08-15 05:00:00
position_150,-1720.81,-619.8652,1.5,6,20.6,18.547945469836275,20.6,1.0,73,comfortable,2017-08-15 06:00:00
position_150,-1720.81,-619.8652,1.5,7,25.1,27.723742894374983,23.0,1.0,69,comfortable,2017-08-15 07:00:00
position_150,-1720.81,-619.8652,1.5,8,30.1,36.37373736775559,25.8,0.5,69,warm,2017-08-15 08:00:00
position_150,-1720.81,-619.8652,1.5,9,32.1,43.43150810727229,28.0,1.5,55,hot,2017-08-15 09:00:00
position_150,-1720.81,-619.8652,1.5,10,34.7,49.21118627811192,30.0,1.5,47,hot,2017-08-15 10:00:00
position_150,-1720.81,-619.8652,1.5,11,35.8,53.72049963464195,31.6,2.6,41,hot,2017-08-15 11:00:00
position_150,-1720.81,-619.8652,1.5,12,36.1,56.79509909098297,33.4,5.1,37,hot,2017-08-15 12:00:00
position_150,-1720.81,-619.8652,1.5,13,37.4,56.632342828824015,34.4,5.1,41,hot,2017-08-15 13:00:00
position_150,-1720.81,-619.8652,1.5,14,36.0,53.92463089481415,34.0,5.7,38,hot,2017-08-15 14:00:00
position_150,-1720.81,-619.8652,1.5,15,34.5,49.65068416124275,33.6,7.7,37,hot,2017-08-15 15:00:00
position_150,-1720.81,-619.8652,1.5,16,32.2,44.01209768709977,32.6,7.2,40,hot,2017-08-15 16:00:00
position_150,-1720.81,-619.8652,1.5,17,28.6,36.60554152091203,30.0,7.7,58,warm,2017-08-15 17:00:00
position_150,-1720.81,-619.8652,1.5,18,25.9,28.981363290199436,28.8,6.7,64,comfortable,2017-08-15 18:00:00
position_150,-1720.81,-619.8652,1.5,19,23.9,22.799281568184607,26.8,5.1,80,comfortable,2017-08-15 19:00:00
position_150,-1720.81,-619.8652,1.5,20,26.1,21.83023086443052,25.8,2.1,85,warm,2017-08-15 20:00:00
position_150,-1720.81,-619.8652,1.5,21,25.9,21.34731832213122,25.4,2.1,89,comfortable,2017-08-15 21:00:00
position_150,-1720.81,-619.8652,1.5,22,24.8,20.957327806021507,25.0,2.6,90,comfortable,2017-08-15 22:00:00
position_150,-1720.81,-619.8652,1.5,23,24.8,20.957327806021507,25.0,2.6,90,comfortable,2017-08-15 23:00:00
position_151,-1720.81,-569.8652,1.5,0,23.3,18.639585630383195,23.0,0.5,77,comfortable,2017-08-15 00:00:00
position_151,-1720.81,-569.8652,1.5,1,22.9,18.243417596040494,22.6,0.5,78,comfortable,2017-08-15 01:00:00
position_151,-1720.81,-569.8652,1.5,2,22.4,17.74905593782651,22.2,0.5,78,comfortable,2017-08-15 02:00:00
position_151,-1720.81,-569.8652,1.5,3,18.4,16.80278285222492,21.3,2.6,74,comfortable,2017-08-15 03:00:00
position_151,-1720.81,-569.8652,1.5,4,14.6,15.75166059435602,20.4,4.1,71,comfortable,2017-08-15 04:00:00
position_151,-1720.81,-569.8652,1.5,5,19.9,15.75166059435602,20.4,0.5,71,comfortable,2017-08-15 05:00:00
position_151,-1720.81,-569.8652,1.5,6,20.6,18.562266256033894,20.6,1.0,73,comfortable,2017-08-15 06:00:00
position_151,-1720.81,-569.8652,1.5,7,25.1,27.690777049145968,23.0,1.0,69,comfortable,2017-08-15 07:00:00
position_151,-1720.81,-569.8652,1.5,8,30.1,36.29994584324803,25.8,0.5,69,warm,2017-08-15 08:00:00
position_151,-1720.81,-569.8652,1.5,9,32.0,43.323815390016165,28.0,1.5,55,hot,2017-08-15 09:00:00
position_151,-1720.81,-569.8652,1.5,10,34.7,49.07711611221358,30.0,1.5,47,hot,2017-08-15 10:00:00
position_151,-1720.81,-569.8652,1.5,11,35.8,53.566126083064376,31.6,2.6,41,hot,2017-08-15 11:00:00
position_151,-1720.81,-569.8652,1.5,12,36.1,56.63183042183734,33.4,5.1,37,hot,2017-08-15 12:00:00
position_151,-1720.81,-569.8652,1.5,13,37.4,56.47718875097484,34.4,5.1,41,hot,2017-08-15 13:00:00
position_151,-1720.81,-569.8652,1.5,14,36.0,53.78558177359593,34.0,5.7,38,hot,2017-08-15 14:00:00
position_151,-1720.81,-569.8652,1.5,15,34.5,49.53867036588793,33.6,7.7,37,hot,2017-08-15 15:00:00
position_151,-1720.81,-569.8652,1.5,16,32.2,43.932455451164515,32.6,7.2,40,hot,2017-08-15 16:00:00
position_151,-1720.81,-569.8652,1.5,17,28.5,36.55944306375605,30.0,7.7,58,warm,2017-08-15 17:00:00
position_151,-1720.81,-569.8652,1.5,18,25.9,28.980097600197112,28.8,6.7,64,comfortable,2017-08-15 18:00:00
position_151,-1720.81,-569.8652,1.5,19,23.9,22.82720160269477,26.8,5.1,80,comfortable,2017-08-15 19:00:00
position_151,-1720.81,-569.8652,1.5,20,26.1,21.85793491137895,25.8,2.1,85,warm,2017-08-15 20:00:00
position_151,-1720.81,-569.8652,1.5,21,26.0,21.375600995414338,25.4,2.1,89,warm,2017-08-15 21:00:00
position_151,-1720.81,-569.8652,1.5,22,24.8,20.985540625567005,25.0,2.6,90,comfortable,2017-08-15 22:00:00
position_151,-1720.81,-569.8652,1.5,23,24.8,20.985540625567005,25.0,2.6,90,comfortable,2017-08-15 23:00:00
position_152,-1720.81,-519.8652,1.5,0,23.4,19.14868709026842,23.0,0.5,77,comfortable,2017-08-15 00:00:00
position_152,-1720.81,-519.8652,1.5,1,23.0,18.752071653650383,22.6,0.5,78,comfortable,2017-08-15 01:00:00
position_152,-1720.81,-519.8652,1.5,2,22.5,18.26872721854452,22.2,0.5,78,comfortable,2017-08-15 02:00:00
position_152,-1720.81,-519.8652,1.5,3,18.6,17.32785676063752,21.3,2.6,74,comfortable,2017-08-15 03:00:00
position_152,-1720.81,-519.8652,1.5,4,14.8,16.294378826353622,20.4,4.1,71,comfortable,2017-08-15 04:00:00
position_152,-1720.81,-519.8652,1.5,5,20.0,16.294378826353622,20.4,0.5,71,comfortable,2017-08-15 05:00:00
position_152,-1720.81,-519.8652,1.5,6,20.7,18.800182457562624,20.6,1.0,73,comfortable,2017-08-15 06:00:00
position_152,-1720.81,-519.8652,1.5,7,24.9,27.143103997622156,23.0,1.0,69,comfortable,2017-08-15 07:00:00
position_152,-1720.81,-519.8652,1.5,8,29.7,35.074021583672874,25.8,0.5,69,warm,2017-08-15 08:00:00
position_152,-1720.81,-519.8652,1.5,9,31.6,41.5346788252831,28.0,1.5,55,warm,2017-08-15 09:00:00
position_152,-1720.81,-519.8652,1.5,10,34.1,46.849761819740365,30.0,1.5,47,hot,2017-08-15 10:00:00
position_152,-1720.81,-519.8652,1.5,11,35.1,51.00146458326895,31.6,2.6,41,hot,2017-08-15 11:00:00
position_152,-1720.81,-519.8652,1.5,12,35.5,53.919391240374246,33.4,5.1,37,hot,2017-08-15 12:00:00
position_152,-1720.81,-519.8652,1.5,13,36.8,53.89956009678098,34.4,5.1,41,hot,2017-08-15 13:00:00
position_152,-1720.81,-519.8652,1.5,14,35.5,51.47551036483177,34.0,5.7,38,hot,2017-08-15 14:00:00
position_152,-1720.81,-519.8652,1.5,15,34.1,47.67774622793359,33.6,7.7,37,hot,2017-08-15 15:00:00
position_152,-1720.81,-519.8652,1.5,16,31.9,42.60933128790314,32.6,7.2,40,warm,2017-08-15 16:00:00
position_152,-1720.81,-519.8652,1.5,17,28.4,35.79359336308054,30.0,7.7,58,warm,2017-08-15 17:00:00
position_152,-1720.81,-519.8652,1.5,18,25.9,28.959070252011806,28.8,6.7,64,comfortable,2017-08-15 18:00:00
position_152,-1720.81,-519.8652,1.5,19,24.0,23.291046845933778,26.8,5.1,80,comfortable,2017-08-15 19:00:00
position_152,-1720.81,-519.8652,1.5,20,26.3,22.31819187813964,25.8,2.1,85,warm,2017-08-15 20:00:00
position_152,-1720.81,-519.8652,1.5,21,26.1,21.845470882705637,25.4,2.1,89,warm,2017-08-15 21:00:00
position_152,-1720.81,-519.8652,1.5,22,24.9,21.45425000842168,25.0,2.6,90,comfortable,2017-08-15 22:00:00
position_152,-1720.81,-519.8652,1.5,23,24.9,21.45425000842168,25.0,2.6,90,comfortable,2017-08-15 23:00:00
position_153,-1720.81,-469.86519999999996,1.5,0,24.6,23.0,23.0,0.5,77,comfortable,2017-08-15 00:00:00
position_153,-1720.81,-469.86519999999996,1.5,1,24.2,22.6,22.6,0.5,78,comfortable,2017-08-15 01:00:00
position_153,-1720.81,-469.86519999999996,1.5,2,23.7,22.2,22.2,0.5,78,comfortable,2017-08-15 02:00:00
position_153,-1720.81,-469.86519999999996,1.5,3,19.8,21.3,21.3,2.6,74,comfortable,2017-08-15 03:00:00
position_153,-1720.81,-469.86519999999996,1.5,4,16.0,20.4,20.4,4.1,71,comfortable,2017-08-15 04:00:00
position_153,-1720.81,-469.86519999999996,1.5,5,21.4,20.4,20.4,0.5,71,comfortable,2017-08-15 05:00:00
position_153,-1720.81,-469.86519999999996,1.5,6,21.2,20.6,20.6,1.0,73,comfortable,2017-08-15 06:00:00
position_153,-1720.81,-469.86519999999996,1.5,7,23.7,23.0,23.0,1.0,69,comfortable,2017-08-15 07:00:00
position_153,-1720.81,-469.86519999999996,1.5,8,27.2,25.8,25.8,0.5,69,warm,2017-08-15 08:00:00
position_153,-1720.81,-469.86519999999996,1.5,9,28.0,28.0,28.0,1.5,55,warm,2017-08-15 09:00:00
position_153,-1720.81,-469.86519999999996,1.5,10,29.8,30.0,30.0,1.5,47,warm,2017-08-15 10:00:00
position_153,-1720.81,-469.86519999999996,1.5,11,30.5,31.6,31.6,2.6,41,warm,2017-08-15 11:00:00
position_153,-1720.81,-469.86519999999996,1.5,12,31.0,33.4,33.4,5.1,37,warm,2017-08-15 12:00:00
position_153,-1720.81,-469.86519999999996,1.5,13,32.7,34.4,34.4,5.1,41,hot,2017-08-15 13:00:00
position_153,-1720.81,-469.86519999999996,1.5,14,31.8,34.0,34.0,5.7,38,warm,2017-08-15 14:00:00
position_153,-1720.81,-469.86519999999996,1.5,15,31.3,33.6,33.6,7.7,37,warm,2017-08-15 15:00:00
position_153,-1720.81,-469.86519999999996,1.5,16,29.9,32.6,32.6,7.2,40,warm,2017-08-15 16:00:00
position_153,-1720.81,-469.86519999999996,1.5,17,27.2,30.0,30.0,7.7,58,warm,2017-08-15 17:00:00
position_153,-1720.81,-469.86519999999996,1.5,18,25.9,28.8,28.8,6.7,64,comfortable,2017-08-15 18:00:00
position_153,-1720.81,-469.86519999999996,1.5,19,24.8,26.8,26.8,5.1,80,comfortable,2017-08-15 19:00:00
position_153,-1720.81,-469.86519999999996,1.5,20,27.1,25.8,25.8,2.1,85,warm,2017-08-15 20:00:00
position_153,-1720.81,-469.86519999999996,1.5,21,27.0,25.4,25.4,2.1,89,warm,2017-08-15 21:00:00
position_153,-1720.81,-469.86519999999996,1.5,22,25.8,25.0,25.0,2.6,90,comfortable,2017-08-15 22:00:00
position_153,-1720.81,-469.86519999999996,1.5,23,25.8,25.0,25.0,2.6,90,comfortable,2017-08-15 23:00:00
position_154,-1720.81,-419.86519999999996,1.5,0,23.3,18.911364844824284,23.0,0.5,77,comfortable,2017-08-15 00:00:00
position_154,-1720.81,-419.86519999999996,1.5,1,22.9,18.51495796881934,22.6,0.5,78,comfortable,2017-08-15 01:00:00
position_154,-1720.81,-419.86519999999996,1.5,2,22.5,18.02647775561697,22.2,0.5,78,comfortable,2017-08-15 02:00:00
position_154,-1720.81,-419.86519999999996,1.5,3,18.5,17.08308881399541,21.3,2.6,74,comfortable,2017-08-15 03:00:00
position_154,-1720.81,-419.86519999999996,1.5,4,14.7,16.04138581884942,20.4,4.1,71,comfortable,2017-08-15 04:00:00
position_154,-1720.81,-419.86519999999996,1.5,5,20.0,16.04138581884942,20.4,0.5,71,comfortable,2017-08-15 05:00:00
position_154,-1720.81,-419.86519999999996,1.5,6,20.6,18.689275670559763,20.6,1.0,73,comfortable,2017-08-15 06:00:00
position_154,-1720.81,-419.86519999999996,1.5,7,25.0,27.398406739017112,23.0,1.0,69,comfortable,2017-08-15 07:00:00
position_154,-1720.81,-419.86519999999996,1.5,8,29.9,35.645497253949685,25.8,0.5,69,warm,2017-08-15 08:00:00
position_154,-1720.81,-419.86519999999996,1.5,9,31.8,42.36870100043927,28.0,1.5,55,warm,2017-08-15 09:00:00
position_154,-1720.81,-419.86519999999996,1.5,10,34.4,47.888063148140695,30.0,1.5,47,hot,2017-08-15 10:00:00
position_154,-1720.81,-419.86519999999996,1.5,11,35.4,52.197004714057,31.6,2.6,41,hot,2017-08-15 11:00:00
position_154,-1720.81,-419.86519999999996,1.5,12,35.8,55.183819272697306,33.4,5.1,37,hot,2017-08-15 12:00:00
position_154,-1720.81,-419.86519999999996,1.5,13,37.1,55.10114498375487,34.4,5.1,41,hot,2017-08-15 13:00:00
position_154,-1720.81,-419.86519999999996,1.5,14,35.7,52.55237102437064,34.0,5.7,38,hot,2017-08-15 14:00:00
position_154,-1720.81,-419.86519999999996,1.5,15,34.3,48.54523282897394,33.6,7.7,37,hot,2017-08-15 15:00:00
position_154,-1720.81,-419.86519999999996,1.5,16,32.0,43.226117571520106,32.6,7.2,40,hot,2017-08-15 16:00:00
position_154,-1720.81,-419.86519999999996,1.5,17,28.5,36.150601120783705,30.0,7.7,58,warm,2017-08-15 17:00:00
position_154,-1720.81,-419.86519999999996,1.5,18,25.9,28.9688723403582,28.8,6.7,64,comfortable,2017-08-15 18:00:00
position_154,-1720.81,-419.86519999999996,1.5,19,24.0,23.074821194785812,26.8,5.1,80,comfortable,2017-08-15 19:00:00
position_154,-1720.81,-419.86519999999996,1.5,20,26.2,22.10363893449344,25.8,2.1,85,warm,2017-08-15 20:00:00
position_154,-1720.81,-419.86519999999996,1.5,21,26.0,21.626436789297827,25.4,2.1,89,warm,2017-08-15 21:00:00
position_154,-1720.81,-419.86519999999996,1.5,22,24.9,21.235756894642584,25.0,2.6,90,comfortable,2017-08-15 22:00:00
position_154,-1720.81,-419.86519999999996,1.5,23,24.9,21.235756894642584,25.0,2.6,90,comfortable,2017-08-15 23:00:00
position_155,-1720.81,-369.86519999999996,1.5,0,23.6,19.830906101042498,23.0,0.5,77,comfortable,2017-08-15 00:00:00
position_155,-1720.81,-369.86519999999996,1.5,1,23.2,19.433691125115022,22.6,0.5,78,comfortable,2017-08-15 01:00:00
position_155,-1720.81,-369.86519999999996,1.5,2,22.7,18.96511026788614,22.2,0.5,78,comfortable,2017-08-15 02:00:00
position_155,-1720.81,-369.86519999999996,1.5,3,18.8,18.03147957574648,21.3,2.6,74,comfortable,2017-08-15 03:00:00
position_155,-1720.81,-369.86519999999996,1.5,4,15.0,17.02164583408511,20.4,4.1,71,comfortable,2017-08-15 04:00:00
position_155,-1720.81,-369.86519999999996,1.5,5,20.3,17.02164583408511,20.4,0.5,71,comfortable,2017-08-15 05:00:00
position_155,-1720.81,-369.86519999999996,1.5,6,20.8,19.119000941584748,20.6,1.0,73,comfortable,2017-08-15 06:00:00
position_155,-1720.81,-369.86519999999996,1.5,7,24.7,26.409197307347824,23.0,1.0,69,comfortable,2017-08-15 07:00:00
position_155,-1720.81,-369.86519999999996,1.5,8,29.3,33.43122756017928,25.8,0.5,69,warm,2017-08-15 08:00:00
position_155,-1720.81,-369.86519999999996,1.5,9,31.0,39.13715480795442,28.0,1.5,55,warm,2017-08-15 09:00:00
position_155,-1720.81,-369.86519999999996,1.5,10,33.4,43.865006202663466,30.0,1.5,47,hot,2017-08-15 10:00:00
position_155,-1720.81,-369.86519999999996,1.5,11,34.3,47.56470203351067,31.6,2.6,41,hot,2017-08-15 11:00:00
position_155,-1720.81,-369.86519999999996,1.5,12,34.7,50.284599905107214,33.4,5.1,37,hot,2017-08-15 12:00:00
position_155,-1720.81,-369.86519999999996,1.5,13,36.1,50.44542097291457,34.4,5.1,41,hot,2017-08-15 13:00:00
position_155,-1720.81,-369.86519999999996,1.5,14,34.8,48.37991006610179,34.0,5.7,38,hot,2017-08-15 14:00:00
position_155,-1720.81,-369.86519999999996,1.5,15,33.6,45.18402361160669,33.6,7.7,37,hot,2017-08-15 15:00:00
position_155,-1720.81,-369.86519999999996,1.5,16,31.5,40.83628499179752,32.6,7.2,40,warm,2017-08-15 16:00:00
position_155,-1720.81,-369.86519999999996,1.5,17,28.2,34.76732008286984,30.0,7.7,58,warm,2017-08-15 17:00:00
position_155,-1720.81,-369.86519999999996,1.5,18,25.9,28.93089265322546,28.8,6.7,64,comfortable,2017-08-15 18:00:00
position_155,-1720.81,-369.86519999999996,1.5,19,24.2,23.912620476985865,26.8,5.1,80,comfortable,2017-08-15 19:00:00
position_155,-1720.81,-369.86519999999996,1.5,20,26.4,22.93495705621661,25.8,2.1,85,warm,2017-08-15 20:00:00
position_155,-1720.81,-369.86519999999996,1.5,21,26.2,22.47511780961224,25.4,2.1,89,warm,2017-08-15 21:00:00
position_155,-1720.81,-369.86519999999996,1.5,22,25.1,22.082341806830073,25.0,2.6,90,comfortable,2017-08-15 22:00:00
position_155,-1720.81,-369.86519999999996,1.5,23,25.1,22.082341806830073,25.0,2.6,90,comfortable,2017-08-15 23:00:00
position_156,-1720.81,-319.86519999999996,1.5,0,23.4,18.976670974902508,23.0,0.5,77,comfortable,2017-08-15 00:00:00
position_156,-1720.81,-319.86519999999996,1.5,1,23.0,18.58020670736858,22.6,0.5,78,comfortable,2017-08-15 01:00:00
position_156,-1720.81,-319.86519999999996,1.5,2,22.5,18.09313975313734,22.2,0.5,78,comfortable,2017-08-15 02:00:00
position_156,-1720.81,-319.86519999999996,1.5,3,18.5,17.150443845684386,21.3,2.6,74,comfortable,2017-08-15 03:00:00
position_156,-1720.81,-319.86519999999996,1.5,4,14.7,16.11100421566692,20.4,4.1,71,comfortable,2017-08-15 04:00:00
position_156,-1720.81,-319.86519999999996,1.5,5,20.0,16.11100421566692,20.4,0.5,71,comfortable,2017-08-15 05:00:00
position_156,-1720.81,-319.86519999999996,1.5,6,20.7,18.719794904207713,20.6,1.0,73,comfortable,2017-08-15 06:00:00
position_156,-1720.81,-319.86519999999996,1.5,7,24.9,27.32815275162683,23.0,1.0,69,comfortable,2017-08-15 07:00:00
position_156,-1720.81,-319.86519999999996,1.5,8,29.8,35.488239073664936,25.8,0.5,69,warm,2017-08-15 08:00:00
position_156,-1720.81,-319.86519999999996,1.5,9,31.7,42.13919550019871,28.0,1.5,55,warm,2017-08-15 09:00:00
position_156,-1720.81,-319.86519999999996,1.5,10,34.3,47.60234428733182,30.0,1.5,47,hot,2017-08-15 10:00:00
position_156,-1720.81,-319.86519999999996,1.5,11,35.4,51.86801701571097,31.6,2.6,41,hot,2017-08-15 11:00:00
position_156,-1720.81,-319.86519999999996,1.5,12,35.7,54.835875061235356,33.4,5.1,37,hot,2017-08-15 12:00:00
position_156,-1720.81,-319.86519999999996,1.5,13,37.0,54.77049389463387,34.4,5.1,41,hot,2017-08-15 13:00:00
position_156,-1720.81,-319.86519999999996,1.5,14,35.7,52.25604144019553,34.0,5.7,38,hot,2017-08-15 14:00:00
position_156,-1720.81,-319.86519999999996,1.5,15,34.2,48.306518616984945,33.6,7.7,37,hot,2017-08-15 15:00:00
position_156,-1720.81,-319.86519999999996,1.5,16,32.0,43.0563908558767,32.6,7.2,40,hot,2017-08-15 16:00:00
position_156,-1720.81,-319.86519999999996,1.5,17,28.4,36.05236003504029,30.0,7.7,58,warm,2017-08-15 17:00:00
position_156,-1720.81,-319.86519999999996,1.5,18,25.9,28.9661750101716,28.8,6.7,64,comfortable,2017-08-15 18:00:00
position_156,-1720.81,-319.86519999999996,1.5,19,24.0,23.134321982306556,26.8,5.1,80,comfortable,2017-08-15 19:00:00
position_156,-1720.81,-319.86519999999996,1.5,20,26.2,22.16267942781172,25.8,2.1,85,warm,2017-08-15 20:00:00
position_156,-1720.81,-319.86519999999996,1.5,21,26.0,21.686710401528682,25.4,2.1,89,warm,2017-08-15 21:00:00
position_156,-1720.81,-319.86519999999996,1.5,22,24.9,21.295881640567476,25.0,2.6,90,comfortable,2017-08-15 22:00:00
position_156,-1720.81,-319.86519999999996,1.5,23,24.9,21.295881640567476,25.0,2.6,90,comfortable,2017-08-15 23:00:00
position_157,-1720.81,-269.86519999999996,1.5,0,23.8,20.497909720691723,23.0,0.5,77,comfortable,2017-08-15 00:00:00
position_157,-1720.81,-269.86519999999996,1.5,1,23.4,20.10010857685745,22.6,0.5,78,comfortable,2017-08-15 01:00:00
position_157,-1720.81,-269.86519999999996,1.5,2,23.0,19.645962028446416,22.2,0.5,78,comfortable,2017-08-15 02:00:00
position_157,-1720.81,-269.86519999999996,1.5,3,19.0,18.719409635058284,21.3,2.6,74,comfortable,2017-08-15 03:00:00
position_157,-1720.81,-269.86519999999996,1.5,4,15.2,17.732692754425187,20.4,4.1,71,comfortable,2017-08-15 04:00:00
position_157,-1720.81,-269.86519999999996,1.5,5,20.5,17.732692754425187,20.4,0.5,71,comfortable,2017-08-15 05:00:00
position_157,-1720.81,-269.86519999999996,1.5,6,20.9,19.430708882136788,20.6,1.0,73,comfortable,2017-08-15 06:00:00
position_157,-1720.81,-269.86519999999996,1.5,7,24.5,25.69165878794724,23.0,1.0,69,comfortable,2017-08-15 07:00:00
position_157,-1720.81,-269.86519999999996,1.5,8,28.8,31.825072435939855,25.8,0.5,69,warm,2017-08-15 08:00:00
position_157,-1720.81,-269.86519999999996,1.5,9,30.4,36.79310227863586,28.0,1.5,55,warm,2017-08-15 09:00:00
position_157,-1720.81,-269.86519999999996,1.5,10,32.6,40.94681897991262,30.0,1.5,47,hot,2017-08-15 10:00:00
position_157,-1720.81,-269.86519999999996,1.5,11,33.5,44.20458889629002,31.6,2.6,41,hot,2017-08-15 11:00:00
position_157,-1720.81,-269.86519999999996,1.5,12,33.9,46.73087457789611,33.4,5.1,37,hot,2017-08-15 12:00:00
position_157,-1720.81,-269.86519999999996,1.5,13,35.4,47.06831880776567,34.4,5.1,41,hot,2017-08-15 13:00:00
position_157,-1720.81,-269.86519999999996,1.5,14,34.2,45.35335030797176,34.0,5.7,38,hot,2017-08-15 14:00:00
position_157,-1720.81,-269.86519999999996,1.5,15,33.1,42.74591798097661,33.6,7.7,37,hot,2017-08-15 15:00:00
position_157,-1720.81,-269.86519999999996,1.5,16,31.2,39.102782584753456,32.6,7.2,40,warm,2017-08-15 16:00:00
position_157,-1720.81,-269.86519999999996,1.5,17,28.0,33.76393556581698,30.0,7.7,58,warm,2017-08-15 17:00:00
position_157,-1720.81,-269.86519999999996,1.5,18,25.9,28.903343493664238,28.8,6.7,64,comfortable,2017-08-15 18:00:00
position_157,-1720.81,-269.86519999999996,1.5,19,24.3,24.520331278418734,26.8,5.1,80,comfortable,2017-08-15 19:00:00
position_157,-1720.81,-269.86519999999996,1.5,20,26.6,23.537966646618024,25.8,2.1,85,warm,2017-08-15 20:00:00
position_157,-1720.81,-269.86519999999996,1.5,21,26.4,23.09072184983268,25.4,2.1,89,warm,2017-08-15 21:00:00
position_157,-1720.81,-269.86519999999996,1.5,22,25.2,22.696425402265263,25.0,2.6,90,comfortable,2017-08-15 22:00:00
position_157,-1720.81,-269.86519999999996,1.5,23,25.2,22.696425402265263,25.0,2.6,90,comfortable,2017-08-15 23:00:00
position_158,-1720.81,-219.86519999999996,1.5,0,24.6,23.0,23.0,0.5,77,comfortable,2017-08-15 00:00:00
position_158,-1720.81,-219.86519999999996,1.5,1,24.2,22.6,22.6,0.5,78,comfortable,2017-08-15 01:00:00
position_158,-1720.81,-219.86519999999996,1.5,2,23.7,22.2,22.2,0.5,78,comfortable,2017-08-15 02:00:00
position_158,-1720.81,-219.86519999999996,1.5,3,19.8,21.3,21.3,2.6,74,comfortable,2017-08-15 03:00:00
position_158,-1720.81,-219.86519999999996,1.5,4,16.0,20.4,20.4,4.1,71,comfortable,2017-08-15 04:00:00
position_158,-1720.81,-219.86519999999996,1.5,5,21.4,20.4,20.4,0.5,71,comfortable,2017-08-15 05:00:00
position_158,-1720.81,-219.86519999999996,1.5,6,21.2,20.6,20.6,1.0,73,comfortable,2017-08-15 06:00:00
position_158,-1720.81,-219.86519999999996,1.5,7,23.7,23.0,23.0,1.0,69,comfortable,2017-08-15 07:00:00
position_158,-1720.81,-219.86519999999996,1.5,8,27.2,25.8,25.8,0.5,69,warm,2017-08-15 08:00:00
position_158,-1720.81,-219.86519999999996,1.5,9,28.0,28.0,28.0,1.5,55,warm,2017-08-15 09:00:00
position_158,-1720.81,-219.86519999999996,1.5,10,29.8,30.0,30.0,1.5,47,warm,2017-08-15 10:00:00
position_158,-1720.81,-219.86519999999996,1.5,11,30.5,31.6,31.6,2.6,41,warm,2017-08-15 11:00:00
position_158,-1720.81,-219.86519999999996,1.5,12,31.0,33.4,33.4,5.1,37,warm,2017-08-15 12:00:00
position_158,-1720.81,-219.86519999999996,1.5,13,32.7,34.4,34.4,5.1,41,hot,2017-08-15 13:00:00
position_158,-1720.81,-219.86519999999996,1.5,14,31.8,34.0,34.0,5.7,38,warm,2017-08-15 14:00:00
position_158,-1720.81,-219.86519999999996,1.5,15,31.3,33.6,33.6,7.7,37,warm,2017-08-15 15:00:00
position_158,-1720.81,-219.86519999999996,1.5,16,29.9,32.6,32.6,7.2,40,warm,2017-08-15 16:00:00
position_158,-1720.81,-219.86519999999996,1.5,17,27.2,30.0,30.0,7.7,58,warm,2017-08-15 17:00:00
position_158,-1720.81,-219.86519999999996,1.5,18,25.9,28.8,28.8,6.7,64,comfortable,2017-08-15 18:00:00
position_158,-1720.81,-219.86519999999996,1.5,19,24.8,26.8,26.8,5.1,80,comfortable,2017-08-15 19:00:00
position_158,-1720.81,-219.86519999999996,1.5,20,27.1,25.8,25.8,2.1,85,warm,2017-08-15 20:00:00
position_158,-1720.81,-219.86519999999996,1.5,21,27.0,25.4,25.4,2.1,89,warm,2017-08-15 21:00:00
position_158,-1720.81,-219.86519999999996,1.5,22,25.8,25.0,25.0,2.6,90,comfortable,2017-08-15 22:00:00
position_158,-1720.81,-219.86519999999996,1.5,23,25.8,25.0,25.0,2.6,90,comfortable,2017-08-15 23:00:00
position_159,-1720.81,-169.86519999999996,1.5,0,23.4,18.975331679695785,23.0,0.5,77,comfortable,2017-08-15 00:00:00
position_159,-1720.81,-169.86519999999996,1.5,1,23.0,18.578868589144776,22.6,0.5,78,comfortable,2017-08-15 01:00:00
position_159,-1720.81,-169.86519999999996,1.5,2,22.5,18.09177265186151,22.2,0.5,78,comfortable,2017-08-15 02:00:00
position_159,-1720.81,-169.86519999999996,1.5,3,18.5,17.149062531694696,21.3,2.6,74,comfortable,2017-08-15 03:00:00
position_159,-1720.81,-169.86519999999996,1.5,4,14.7,16.10957648468599,20.4,4.1,71,comfortable,2017-08-15 04:00:00
position_159,-1720.81,-169.86519999999996,1.5,5,20.0,16.10957648468599,20.4,0.5,71,comfortable,2017-08-15 05:00:00
position_159,-1720.81,-169.86519999999996,1.5,6,20.7,18.719169017123477,20.6,1.0,73,comfortable,2017-08-15 06:00:00
position_159,-1720.81,-169.86519999999996,1.5,7,24.9,27.329593517270915,23.0,1.0,69,comfortable,2017-08-15 07:00:00
position_159,-1720.81,-169.86519999999996,1.5,8,29.8,35.49146411742148,25.8,0.5,69,warm,2017-08-15 08:00:00
position_159,-1720.81,-169.86519999999996,1.5,9,31.7,42.14390218877481,28.0,1.5,55,warm,2017-08-15 09:00:00
position_159,-1720.81,-169.86519999999996,1.5,10,34.3,47.60820379700255,30.0,1.5,47,hot,2017-08-15 10:00:00
position_159,-1720.81,-169.86519999999996,1.5,11,35.4,51.87476388077459,31.6,2.6,41,hot,2017-08-15 11:00:00
position_159,-1720.81,-169.86519999999996,1.5,12,35.7,54.843010685625586,33.4,5.1,37,hot,2017-08-15 12:00:00
position_159,-1720.81,-169.86519999999996,1.5,13,37.0,54.77727487244142,34.4,5.1,41,hot,2017-08-15 13:00:00
position_159,-1720.81,-169.86519999999996,1.5,14,35.7,52.262118554108426,34.0,5.7,38,hot,2017-08-15 14:00:00
position_159,-1720.81,-169.86519999999996,1.5,15,34.2,48.3114141574114,33.6,7.7,37,hot,2017-08-15 15:00:00
position_159,-1720.81,-169.86519999999996,1.5,16,32.0,43.059871603801,32.6,7.2,40,hot,2017-08-15 16:00:00
position_159,-1720.81,-169.86519999999996,1.5,17,28.4,36.05437475885077,30.0,7.7,58,warm,2017-08-15 17:00:00
position_159,-1720.81,-169.86519999999996,1.5,18,25.9,28.966230326898916,28.8,6.7,64,comfortable,2017-08-15 18:00:00
position_159,-1720.81,-169.86519999999996,1.5,19,24.0,23.133101742806417,26.8,5.1,80,comfortable,2017-08-15 19:00:00
position_159,-1720.81,-169.86519999999996,1.5,20,26.2,22.161468628004585,25.8,2.1,85,warm,2017-08-15 20:00:00
position_159,-1720.81,-169.86519999999996,1.5,21,26.0,21.685474312973813,25.4,2.1,89,warm,2017-08-15 21:00:00
position_159,-1720.81,-169.86519999999996,1.5,22,24.9,21.294648604956176,25.0,2.6,90,comfortable,2017-08-15 22:00:00
position_159,-1720.81,-169.86519999999996,1.5,23,24.9,21.294648604956176,25.0,2.6,90,comfortable,2017-08-15 23:00:00
position_160,-1670.81,-619.8652,1.5,0,23.3,18.700873874841253,23.0,0.5,77,comfortable,2017-08-15 00:00:00
position_160,-1670.81,-619.8652,1.5,1,22.9,18.304651979918326,22.6,0.5,78,comfortable,2017-08-15 01:00:00
position_160,-1670.81,-619.8652,1.5,2,22.4,17.811616631519385,22.2,0.5,78,comfortable,2017-08-15 02:00:00
position_160,-1670.81,-619.8652,1.5,3,18.5,16.865993941944822,21.3,2.6,74,comfortable,2017-08-15 03:00:00
position_160,-1670.81,-619.8652,1.5,4,14.7,15.816995798230728,20.4,4.1,71,comfortable,2017-08-15 04:00:00
position_160,-1670.81,-619.8652,1.5,5,19.9,15.816995798230728,20.4,0.5,71,comfortable,2017-08-15 05:00:00
position_160,-1670.81,-619.8652,1.5,6,20.6,18.59090782842913,20.6,1.0,73,comfortable,2017-08-15 06:00:00
position_160,-1670.81,-619.8652,1.5,7,25.0,27.624845358687942,23.0,1.0,69,comfortable,2017-08-15 07:00:00
position_160,-1670.81,-619.8652,1.5,8,30.0,36.15236279423293,25.8,0.5,69,warm,2017-08-15 08:00:00
position_160,-1670.81,-619.8652,1.5,9,32.0,43.1084299555039,28.0,1.5,55,hot,2017-08-15 09:00:00
position_160,-1670.81,-619.8652,1.5,10,34.6,48.808975780416894,30.0,1.5,47,hot,2017-08-15 10:00:00
position_160,-1670.81,-619.8652,1.5,11,35.7,53.257378979909205,31.6,2.6,41,hot,2017-08-15 11:00:00
position_160,-1670.81,-619.8652,1.5,12,36.0,56.305293083546076,33.4,5.1,37,hot,2017-08-15 12:00:00
position_160,-1670.81,-619.8652,1.5,13,37.3,56.166880595276496,34.4,5.1,41,hot,2017-08-15 13:00:00
position_160,-1670.81,-619.8652,1.5,14,35.9,53.5074835311595,34.0,5.7,38,hot,2017-08-15 14:00:00
position_160,-1670.81,-619.8652,1.5,15,34.4,49.3146427751783,33.6,7.7,37,hot,2017-08-15 15:00:00
position_160,-1670.81,-619.8652,1.5,16,32.1,43.773170979294,32.6,7.2,40,hot,2017-08-15 16:00:00
position_160,-1670.81,-619.8652,1.5,17,28.5,36.467246149444094,30.0,7.7,58,warm,2017-08-15 17:00:00
position_160,-1670.81,-619.8652,1.5,18,25.9,28.977566220192475,28.8,6.7,64,comfortable,2017-08-15 18:00:00
position_160,-1670.81,-619.8652,1.5,19,23.9,22.883041671715095,26.8,5.1,80,comfortable,2017-08-15 19:00:00
position_160,-1670.81,-619.8652,1.5,20,26.2,21.913343005275816,25.8,2.1,85,warm,2017-08-15 20:00:00
position_160,-1670.81,-619.8652,1.5,21,26.0,21.432166341980583,25.4,2.1,89,warm,2017-08-15 21:00:00
position_160,-1670.81,-619.8652,1.5,22,24.8,21.041966264657997,25.0,2.6,90,comfortable,2017-08-15 22:00:00
position_160,-1670.81,-619.8652,1.5,23,24.8,21.041966264657997,25.0,2.6,90,comfortable,2017-08-15 23:00:00
position_161,-1670.81,-569.8652,1.5,0,23.3,18.88473860821542,23.0,0.5,77,comfortable,2017-08-15 00:00:00
position_161,-1670.81,-569.8652,1.5,1,22.9,18.488355131551828,22.6,0.5,78,comfortable,2017-08-15 01:00:00
position_161,-1670.81,-569.8652,1.5,2,22.4,17.999298712598023,22.2,0.5,78,comfortable,2017-08-15 02:00:00
position_161,-1670.81,-569.8652,1.5,3,18.5,17.055627211104532,21.3,2.6,74,comfortable,2017-08-15 03:00:00
position_161,-1670.81,-569.8652,1.5,4,14.7,16.01300140985486,20.4,4.1,71,comfortable,2017-08-15 04:00:00
position_161,-1670.81,-569.8652,1.5,5,20.0,16.01300140985486,20.4,0.5,71,comfortable,2017-08-15 05:00:00
position_161,-1670.81,-569.8652,1.5,6,20.6,18.676832545614857,20.6,1.0,73,comfortable,2017-08-15 06:00:00
position_161,-1670.81,-569.8652,1.5,7,25.0,27.427050287313868,23.0,1.0,69,comfortable,2017-08-15 07:00:00
position_161,-1670.81,-569.8652,1.5,8,29.9,35.709613647187595,25.8,0.5,69,warm,2017-08-15 08:00:00
position_161,-1670.81,-569.8652,1.5,9,31.8,42.4622736519671,28.0,1.5,55,warm,2017-08-15 09:00:00
position_161,-1670.81,-569.8652,1.5,10,34.4,48.00455478502685,30.0,1.5,47,hot,2017-08-15 10:00:00
position_161,-1670.81,-569.8652,1.5,11,35.5,52.33113767044372,31.6,2.6,41,hot,2017-08-15 11:00:00
position_161,-1670.81,-569.8652,1.5,12,35.8,55.32568106867226,33.4,5.1,37,hot,2017-08-15 12:00:00
position_161,-1670.81,-569.8652,1.5,13,37.1,55.235956128181414,34.4,5.1,41,hot,2017-08-15 13:00:00
position_161,-1670.81,-569.8652,1.5,14,35.8,52.67318880385019,34.0,5.7,38,hot,2017-08-15 14:00:00
position_161,-1670.81,-569.8652,1.5,15,34.3,48.6425600030494,33.6,7.7,37,hot,2017-08-15 15:00:00
position_161,-1670.81,-569.8652,1.5,16,32.0,43.29531756368247,32.6,7.2,40,hot,2017-08-15 16:00:00
position_161,-1670.81,-569.8652,1.5,17,28.5,36.19065540650823,30.0,7.7,58,warm,2017-08-15 17:00:00
position_161,-1670.81,-569.8652,1.5,18,25.9,28.969972080178557,28.8,6.7,64,comfortable,2017-08-15 18:00:00
position_161,-1670.81,-569.8652,1.5,19,24.0,23.05056187877607,26.8,5.1,80,comfortable,2017-08-15 19:00:00
position_161,-1670.81,-569.8652,1.5,20,26.2,22.07956728696642,25.8,2.1,85,warm,2017-08-15 20:00:00
position_161,-1670.81,-569.8652,1.5,21,26.0,21.601862381679318,25.4,2.1,89,warm,2017-08-15 21:00:00
position_161,-1670.81,-569.8652,1.5,22,24.9,21.211243181930982,25.0,2.6,90,comfortable,2017-08-15 22:00:00
position_161,-1670.81,-569.8652,1.5,23,24.9,21.211243181930982,25.0,2.6,90,comfortable,2017-08-15 23:00:00
position_162,-1670.81,-519.8652,1.5,0,23.4,18.979446390498804,23.0,0.5,77,comfortable,2017-08-15 00:00:00
position_162,-1670.81,-519.8652,1.5,1,23.0,18.58297968390832,22.6,0.5,78,comfortable,2017-08-15 01:00:00
position_162,-1670.81,-519.8652,1.5,2,22.5,18.09597279112898,22.2,0.5,78,comfortable,2017-08-15 02:00:00
position_162,-1670.81,-519.8652,1.5,3,18.5,17.153306336620762,21.3,2.6,74,comfortable,2017-08-15 03:00:00
position_162,-1670.81,-519.8652,1.5,4,14.7,16.113962896331124,20.4,4.1,71,comfortable,2017-08-15 04:00:00
position_162,-1670.81,-519.8652,1.5,5,20.0,16.113962896331124,20.4,0.5,71,comfortable,2017-08-15 05:00:00
position_162,-1670.81,-519.8652,1.5,6,20.7,18.721091927273577,20.6,1.0,73,comfortable,2017-08-15 06:00:00
position_162,-1670.81,-519.8652,1.5,7,24.9,27.325167059287203,23.0,1.0,69,comfortable,2017-08-15 07:00:00
position_162,-1670.81,-519.8652,1.5,8,29.8,35.48155582960064,25.8,0.5,69,warm,2017-08-15 08:00:00
position_162,-1670.81,-519.8652,1.5,9,31.7,42.12944185005835,28.0,1.5,55,warm,2017-08-15 09:00:00
position_162,-1670.81,-519.8652,1.5,10,34.3,47.59020165108167,30.0,1.5,47,hot,2017-08-15 10:00:00
position_162,-1670.81,-519.8652,1.5,11,35.3,51.854035516763076,31.6,2.6,41,hot,2017-08-15 11:00:00
position_162,-1670.81,-519.8652,1.5,12,35.7,54.82108793803611,33.4,5.1,37,hot,2017-08-15 12:00:00
position_162,-1670.81,-519.8652,1.5,13,37.0,54.75644170399603,34.4,5.1,41,hot,2017-08-15 13:00:00
position_162,-1670.81,-519.8652,1.5,14,35.7,52.24344786362654,34.0,5.7,38,hot,2017-08-15 14:00:00
position_162,-1670.81,-519.8652,1.5,15,34.2,48.296373609981494,33.6,7.7,37,hot,2017-08-15 15:00:00
position_162,-1670.81,-519.8652,1.5,16,32.0,43.0491777171845,32.6,7.2,40,hot,2017-08-15 16:00:00
position_162,-1670.81,-519.8652,1.5,17,28.4,36.04818493170401,30.0,7.7,58,warm,2017-08-15 17:00:00
position_162,-1670.81,-519.8652,1.5,18,25.9,28.966060377559632,28.8,6.7,64,comfortable,2017-08-15 18:00:00
position_162,-1670.81,-519.8652,1.5,19,24.0,23.136850679283075,26.8,5.1,80,comfortable,2017-08-15 19:00:00
position_162,-1670.81,-519.8652,1.5,20,26.2,22.16518856295374,25.8,2.1,85,warm,2017-08-15 20:00:00
position_162,-1670.81,-519.8652,1.5,21,26.0,21.68927194243197,25.4,2.1,89,warm,2017-08-15 21:00:00
position_162,-1670.81,-519.8652,1.5,22,24.9,21.298436854869156,25.0,2.6,90,comfortable,2017-08-15 22:00:00
position_162,-1670.81,-519.8652,1.5,23,24.9,21.298436854869156,25.0,2.6,90,comfortable,2017-08-15 23:00:00
position_163,-1670.81,-469.86519999999996,1.5,0,23.4,19.122555653416622,23.0,0.5,77,comfortable,2017-08-15 00:00:00
position_163,-1670.81,-469.86519999999996,1.5,1,23.0,18.725963181306106,22.6,0.5,78,comfortable,2017-08-15 01:00:00
position_163,-1670.81,-469.86519999999996,1.5,2,22.5,18.242053248175555,22.2,0.5,78,comfortable,2017-08-15 02:00:00
position_163,-1670.81,-469.86519999999996,1.5,3,18.6,17.300905481253437,21.3,2.6,74,comfortable,2017-08-15 03:00:00
position_163,-1670.81,-469.86519999999996,1.5,4,14.8,16.266521889524245,20.4,4.1,71,comfortable,2017-08-15 04:00:00
position_163,-1670.81,-469.86519999999996,1.5,5,20.0,16.266521889524245,20.4,0.5,71,comfortable,2017-08-15 05:00:00
position_163,-1670.81,-469.86519999999996,1.5,6,20.7,18.787970565265812,20.6,1.0,73,comfortable,2017-08-15 06:00:00
position_163,-1670.81,-469.86519999999996,1.5,7,24.9,27.171215258125223,23.0,1.0,69,comfortable,2017-08-15 07:00:00
position_163,-1670.81,-469.86519999999996,1.5,8,29.8,35.136946491374765,25.8,0.5,69,warm,2017-08-15 08:00:00
position_163,-1670.81,-469.86519999999996,1.5,9,31.6,41.62651260075707,28.0,1.5,55,warm,2017-08-15 09:00:00
position_163,-1670.81,-469.86519999999996,1.5,10,34.1,46.964088673278496,30.0,1.5,47,hot,2017-08-15 10:00:00
position_163,-1670.81,-469.86519999999996,1.5,11,35.2,51.13310492475068,31.6,2.6,41,hot,2017-08-15 11:00:00
position_163,-1670.81,-469.86519999999996,1.5,12,35.5,54.05861679514034,33.4,5.1,37,hot,2017-08-15 12:00:00
position_163,-1670.81,-469.86519999999996,1.5,13,36.9,54.03186602342208,34.4,5.1,41,hot,2017-08-15 13:00:00
position_163,-1670.81,-469.86519999999996,1.5,14,35.5,51.59408296754024,34.0,5.7,38,hot,2017-08-15 14:00:00
position_163,-1670.81,-469.86519999999996,1.5,15,34.1,47.77326475504192,33.6,7.7,37,hot,2017-08-15 15:00:00
position_163,-1670.81,-469.86519999999996,1.5,16,31.9,42.67724532517018,32.6,7.2,40,warm,2017-08-15 16:00:00
position_163,-1670.81,-469.86519999999996,1.5,17,28.4,35.8329033133912,30.0,7.7,58,warm,2017-08-15 17:00:00
position_163,-1670.81,-469.86519999999996,1.5,18,25.9,28.960149555185254,28.8,6.7,64,comfortable,2017-08-15 18:00:00
position_163,-1670.81,-469.86519999999996,1.5,19,24.0,23.267238344804277,26.8,5.1,80,comfortable,2017-08-15 19:00:00
position_163,-1670.81,-469.86519999999996,1.5,20,26.3,22.29456755801842,25.8,2.1,85,warm,2017-08-15 20:00:00
position_163,-1670.81,-469.86519999999996,1.5,21,26.1,21.82135314536683,25.4,2.1,89,warm,2017-08-15 21:00:00
position_163,-1670.81,-469.86519999999996,1.5,22,24.9,21.430191838086294,25.0,2.6,90,comfortable,2017-08-15 22:00:00
position_163,-1670.81,-469.86519999999996,1.5,23,24.9,21.430191838086294,25.0,2.6,90,comfortable,2017-08-15 23:00:00
position_164,-1670.81,-419.86519999999996,1.5,0,23.3,18.73151799707028,23.0,0.5,77,comfortable,2017-08-15 00:00:00
position_164,-1670.81,-419.86519999999996,1.5,1,22.9,18.33526917185724,22.6,0.5,78,comfortable,2017-08-15 01:00:00
position_164,-1670.81,-419.86519999999996,1.5,2,22.4,17.842896978365825,22.2,0.5,78,comfortable,2017-08-15 02:00:00
position_164,-1670.81,-419.86519999999996,1.5,3,18.5,16.897599486804776,21.3,2.6,74,comfortable,2017-08-15 03:00:00
position_164,-1670.81,-419.86519999999996,1.5,4,14.7,15.849663400168083,20.4,4.1,71,comfortable,2017-08-15 04:00:00
position_164,-1670.81,-419.86519999999996,1.5,5,19.9,15.849663400168083,20.4,0.5,71,comfortable,2017-08-15 05:00:00
position_164,-1670.81,-419.86519999999996,1.5,6,20.6,18.605228614626753,20.6,1.0,73,comfortable,2017-08-15 06:00:00
position_164,-1670.81,-419.86519999999996,1.5,7,25.0,27.59187951345893,23.0,1.0,69,comfortable,2017-08-15 07:00:00
position_164,-1670.81,-419.86519999999996,1.5,8,30.0,36.07857126972537,25.8,0.5,69,warm,2017-08-15 08:00:00
position_164,-1670.81,-419.86519999999996,1.5,9,32.0,43.000737238247766,28.0,1.5,55,hot,2017-08-15 09:00:00
position_164,-1670.81,-419.86519999999996,1.5,10,34.6,48.67490561451854,30.0,1.5,47,hot,2017-08-15 10:00:00
position_164,-1670.81,-419.86519999999996,1.5,11,35.7,53.10300542833163,31.6,2.6,41,hot,2017-08-15 11:00:00
position_164,-1670.81,-419.86519999999996,1.5,12,36.0,56.14202441440044,33.4,5.1,37,hot,2017-08-15 12:00:00
position_164,-1670.81,-419.86519999999996,1.5,13,37.3,56.011726517427306,34.4,5.1,41,hot,2017-08-15 13:00:00
position_164,-1670.81,-419.86519999999996,1.5,14,35.9,53.36843440994127,34.0,5.7,38,hot,2017-08-15 14:00:00
position_164,-1670.81,-419.86519999999996,1.5,15,34.4,49.20262897982347,33.6,7.7,37,hot,2017-08-15 15:00:00
position_164,-1670.81,-419.86519999999996,1.5,16,32.1,43.69352874335874,32.6,7.2,40,hot,2017-08-15 16:00:00
position_164,-1670.81,-419.86519999999996,1.5,17,28.5,36.421147692288116,30.0,7.7,58,warm,2017-08-15 17:00:00
position_164,-1670.81,-419.86519999999996,1.5,18,25.9,28.976300530190155,28.8,6.7,64,comfortable,2017-08-15 18:00:00
position_164,-1670.81,-419.86519999999996,1.5,19,23.9,22.910961706225258,26.8,5.1,80,comfortable,2017-08-15 19:00:00
position_164,-1670.81,-419.86519999999996,1.5,20,26.2,21.941047052224253,25.8,2.1,85,warm,2017-08-15 20:00:00
position_164,-1670.81,-419.86519999999996,1.5,21,26.0,21.460449015263706,25.4,2.1,89,warm,2017-08-15 21:00:00
position_164,-1670.81,-419.86519999999996,1.5,22,24.8,21.070179084203495,25.0,2.6,90,comfortable,2017-08-15 22:00:00
position_164,-1670.81,-419.86519999999996,1.5,23,24.8,21.070179084203495,25.0,2.6,90,comfortable,2017-08-15 23:00:00
position_165,-1670.81,-369.86519999999996,1.5,0,24.6,23.0,23.0,0.5,77,comfortable,2017-08-15 00:00:00
position_165,-1670.81,-369.86519999999996,1.5,1,24.2,22.6,22.6,0.5,78,comfortable,2017-08-15 01:00:00
position_165,-1670.81,-369.86519999999996,1.5,2,23.7,22.2,22.2,0.5,78,comfortable,2017-08-15 02:00:00
position_165,-1670.81,-369.86519999999996,1.5,3,19.8,21.3,21.3,2.6,74,comfortable,2017-08-15 03:00:00
position_165,-1670.81,-369.86519999999996,1.5,4,16.0,20.4,20.4,4.1,71,comfortable,2017-08-15 04:00:00
position_165,-1670.81,-369.86519999999996,1.5,5,21.4,20.4,20.4,0.5,71,comfortable,2017-08-15 05:00:00
position_165,-1670.81,-369.86519999999996,1.5,6,21.2,20.6,20.6,1.0,73,comfortable,2017-08-15 06:00:00
position_165,-1670.81,-369.86519999999996,1.5,7,23.7,23.0,23.0,1.0,69,comfortable,2017-08-15 07:00:00
position_165,-1670.81,-369.86519999999996,1.5,8,27.2,25.8,25.8,0.5,69,warm,2017-08-15 08:00:00
position_165,-1670.81,-369.86519999999996,1.5,9,28.0,28.0,28.0,1.5,55,warm,2017-08-15 09:00:00
position_165,-1670.81,-369.86519999999996,1.5,10,29.8,30.0,30.0,1.5,47,warm,2017-08-15 10:00:00
position_165,-1670.81,-369.86519999999996,1.5,11,30.5,31.6,31.6,2.6,41,warm,2017-08-15 11:00:00
position_165,-1670.81,-369.86519999999996,1.5,12,31.0,33.4,33.4,5.1,37,warm,2017-08-15 12:00:00
position_165,-1670.81,-369.86519999999996,1.5,13,32.7,34.4,34.4,5.1,41,hot,2017-08-15 13:00:00
position_165,-1670.81,-369.86519999999996,1.5,14,31.8,34.0,34.0,5.7,38,warm,2017-08-15 14:00:00
position_165,-1670.81,-369.86519999999996,1.5,15,31.3,33.6,33.6,7.7,37,warm,2017-08-15 15:00:00
position_165,-1670.81,-369.86519999999996,1.5,16,29.9,32.6,32.6,7.2,40,warm,2017-08-15 16:00:00
position_165,-1670.81,-369.86519999999996,1.5,17,27.2,30.0,30.0,7.7,58,warm,2017-08-15 17:00:00
position_165,-1670.81,-369.86519999999996,1.5,18,25.9,28.8,28.8,6.7,64,comfortable,2017-08-15 18:00:00
position_165,-1670.81,-369.86519999999996,1.5,19,24.8,26.8,26.8,5.1,80,comfortable,2017-08-15 19:00:00
position_165,-1670.81,-369.86519999999996,1.5,20,27.1,25.8,25.8,2.1,85,warm,2017-08-15 20:00:00
position_165,-1670.81,-369.86519999999996,1.5,21,27.0,25.4,25.4,2.1,89,warm,2017-08-15 21:00:00
position_165,-1670.81,-369.86519999999996,1.5,22,25.8,25.0,25.0,2.6,90,comfortable,2017-08-15 22:00:00
position_165,-1670.81,-369.86519999999996,1.5,23,25.8,25.0,25.0,2.6,90,comfortable,2017-08-15 23:00:00
position_166,-1670.81,-319.86519999999996,1.5,0,23.4,19.25261011988859,23.0,0.5,77,comfortable,2017-08-15 00:00:00
position_166,-1670.81,-319.86519999999996,1.5,1,23.1,18.855903354913487,22.6,0.5,78,comfortable,2017-08-15 01:00:00
position_166,-1670.81,-319.86519999999996,1.5,2,22.6,18.374807868776767,22.2,0.5,78,comfortable,2017-08-15 02:00:00
position_166,-1670.81,-319.86519999999996,1.5,3,18.6,17.435040250838163,21.3,2.6,74,comfortable,2017-08-15 03:00:00
position_166,-1670.81,-319.86519999999996,1.5,4,14.8,16.40516405747829,20.4,4.1,71,comfortable,2017-08-15 04:00:00
position_166,-1670.81,-319.86519999999996,1.5,5,20.1,16.40516405747829,20.4,0.5,71,comfortable,2017-08-15 05:00:00
position_166,-1670.81,-319.86519999999996,1.5,6,20.7,18.848748361231735,20.6,1.0,73,comfortable,2017-08-15 06:00:00
position_166,-1670.81,-319.86519999999996,1.5,7,24.9,27.031307337741218,23.0,1.0,69,comfortable,2017-08-15 07:00:00
position_166,-1670.81,-319.86519999999996,1.5,8,29.7,34.82377330670145,25.8,0.5,69,warm,2017-08-15 08:00:00
position_166,-1670.81,-319.86519999999996,1.5,9,31.5,41.16946185605029,28.0,1.5,55,warm,2017-08-15 09:00:00
position_166,-1670.81,-319.86519999999996,1.5,10,34.0,46.3950913378221,30.0,1.5,47,hot,2017-08-15 10:00:00
position_166,-1670.81,-319.86519999999996,1.5,11,35.0,50.47793948265533,31.6,2.6,41,hot,2017-08-15 11:00:00
position_166,-1670.81,-319.86519999999996,1.5,12,35.4,53.36570023846345,33.4,5.1,37,hot,2017-08-15 12:00:00
position_166,-1670.81,-319.86519999999996,1.5,13,36.7,53.373388007154716,34.4,5.1,41,hot,2017-08-15 13:00:00
position_166,-1670.81,-319.86519999999996,1.5,14,35.4,51.00395481381876,34.0,5.7,38,hot,2017-08-15 14:00:00
position_166,-1670.81,-319.86519999999996,1.5,15,34.0,47.297875240423316,33.6,7.7,37,hot,2017-08-15 15:00:00
position_166,-1670.81,-319.86519999999996,1.5,16,31.8,42.33924156621824,32.6,7.2,40,warm,2017-08-15 16:00:00
position_166,-1670.81,-319.86519999999996,1.5,17,28.4,35.63726024011947,30.0,7.7,58,warm,2017-08-15 17:00:00
position_166,-1670.81,-319.86519999999996,1.5,18,25.9,28.954777933288554,28.8,6.7,64,comfortable,2017-08-15 18:00:00
position_166,-1670.81,-319.86519999999996,1.5,19,24.0,23.385731710839035,26.8,5.1,80,comfortable,2017-08-15 19:00:00
position_166,-1670.81,-319.86519999999996,1.5,20,26.3,22.41214426711991,25.8,2.1,85,warm,2017-08-15 20:00:00
position_166,-1670.81,-319.86519999999996,1.5,21,26.1,21.94138555995997,25.4,2.1,89,warm,2017-08-15 21:00:00
position_166,-1670.81,-319.86519999999996,1.5,22,25.0,21.549927791566596,25.0,2.6,90,comfortable,2017-08-15 22:00:00
position_166,-1670.81,-319.86519999999996,1.5,23,25.0,21.549927791566596,25.0,2.6,90,comfortable,2017-08-15 23:00:00
position_167,-1670.81,-269.86519999999996,1.5,0,24.6,23.0,23.0,0.5,77,comfortable,2017-08-15 00:00:00
position_167,-1670.81,-269.86519999999996,1.5,1,24.2,22.6,22.6,0.5,78,comfortable,2017-08-15 01:00:00
position_167,-1670.81,-269.86519999999996,1.5,2,23.7,22.2,22.2,0.5,78,comfortable,2017-08-15 02:00:00
position_167,-1670.81,-269.86519999999996,1.5,3,19.8,21.3,21.3,2.6,74,comfortable,2017-08-15 03:00:00
position_167,-1670.81,-269.86519999999996,1.5,4,16.0,20.4,20.4,4.1,71,comfortable,2017-08-15 04:00:00
position_167,-1670.81,-269.86519999999996,1.5,5,21.4,20.4,20.4,0.5,71,comfortable,2017-08-15 05:00:00
position_167,-1670.81,-269.86519999999996,1.5,6,21.2,20.6,20.6,1.0,73,comfortable,2017-08-15 06:00:00
position_167,-1670.81,-269.86519999999996,1.5,7,23.7,23.0,23.0,1.0,69,comfortable,2017-08-15 07:00:00
position_167,-1670.81,-269.86519999999996,1.5,8,27.2,25.8,25.8,0.5,69,warm,2017-08-15 08:00:00
position_167,-1670.81,-269.86519999999996,1.5,9,28.0,28.0,28.0,1.5,55,warm,2017-08-15 09:00:00
position_167,-1670.81,-269.86519999999996,1.5,10,29.8,30.0,30.0,1.5,47,warm,2017-08-15 10:00:00
position_167,-1670.81,-269.86519999999996,1.5,11,30.5,31.6,31.6,2.6,41,warm,2017-08-15 11:00:00
position_167,-1670.81,-269.86519999999996,1.5,12,31.0,33.4,33.4,5.1,37,warm,2017-08-15 12:00:00
position_167,-1670.81,-269.86519999999996,1.5,13,32.7,34.4,34.4,5.1,41,hot,2017-08-15 13:00:00
position_167,-1670.81,-269.86519999999996,1.5,14,31.8,34.0,34.0,5.7,38,warm,2017-08-15 14:00:00
position_167,-1670.81,-269.86519999999996,1.5,15,31.3,33.6,33.6,7.7,37,warm,2017-08-15 15:00:00
position_167,-1670.81,-269.86519999999996,1.5,16,29.9,32.6,32.6,7.2,40,warm,2017-08-15 16:00:00
position_167,-1670.81,-269.86519999999996,1.5,17,27.2,30.0,30.0,7.7,58,warm,2017-08-15 17:00:00
position_167,-1670.81,-269.86519999999996,1.5,18,25.9,28.8,28.8,6.7,64,comfortable,2017-08-15 18:00:00
position_167,-1670.81,-269.86519999999996,1.5,19,24.8,26.8,26.8,5.1,80,comfortable,2017-08-15 19:00:00
position_167,-1670.81,-269.86519999999996,1.5,20,27.1,25.8,25.8,2.1,85,warm,2017-08-15 20:00:00
position_167,-1670.81,-269.86519999999996,1.5,21,27.0,25.4,25.4,2.1,89,warm,2017-08-15 21:00:00
position_167,-1670.81,-269.86519999999996,1.5,22,25.8,25.0,25.0,2.6,90,comfortable,2017-08-15 22:00:00
position_167,-1670.81,-269.86519999999996,1.5,23,25.8,25.0,25.0,2.6,90,comfortable,2017-08-15 23:00:00
position_168,-1670.81,-219.86519999999996,1.5,0,24.0,20.988514614961424,23.0,0.5,77,comfortable,2017-08-15 00:00:00
position_168,-1670.81,-219.86519999999996,1.5,1,23.6,20.59028232377583,22.6,0.5,78,comfortable,2017-08-15 01:00:00
position_168,-1670.81,-219.86519999999996,1.5,2,23.1,20.146752723073657,22.2,0.5,78,comfortable,2017-08-15 02:00:00
position_168,-1670.81,-219.86519999999996,1.5,3,19.2,19.22540667026345,21.3,2.6,74,comfortable,2017-08-15 03:00:00
position_168,-1670.81,-219.86519999999996,1.5,4,15.4,18.255693063415563,20.4,4.1,71,comfortable,2017-08-15 04:00:00
position_168,-1670.81,-219.86519999999996,1.5,5,20.7,18.255693063415563,20.4,0.5,71,comfortable,2017-08-15 05:00:00
position_168,-1670.81,-219.86519999999996,1.5,6,20.9,19.659981162994846,20.6,1.0,73,comfortable,2017-08-15 06:00:00
position_168,-1670.81,-219.86519999999996,1.5,7,24.3,25.163883676876488,23.0,1.0,69,comfortable,2017-08-15 07:00:00
position_168,-1670.81,-219.86519999999996,1.5,8,28.5,30.643688194992812,25.8,0.5,69,warm,2017-08-15 08:00:00
position_168,-1670.81,-219.86519999999996,1.5,9,29.9,35.068968241831456,28.0,1.5,55,warm,2017-08-15 09:00:00
position_168,-1670.81,-219.86519999999996,1.5,10,32.1,38.80038844835148,30.0,1.5,47,hot,2017-08-15 10:00:00
position_168,-1670.81,-219.86519999999996,1.5,11,32.9,41.73310613089314,31.6,2.6,41,hot,2017-08-15 11:00:00
position_168,-1670.81,-219.86519999999996,1.5,12,33.3,44.116983158031154,33.4,5.1,37,hot,2017-08-15 12:00:00
position_168,-1670.81,-219.86519999999996,1.5,13,34.9,44.58434000785721,34.4,5.1,41,hot,2017-08-15 13:00:00
position_168,-1670.81,-219.86519999999996,1.5,14,33.7,43.12720792073972,34.0,5.7,38,hot,2017-08-15 14:00:00
position_168,-1670.81,-219.86519999999996,1.5,15,32.7,40.95260454174416,33.6,7.7,37,hot,2017-08-15 15:00:00
position_168,-1670.81,-219.86519999999996,1.5,16,30.9,37.827729886281745,32.6,7.2,40,warm,2017-08-15 16:00:00
position_168,-1670.81,-219.86519999999996,1.5,17,27.8,33.025910553059994,30.0,7.7,58,warm,2017-08-15 17:00:00
position_168,-1670.81,-219.86519999999996,1.5,18,25.9,28.88308010660667,28.8,6.7,64,comfortable,2017-08-15 18:00:00
position_168,-1670.81,-219.86519999999996,1.5,19,24.4,24.967324195249265,26.8,5.1,80,comfortable,2017-08-15 19:00:00
position_168,-1670.81,-219.86519999999996,1.5,20,26.7,23.98150165546563,25.8,2.1,85,warm,2017-08-15 20:00:00
position_168,-1670.81,-219.86519999999996,1.5,21,26.5,23.54352052463325,25.4,2.1,89,warm,2017-08-15 21:00:00
position_168,-1670.81,-219.86519999999996,1.5,22,25.4,23.148105735828793,25.0,2.6,90,comfortable,2017-08-15 22:00:00
position_168,-1670.81,-219.86519999999996,1.5,23,25.4,23.148105735828793,25.0,2.6,90,comfortable,2017-08-15 23:00:00
position_169,-1670.81,-169.86519999999996,1.5,0,23.4,18.972653089282343,23.0,0.5,77,comfortable,2017-08-15 00:00:00
position_169,-1670.81,-169.86519999999996,1.5,1,23.0,18.576192352697174,22.6,0.5,78,comfortable,2017-08-15 01:00:00
position_169,-1670.81,-169.86519999999996,1.5,2,22.5,18.089038449309847,22.2,0.5,78,comfortable,2017-08-15 02:00:00
position_169,-1670.81,-169.86519999999996,1.5,3,18.5,17.146299903715313,21.3,2.6,74,comfortable,2017-08-15 03:00:00
position_169,-1670.81,-169.86519999999996,1.5,4,14.7,16.10672102272413,20.4,4.1,71,comfortable,2017-08-15 04:00:00
position_169,-1670.81,-169.86519999999996,1.5,5,20.0,16.10672102272413,20.4,0.5,71,comfortable,2017-08-15 05:00:00
position_169,-1670.81,-169.86519999999996,1.5,6,20.7,18.717917242955,20.6,1.0,73,comfortable,2017-08-15 06:00:00
position_169,-1670.81,-169.86519999999996,1.5,7,24.9,27.332475048559086,23.0,1.0,69,comfortable,2017-08-15 07:00:00
position_169,-1670.81,-169.86519999999996,1.5,8,29.8,35.49791420493458,25.8,0.5,69,warm,2017-08-15 08:00:00
position_169,-1670.81,-169.86519999999996,1.5,9,31.7,42.15331556592701,28.0,1.5,55,warm,2017-08-15 09:00:00
position_169,-1670.81,-169.86519999999996,1.5,10,34.3,47.619922816344015,30.0,1.5,47,hot,2017-08-15 10:00:00
position_169,-1670.81,-169.86519999999996,1.5,11,35.4,51.88825761090184,31.6,2.6,41,hot,2017-08-15 11:00:00
position_169,-1670.81,-169.86519999999996,1.5,12,35.7,54.85728193440604,33.4,5.1,37,hot,2017-08-15 12:00:00
position_169,-1670.81,-169.86519999999996,1.5,13,37.0,54.79083682805651,34.4,5.1,41,hot,2017-08-15 13:00:00
position_169,-1670.81,-169.86519999999996,1.5,14,35.7,52.27427278193421,34.0,5.7,38,hot,2017-08-15 14:00:00
position_169,-1670.81,-169.86519999999996,1.5,15,34.2,48.321205238264305,33.6,7.7,37,hot,2017-08-15 15:00:00
position_169,-1670.81,-169.86519999999996,1.5,16,32.0,43.0668330996496,32.6,7.2,40,hot,2017-08-15 16:00:00
position_169,-1670.81,-169.86519999999996,1.5,17,28.4,36.05840420647175,30.0,7.7,58,warm,2017-08-15 17:00:00
position_169,-1670.81,-169.86519999999996,1.5,18,25.9,28.966340960353563,28.8,6.7,64,comfortable,2017-08-15 18:00:00
position_169,-1670.81,-169.86519999999996,1.5,19,24.0,23.13066126380614,26.8,5.1,80,comfortable,2017-08-15 19:00:00
position_169,-1670.81,-169.86519999999996,1.5,20,26.2,22.159047028390304,25.8,2.1,85,warm,2017-08-15 20:00:00
position_169,-1670.81,-169.86519999999996,1.5,21,26.0,21.683002135864072,25.4,2.1,89,warm,2017-08-15 21:00:00
position_169,-1670.81,-169.86519999999996,1.5,22,24.9,21.29218253373358,25.0,2.6,90,comfortable,2017-08-15 22:00:00
position_169,-1670.81,-169.86519999999996,1.5,23,24.9,21.29218253373358,25.0,2.6,90,comfortable,2017-08-15 23:00:00
position_170,-1620.81,-619.8652,1.5,0,23.4,19.187919240076887,23.0,0.5,77,comfortable,2017-08-15 00:00:00
position_170,-1620.81,-619.8652,1.5,1,23.0,18.791269325944107,22.6,0.5,78,comfortable,2017-08-15 01:00:00
position_170,-1620.81,-619.8652,1.5,2,22.5,18.308773895175314,22.2,0.5,78,comfortable,2017-08-15 02:00:00
position_170,-1620.81,-619.8652,1.5,3,18.6,17.3683197721559,21.3,2.6,74,comfortable,2017-08-15 03:00:00
position_170,-1620.81,-619.8652,1.5,4,14.8,16.336201536872494,20.4,4.1,71,comfortable,2017-08-15 04:00:00
position_170,-1620.81,-619.8652,1.5,5,20.1,16.336201536872494,20.4,0.5,71,comfortable,2017-08-15 05:00:00
position_170,-1620.81,-619.8652,1.5,6,20.7,18.818516649851805,20.6,1.0,73,comfortable,2017-08-15 06:00:00
position_170,-1620.81,-619.8652,1.5,7,24.9,27.100899461009185,23.0,1.0,69,comfortable,2017-08-15 07:00:00
position_170,-1620.81,-619.8652,1.5,8,29.7,34.979549954743874,25.8,0.5,69,warm,2017-08-15 08:00:00
position_170,-1620.81,-619.8652,1.5,9,31.5,41.396805180703026,28.0,1.5,55,warm,2017-08-15 09:00:00
position_170,-1620.81,-619.8652,1.5,10,34.1,46.67811843592736,30.0,1.5,47,hot,2017-08-15 10:00:00
position_170,-1620.81,-619.8652,1.5,11,35.1,50.80382778177427,31.6,2.6,41,hot,2017-08-15 11:00:00
position_170,-1620.81,-619.8652,1.5,12,35.5,53.710366461035534,33.4,5.1,37,hot,2017-08-15 12:00:00
position_170,-1620.81,-619.8652,1.5,13,36.8,53.70092402621317,34.4,5.1,41,hot,2017-08-15 13:00:00
position_170,-1620.81,-619.8652,1.5,14,35.5,51.297492671468,34.0,5.7,38,hot,2017-08-15 14:00:00
position_170,-1620.81,-619.8652,1.5,15,34.1,47.53434052137977,33.6,7.7,37,hot,2017-08-15 15:00:00
position_170,-1620.81,-619.8652,1.5,16,31.9,42.507369283315725,32.6,7.2,40,warm,2017-08-15 16:00:00
position_170,-1620.81,-619.8652,1.5,17,28.4,35.734575794766265,30.0,7.7,58,warm,2017-08-15 17:00:00
position_170,-1620.81,-619.8652,1.5,18,25.9,28.957449851877286,28.8,6.7,64,comfortable,2017-08-15 18:00:00
position_170,-1620.81,-619.8652,1.5,19,24.0,23.326791481344568,26.8,5.1,80,comfortable,2017-08-15 19:00:00
position_170,-1620.81,-619.8652,1.5,20,26.3,22.35365999538766,25.8,2.1,85,warm,2017-08-15 20:00:00
position_170,-1620.81,-619.8652,1.5,21,26.1,21.88167978655136,25.4,2.1,89,warm,2017-08-15 21:00:00
position_170,-1620.81,-619.8652,1.5,22,24.9,21.490369481991713,25.0,2.6,90,comfortable,2017-08-15 22:00:00
position_170,-1620.81,-619.8652,1.5,23,24.9,21.490369481991713,25.0,2.6,90,comfortable,2017-08-15 23:00:00
position_171,-1620.81,-569.8652,1.5,0,23.9,20.856644588660654,23.0,0.5,77,comfortable,2017-08-15 00:00:00
position_171,-1620.81,-569.8652,1.5,1,23.5,20.45852818586758,22.6,0.5,78,comfortable,2017-08-15 01:00:00
position_171,-1620.81,-569.8652,1.5,2,23.1,20.01214484850286,22.2,0.5,78,comfortable,2017-08-15 02:00:00
position_171,-1620.81,-569.8652,1.5,3,19.1,19.08939937983488,21.3,2.6,74,comfortable,2017-08-15 03:00:00
position_171,-1620.81,-569.8652,1.5,4,15.3,18.11511545135457,20.4,4.1,71,comfortable,2017-08-15 04:00:00
position_171,-1620.81,-569.8652,1.5,5,20.6,18.11511545135457,20.4,0.5,71,comfortable,2017-08-15 05:00:00
position_171,-1620.81,-569.8652,1.5,6,20.9,19.59835490924172,20.6,1.0,73,comfortable,2017-08-15 06:00:00
position_171,-1620.81,-569.8652,1.5,7,24.4,25.305744711266275,23.0,1.0,69,comfortable,2017-08-15 07:00:00
position_171,-1620.81,-569.8652,1.5,8,28.6,30.961233276064426,25.8,0.5,69,warm,2017-08-15 08:00:00
position_171,-1620.81,-569.8652,1.5,9,30.0,35.53239941309584,28.0,1.5,55,warm,2017-08-15 09:00:00
position_171,-1620.81,-569.8652,1.5,10,32.2,39.37732898432204,30.0,1.5,47,hot,2017-08-15 10:00:00
position_171,-1620.81,-569.8652,1.5,11,33.1,42.397417679924736,31.6,2.6,41,hot,2017-08-15 11:00:00
position_171,-1620.81,-569.8652,1.5,12,33.5,44.81957282705199,33.4,5.1,37,hot,2017-08-15 12:00:00
position_171,-1620.81,-569.8652,1.5,13,35.0,45.25201037458292,34.4,5.1,41,hot,2017-08-15 13:00:00
position_171,-1620.81,-569.8652,1.5,14,33.9,43.725574261113344,34.0,5.7,38,hot,2017-08-15 14:00:00
position_171,-1620.81,-569.8652,1.5,15,32.8,41.43463049207458,33.6,7.7,37,hot,2017-08-15 15:00:00
position_171,-1620.81,-569.8652,1.5,16,31.0,38.17045217634903,32.6,7.2,40,warm,2017-08-15 16:00:00
position_171,-1620.81,-569.8652,1.5,17,27.9,33.22428480284762,30.0,7.7,58,warm,2017-08-15 17:00:00
position_171,-1620.81,-569.8652,1.5,18,25.9,28.88852671632344,28.8,6.7,64,comfortable,2017-08-15 18:00:00
position_171,-1620.81,-569.8652,1.5,19,24.4,24.847176662301305,26.8,5.1,80,comfortable,2017-08-15 19:00:00
position_171,-1620.81,-569.8652,1.5,20,26.7,23.86228357597804,25.8,2.1,85,warm,2017-08-15 20:00:00
position_171,-1620.81,-569.8652,1.5,21,26.5,23.421812458015225,25.4,2.1,89,warm,2017-08-15 21:00:00
position_171,-1620.81,-569.8652,1.5,22,25.3,23.026698268919546,25.0,2.6,90,comfortable,2017-08-15 22:00:00
position_171,-1620.81,-569.8652,1.5,23,25.3,23.026698268919546,25.0,2.6,90,comfortable,2017-08-15 23:00:00
position_172,-1620.81,-519.8652,1.5,0,24.1,21.467328832397413,23.0,0.5,77,comfortable,2017-08-15 00:00:00
position_172,-1620.81,-519.8652,1.5,1,23.7,21.0686757555979,22.6,0.5,78,comfortable,2017-08-15 01:00:00
position_172,-1620.81,-519.8652,1.5,2,23.3,20.635507946162292,22.2,0.5,78,comfortable,2017-08-15 02:00:00
position_172,-1620.81,-519.8652,1.5,3,19.3,19.719243110271528,21.3,2.6,74,comfortable,2017-08-15 03:00:00
position_172,-1620.81,-519.8652,1.5,4,15.5,18.766124138590165,20.4,4.1,71,comfortable,2017-08-15 04:00:00
position_172,-1620.81,-519.8652,1.5,5,20.8,18.766124138590165,20.4,0.5,71,comfortable,2017-08-15 05:00:00
position_172,-1620.81,-519.8652,1.5,6,21.0,19.883743357422663,20.6,1.0,73,comfortable,2017-08-15 06:00:00
position_172,-1620.81,-519.8652,1.5,7,24.2,24.64879255214219,23.0,1.0,69,comfortable,2017-08-15 07:00:00
position_172,-1620.81,-519.8652,1.5,8,28.2,29.49069608784661,25.8,0.5,69,warm,2017-08-15 08:00:00
position_172,-1620.81,-519.8652,1.5,9,29.5,33.38627021083011,28.0,1.5,55,warm,2017-08-15 09:00:00
position_172,-1620.81,-519.8652,1.5,10,31.5,36.705542947920804,30.0,1.5,47,warm,2017-08-15 10:00:00
position_172,-1620.81,-519.8652,1.5,11,32.3,39.32102035669481,31.6,2.6,41,hot,2017-08-15 11:00:00
position_172,-1620.81,-519.8652,1.5,12,32.8,41.565911227678086,33.4,5.1,37,hot,2017-08-15 12:00:00
position_172,-1620.81,-519.8652,1.5,13,34.4,42.16005851556556,34.4,5.1,41,hot,2017-08-15 13:00:00
position_172,-1620.81,-519.8652,1.5,14,33.3,40.95456627469529,34.0,5.7,38,hot,2017-08-15 14:00:00
position_172,-1620.81,-519.8652,1.5,15,32.4,39.202389692579835,33.6,7.7,37,hot,2017-08-15 15:00:00
position_172,-1620.81,-519.8652,1.5,16,30.7,36.583320449810145,32.6,7.2,40,warm,2017-08-15 16:00:00
position_172,-1620.81,-519.8652,1.5,17,27.7,32.30562244941716,30.0,7.7,58,warm,2017-08-15 17:00:00
position_172,-1620.81,-519.8652,1.5,18,25.9,28.863303708266788,28.8,6.7,64,comfortable,2017-08-15 18:00:00
position_172,-1620.81,-519.8652,1.5,19,24.5,25.403574559180576,26.8,5.1,80,comfortable,2017-08-15 19:00:00
position_172,-1620.81,-519.8652,1.5,20,26.8,24.414377215100963,25.8,2.1,85,warm,2017-08-15 20:00:00
position_172,-1620.81,-519.8652,1.5,21,26.6,23.985437117115307,25.4,2.1,89,warm,2017-08-15 21:00:00
position_172,-1620.81,-519.8652,1.5,22,25.5,23.588930864099027,25.0,2.6,90,comfortable,2017-08-15 22:00:00
position_172,-1620.81,-519.8652,1.5,23,25.5,23.588930864099027,25.0,2.6,90,comfortable,2017-08-15 23:00:00
position_173,-1620.81,-469.86519999999996,1.5,0,23.9,20.704476571027428,23.0,0.5,77,comfortable,2017-08-15 00:00:00
position_173,-1620.81,-469.86519999999996,1.5,1,23.5,20.30649389465764,22.6,0.5,78,comfortable,2017-08-15 01:00:00
position_173,-1620.81,-469.86519999999996,1.5,2,23.0,19.85681756143201,22.2,0.5,78,comfortable,2017-08-15 02:00:00
position_173,-1620.81,-469.86519999999996,1.5,3,19.1,18.932457272907726,21.3,2.6,74,comfortable,2017-08-15 03:00:00
position_173,-1620.81,-469.86519999999996,1.5,4,15.3,17.952899539588955,20.4,4.1,71,comfortable,2017-08-15 04:00:00
position_173,-1620.81,-469.86519999999996,1.5,5,20.6,17.952899539588955,20.4,0.5,71,comfortable,2017-08-15 05:00:00
position_173,-1620.81,-469.86519999999996,1.5,6,20.9,19.527242882264588,20.6,1.0,73,comfortable,2017-08-15 06:00:00
position_173,-1620.81,-469.86519999999996,1.5,7,24.4,25.46944159514539,23.0,1.0,69,comfortable,2017-08-15 07:00:00
position_173,-1620.81,-469.86519999999996,1.5,8,28.7,31.327656237000532,25.8,0.5,69,warm,2017-08-15 08:00:00
position_173,-1620.81,-469.86519999999996,1.5,9,30.2,36.06716386730096,28.0,1.5,55,warm,2017-08-15 09:00:00
position_173,-1620.81,-469.86519999999996,1.5,10,32.4,40.04307464399649,30.0,1.5,47,hot,2017-08-15 10:00:00
position_173,-1620.81,-469.86519999999996,1.5,11,33.2,43.16398286795645,31.6,2.6,41,hot,2017-08-15 11:00:00
position_173,-1620.81,-469.86519999999996,1.5,12,33.7,45.63030806494935,33.4,5.1,37,hot,2017-08-15 12:00:00
position_173,-1620.81,-469.86519999999996,1.5,13,35.2,46.02245138371246,34.4,5.1,41,hot,2017-08-15 13:00:00
position_173,-1620.81,-469.86519999999996,1.5,14,34.0,44.41604367548527,34.0,5.7,38,hot,2017-08-15 14:00:00
position_173,-1620.81,-469.86519999999996,1.5,15,32.9,41.99085191226493,33.6,7.7,37,hot,2017-08-15 15:00:00
position_173,-1620.81,-469.86519999999996,1.5,16,31.1,38.56592772861223,32.6,7.2,40,warm,2017-08-15 16:00:00
position_173,-1620.81,-469.86519999999996,1.5,17,27.9,33.45319365489269,30.0,7.7,58,warm,2017-08-15 17:00:00
position_173,-1620.81,-469.86519999999996,1.5,18,25.9,28.89481169120873,28.8,6.7,64,comfortable,2017-08-15 18:00:00
position_173,-1620.81,-469.86519999999996,1.5,19,24.3,24.708535513701584,26.8,5.1,80,comfortable,2017-08-15 19:00:00
position_173,-1620.81,-469.86519999999996,1.5,20,26.6,23.724714946240372,25.8,2.1,85,warm,2017-08-15 20:00:00
position_173,-1620.81,-469.86519999999996,1.5,21,26.4,23.281370571812847,25.4,2.1,89,warm,2017-08-15 21:00:00
position_173,-1620.81,-469.86519999999996,1.5,22,25.3,22.886603252002544,25.0,2.6,90,comfortable,2017-08-15 22:00:00
position_173,-1620.81,-469.86519999999996,1.5,23,25.3,22.886603252002544,25.0,2.6,90,comfortable,2017-08-15 23:00:00
position_174,-1620.81,-419.86519999999996,1.5,0,23.3,18.76216211929931,23.0,0.5,77,comfortable,2017-08-15 00:00:00
position_174,-1620.81,-419.86519999999996,1.5,1,22.9,18.36588636379616,22.6,0.5,78,comfortable,2017-08-15 01:00:00
position_174,-1620.81,-419.86519999999996,1.5,2,22.4,17.874177325212266,22.2,0.5,78,comfortable,2017-08-15 02:00:00
position_174,-1620.81,-419.86519999999996,1.5,3,18.5,16.929205031664726,21.3,2.6,74,comfortable,2017-08-15 03:00:00
position_174,-1620.81,-419.86519999999996,1.5,4,14.7,15.882331002105438,20.4,4.1,71,comfortable,2017-08-15 04:00:00
position_174,-1620.81,-419.86519999999996,1.5,5,19.9,15.882331002105438,20.4,0.5,71,comfortable,2017-08-15 05:00:00
position_174,-1620.81,-419.86519999999996,1.5,6,20.6,18.619549400824376,20.6,1.0,73,comfortable,2017-08-15 06:00:00
position_174,-1620.81,-419.86519999999996,1.5,7,25.0,27.558913668229913,23.0,1.0,69,comfortable,2017-08-15 07:00:00
position_174,-1620.81,-419.86519999999996,1.5,8,30.0,36.00477974521781,25.8,0.5,69,warm,2017-08-15 08:00:00
position_174,-1620.81,-419.86519999999996,1.5,9,31.9,42.89304452099164,28.0,1.5,55,warm,2017-08-15 09:00:00
position_174,-1620.81,-419.86519999999996,1.5,10,34.5,48.54083544862021,30.0,1.5,47,hot,2017-08-15 10:00:00
position_174,-1620.81,-419.86519999999996,1.5,11,35.6,52.948631876754035,31.6,2.6,41,hot,2017-08-15 11:00:00
position_174,-1620.81,-419.86519999999996,1.5,12,36.0,55.9787557452548,33.4,5.1,37,hot,2017-08-15 12:00:00
position_174,-1620.81,-419.86519999999996,1.5,13,37.3,55.85657243957812,34.4,5.1,41,hot,2017-08-15 13:00:00
position_174,-1620.81,-419.86519999999996,1.5,14,35.9,53.229385288723044,34.0,5.7,38,hot,2017-08-15 14:00:00
position_174,-1620.81,-419.86519999999996,1.5,15,34.4,49.09061518446866,33.6,7.7,37,hot,2017-08-15 15:00:00
position_174,-1620.81,-419.86519999999996,1.5,16,32.1,43.613886507423494,32.6,7.2,40,hot,2017-08-15 16:00:00
position_174,-1620.81,-419.86519999999996,1.5,17,28.5,36.37504923513213,30.0,7.7,58,warm,2017-08-15 17:00:00
position_174,-1620.81,-419.86519999999996,1.5,18,25.9,28.97503484018784,28.8,6.7,64,comfortable,2017-08-15 18:00:00
position_174,-1620.81,-419.86519999999996,1.5,19,23.9,22.938881740735418,26.8,5.1,80,comfortable,2017-08-15 19:00:00
position_174,-1620.81,-419.86519999999996,1.5,20,26.2,21.968751099172685,25.8,2.1,85,warm,2017-08-15 20:00:00
position_174,-1620.81,-419.86519999999996,1.5,21,26.0,21.488731688546828,25.4,2.1,89,warm,2017-08-15 21:00:00
position_174,-1620.81,-419.86519999999996,1.5,22,24.8,21.098391903748993,25.0,2.6,90,comfortable,2017-08-15 22:00:00
position_174,-1620.81,-419.86519999999996,1.5,23,24.8,21.098391903748993,25.0,2.6,90,comfortable,2017-08-15 23:00:00
position_175,-1620.81,-369.86519999999996,1.5,0,23.3,18.79280624152834,23.0,0.5,77,comfortable,2017-08-15 00:00:00
position_175,-1620.81,-369.86519999999996,1.5,1,22.9,18.396503555735077,22.6,0.5,78,comfortable,2017-08-15 01:00:00
position_175,-1620.81,-369.86519999999996,1.5,2,22.4,17.905457672058706,22.2,0.5,78,comfortable,2017-08-15 02:00:00
position_175,-1620.81,-369.86519999999996,1.5,3,18.5,16.96081057652468,21.3,2.6,74,comfortable,2017-08-15 03:00:00
position_175,-1620.81,-369.86519999999996,1.5,4,14.7,15.914998604042793,20.4,4.1,71,comfortable,2017-08-15 04:00:00
position_175,-1620.81,-369.86519999999996,1.5,5,19.9,15.914998604042793,20.4,0.5,71,comfortable,2017-08-15 05:00:00
position_175,-1620.81,-369.86519999999996,1.5,6,20.6,18.633870187021994,20.6,1.0,73,comfortable,2017-08-15 06:00:00
position_175,-1620.81,-369.86519999999996,1.5,7,25.0,27.525947823000905,23.0,1.0,69,comfortable,2017-08-15 07:00:00
position_175,-1620.81,-369.86519999999996,1.5,8,30.0,35.930988220710255,25.8,0.5,69,warm,2017-08-15 08:00:00
position_175,-1620.81,-369.86519999999996,1.5,9,31.9,42.7853518037355,28.0,1.5,55,warm,2017-08-15 09:00:00
position_175,-1620.81,-369.86519999999996,1.5,10,34.5,48.40676528272187,30.0,1.5,47,hot,2017-08-15 10:00:00
position_175,-1620.81,-369.86519999999996,1.5,11,35.6,52.794258325176465,31.6,2.6,41,hot,2017-08-15 11:00:00
position_175,-1620.81,-369.86519999999996,1.5,12,35.9,55.815487076109164,33.4,5.1,37,hot,2017-08-15 12:00:00
position_175,-1620.81,-369.86519999999996,1.5,13,37.2,55.70141836172894,34.4,5.1,41,hot,2017-08-15 13:00:00
position_175,-1620.81,-369.86519999999996,1.5,14,35.8,53.09033616750483,34.0,5.7,38,hot,2017-08-15 14:00:00
position_175,-1620.81,-369.86519999999996,1.5,15,34.4,48.97860138911384,33.6,7.7,37,hot,2017-08-15 15:00:00
position_175,-1620.81,-369.86519999999996,1.5,16,32.1,43.534244271488234,32.6,7.2,40,hot,2017-08-15 16:00:00
position_175,-1620.81,-369.86519999999996,1.5,17,28.5,36.328950777976154,30.0,7.7,58,warm,2017-08-15 17:00:00
position_175,-1620.81,-369.86519999999996,1.5,18,25.9,28.973769150185518,28.8,6.7,64,comfortable,2017-08-15 18:00:00
position_175,-1620.81,-369.86519999999996,1.5,19,24.0,22.96680177524558,26.8,5.1,80,comfortable,2017-08-15 19:00:00
position_175,-1620.81,-369.86519999999996,1.5,20,26.2,21.99645514612112,25.8,2.1,85,warm,2017-08-15 20:00:00
position_175,-1620.81,-369.86519999999996,1.5,21,26.0,21.51701436182995,25.4,2.1,89,warm,2017-08-15 21:00:00
position_175,-1620.81,-369.86519999999996,1.5,22,24.8,21.12660472329449,25.0,2.6,90,comfortable,2017-08-15 22:00:00
position_175,-1620.81,-369.86519999999996,1.5,23,24.8,21.12660472329449,25.0,2.6,90,comfortable,2017-08-15 23:00:00
position_176,-1620.81,-319.86519999999996,1.5,0,23.4,18.968635203662178,23.0,0.5,77,comfortable,2017-08-15 00:00:00
position_176,-1620.81,-319.86519999999996,1.5,1,23.0,18.57217799802577,22.6,0.5,78,comfortable,2017-08-15 01:00:00
position_176,-1620.81,-319.86519999999996,1.5,2,22.5,18.084937145482357,22.2,0.5,78,comfortable,2017-08-15 02:00:00
position_176,-1620.81,-319.86519999999996,1.5,3,18.5,17.14215596174624,21.3,2.6,74,comfortable,2017-08-15 03:00:00
position_176,-1620.81,-319.86519999999996,1.5,4,14.7,16.10243782978134,20.4,4.1,71,comfortable,2017-08-15 04:00:00
position_176,-1620.81,-319.86519999999996,1.5,5,20.0,16.10243782978134,20.4,0.5,71,comfortable,2017-08-15 05:00:00
position_176,-1620.81,-319.86519999999996,1.5,6,20.7,18.716039581702287,20.6,1.0,73,comfortable,2017-08-15 06:00:00
position_176,-1620.81,-319.86519999999996,1.5,7,24.9,27.336797345491345,23.0,1.0,69,comfortable,2017-08-15 07:00:00
position_176,-1620.81,-319.86519999999996,1.5,8,29.9,35.50758933620423,25.8,0.5,69,warm,2017-08-15 08:00:00
position_176,-1620.81,-319.86519999999996,1.5,9,31.7,42.1674356316553,28.0,1.5,55,warm,2017-08-15 09:00:00
position_176,-1620.81,-319.86519999999996,1.5,10,34.3,47.63750134535619,30.0,1.5,47,hot,2017-08-15 10:00:00
position_176,-1620.81,-319.86519999999996,1.5,11,35.4,51.9084982060927,31.6,2.6,41,hot,2017-08-15 11:00:00
position_176,-1620.81,-319.86519999999996,1.5,12,35.7,54.878688807576715,33.4,5.1,37,hot,2017-08-15 12:00:00
position_176,-1620.81,-319.86519999999996,1.5,13,37.0,54.81117976147914,34.4,5.1,41,hot,2017-08-15 13:00:00
position_176,-1620.81,-319.86519999999996,1.5,14,35.7,52.292504123672884,34.0,5.7,38,hot,2017-08-15 14:00:00
position_176,-1620.81,-319.86519999999996,1.5,15,34.2,48.335891859543665,33.6,7.7,37,hot,2017-08-15 15:00:00
position_176,-1620.81,-319.86519999999996,1.5,16,32.0,43.077275343422485,32.6,7.2,40,hot,2017-08-15 16:00:00
position_176,-1620.81,-319.86519999999996,1.5,17,28.4,36.0644483779032,30.0,7.7,58,warm,2017-08-15 17:00:00
position_176,-1620.81,-319.86519999999996,1.5,18,25.9,28.966506910535518,28.8,6.7,64,comfortable,2017-08-15 18:00:00
position_176,-1620.81,-319.86519999999996,1.5,19,24.0,23.12700054530572,26.8,5.1,80,comfortable,2017-08-15 19:00:00
position_176,-1620.81,-319.86519999999996,1.5,20,26.2,22.15541462896889,25.8,2.1,85,warm,2017-08-15 20:00:00
position_176,-1620.81,-319.86519999999996,1.5,21,26.0,21.67929387019946,25.4,2.1,89,warm,2017-08-15 21:00:00
position_176,-1620.81,-319.86519999999996,1.5,22,24.9,21.288483426899685,25.0,2.6,90,comfortable,2017-08-15 22:00:00
position_176,-1620.81,-319.86519999999996,1.5,23,24.9,21.288483426899685,25.0,2.6,90,comfortable,2017-08-15 23:00:00
position_177,-1620.81,-269.86519999999996,1.5,0,23.4,18.98075536102496,23.0,0.5,77,comfortable,2017-08-15 00:00:00
position_177,-1620.81,-269.86519999999996,1.5,1,23.0,18.58428750410112,22.6,0.5,78,comfortable,2017-08-15 01:00:00
position_177,-1620.81,-269.86519999999996,1.5,2,22.5,18.097308938131786,22.2,0.5,78,comfortable,2017-08-15 02:00:00
position_177,-1620.81,-269.86519999999996,1.5,3,18.5,17.15465637452936,21.3,2.6,74,comfortable,2017-08-15 03:00:00
position_177,-1620.81,-269.86519999999996,1.5,4,14.7,16.11535830024502,20.4,4.1,71,comfortable,2017-08-15 04:00:00
position_177,-1620.81,-269.86519999999996,1.5,5,20.0,16.11535830024502,20.4,0.5,71,comfortable,2017-08-15 05:00:00
position_177,-1620.81,-269.86519999999996,1.5,6,20.7,18.72170364285492,20.6,1.0,73,comfortable,2017-08-15 06:00:00
position_177,-1620.81,-269.86519999999996,1.5,7,24.9,27.323758915844486,23.0,1.0,69,comfortable,2017-08-15 07:00:00
position_177,-1620.81,-269.86519999999996,1.5,8,29.8,35.47840380814807,25.8,0.5,69,warm,2017-08-15 08:00:00
position_177,-1620.81,-269.86519999999996,1.5,9,31.7,42.124841731584844,28.0,1.5,55,warm,2017-08-15 09:00:00
position_177,-1620.81,-269.86519999999996,1.5,10,34.3,47.584474813997325,30.0,1.5,47,hot,2017-08-15 10:00:00
position_177,-1620.81,-269.86519999999996,1.5,11,35.3,51.847441416024175,31.6,2.6,41,hot,2017-08-15 11:00:00
position_177,-1620.81,-269.86519999999996,1.5,12,35.7,54.81411388036333,33.4,5.1,37,hot,2017-08-15 12:00:00
position_177,-1620.81,-269.86519999999996,1.5,13,37.0,54.74981426290309,34.4,5.1,41,hot,2017-08-15 13:00:00
position_177,-1620.81,-269.86519999999996,1.5,14,35.7,52.23750834935355,34.0,5.7,38,hot,2017-08-15 14:00:00
position_177,-1620.81,-269.86519999999996,1.5,15,34.2,48.29158891569177,33.6,7.7,37,hot,2017-08-15 15:00:00
position_177,-1620.81,-269.86519999999996,1.5,16,32.0,43.045775781286395,32.6,7.2,40,hot,2017-08-15 16:00:00
position_177,-1620.81,-269.86519999999996,1.5,17,28.4,36.04621582580932,30.0,7.7,58,warm,2017-08-15 17:00:00
position_177,-1620.81,-269.86519999999996,1.5,18,25.9,28.966006313328457,28.8,6.7,64,comfortable,2017-08-15 18:00:00
position_177,-1620.81,-269.86519999999996,1.5,19,24.0,23.138043289793828,26.8,5.1,80,comfortable,2017-08-15 19:00:00
position_177,-1620.81,-269.86519999999996,1.5,20,26.2,22.16637194750755,25.8,2.1,85,warm,2017-08-15 20:00:00
position_177,-1620.81,-269.86519999999996,1.5,21,26.0,21.690480043138912,25.4,2.1,89,warm,2017-08-15 21:00:00
position_177,-1620.81,-269.86519999999996,1.5,22,24.9,21.299641971758096,25.0,2.6,90,comfortable,2017-08-15 22:00:00
position_177,-1620.81,-269.86519999999996,1.5,23,24.9,21.299641971758096,25.0,2.6,90,comfortable,2017-08-15 23:00:00
position_178,-1620.81,-219.86519999999996,1.5,0,23.6,19.793164021771517,23.0,0.5,77,comfortable,2017-08-15 00:00:00
position_178,-1620.81,-219.86519999999996,1.5,1,23.2,19.395982213873346,22.6,0.5,78,comfortable,2017-08-15 01:00:00
position_178,-1620.81,-219.86519999999996,1.5,2,22.7,18.926584598216806,22.2,0.5,78,comfortable,2017-08-15 02:00:00
position_178,-1620.81,-219.86519999999996,1.5,3,18.8,17.992553383943964,21.3,2.6,74,comfortable,2017-08-15 03:00:00
position_178,-1620.81,-219.86519999999996,1.5,4,15.0,16.98141158581075,20.4,4.1,71,comfortable,2017-08-15 04:00:00
position_178,-1620.81,-219.86519999999996,1.5,5,20.3,16.98141158581075,20.4,0.5,71,comfortable,2017-08-15 05:00:00
position_178,-1620.81,-219.86519999999996,1.5,6,20.8,19.101363097568406,20.6,1.0,73,comfortable,2017-08-15 06:00:00
position_178,-1620.81,-219.86519999999996,1.5,7,24.7,26.449798879635303,23.0,1.0,69,comfortable,2017-08-15 07:00:00
position_178,-1620.81,-219.86519999999996,1.5,8,29.3,33.5221110760025,25.8,0.5,69,warm,2017-08-15 08:00:00
position_178,-1620.81,-219.86519999999996,1.5,9,31.0,39.26979189382722,28.0,1.5,55,warm,2017-08-15 09:00:00
position_178,-1620.81,-219.86519999999996,1.5,10,33.4,44.030130424247986,30.0,1.5,47,hot,2017-08-15 10:00:00
position_178,-1620.81,-219.86519999999996,1.5,11,34.4,47.75483242058585,31.6,2.6,41,hot,2017-08-15 11:00:00
position_178,-1620.81,-219.86519999999996,1.5,12,34.7,50.48568574490736,33.4,5.1,37,hot,2017-08-15 12:00:00
position_178,-1620.81,-219.86519999999996,1.5,13,36.1,50.63651267597053,34.4,5.1,41,hot,2017-08-15 13:00:00
position_178,-1620.81,-219.86519999999996,1.5,14,34.9,48.551166495519354,34.0,5.7,38,hot,2017-08-15 14:00:00
position_178,-1620.81,-219.86519999999996,1.5,15,33.6,45.32198264701743,33.6,7.7,37,hot,2017-08-15 15:00:00
position_178,-1620.81,-219.86519999999996,1.5,16,31.6,40.93437439241802,32.6,7.2,40,warm,2017-08-15 16:00:00
position_178,-1620.81,-219.86519999999996,1.5,17,28.2,34.82409611356334,30.0,7.7,58,warm,2017-08-15 17:00:00
position_178,-1620.81,-219.86519999999996,1.5,18,25.9,28.932451509179728,28.8,6.7,64,comfortable,2017-08-15 18:00:00
position_178,-1620.81,-219.86519999999996,1.5,19,24.2,23.878233453338865,26.8,5.1,80,comfortable,2017-08-15 19:00:00
position_178,-1620.81,-219.86519999999996,1.5,20,26.4,22.90083604833653,25.8,2.1,85,warm,2017-08-15 20:00:00
position_178,-1620.81,-219.86519999999996,1.5,21,26.2,22.44028415084176,25.4,2.1,89,warm,2017-08-15 21:00:00
position_178,-1620.81,-219.86519999999996,1.5,22,25.1,22.04759418169707,25.0,2.6,90,comfortable,2017-08-15 22:00:00
position_178,-1620.81,-219.86519999999996,1.5,23,25.1,22.04759418169707,25.0,2.6,90,comfortable,2017-08-15 23:00:00
position_179,-1620.81,-169.86519999999996,1.5,0,23.3,18.670229752612222,23.0,0.5,77,comfortable,2017-08-15 00:00:00
position_179,-1620.81,-169.86519999999996,1.5,1,22.9,18.27403478797941,22.6,0.5,78,comfortable,2017-08-15 01:00:00
position_179,-1620.81,-169.86519999999996,1.5,2,22.4,17.78033628467295,22.2,0.5,78,comfortable,2017-08-15 02:00:00
position_179,-1620.81,-169.86519999999996,1.5,3,18.4,16.834388397084872,21.3,2.6,74,comfortable,2017-08-15 03:00:00
position_179,-1620.81,-169.86519999999996,1.5,4,14.6,15.784328196293375,20.4,4.1,71,comfortable,2017-08-15 04:00:00
position_179,-1620.81,-169.86519999999996,1.5,5,19.9,15.784328196293375,20.4,0.5,71,comfortable,2017-08-15 05:00:00
position_179,-1620.81,-169.86519999999996,1.5,6,20.6,18.576587042231512,20.6,1.0,73,comfortable,2017-08-15 06:00:00
position_179,-1620.81,-169.86519999999996,1.5,7,25.0,27.657811203916957,23.0,1.0,69,comfortable,2017-08-15 07:00:00
position_179,-1620.81,-169.86519999999996,1.5,8,30.0,36.226154318740484,25.8,0.5,69,warm,2017-08-15 08:00:00
position_179,-1620.81,-169.86519999999996,1.5,9,32.0,43.21612267276004,28.0,1.5,55,hot,2017-08-15 09:00:00
position_179,-1620.81,-169.86519999999996,1.5,10,34.6,48.94304594631523,30.0,1.5,47,hot,2017-08-15 10:00:00
position_179,-1620.81,-169.86519999999996,1.5,11,35.7,53.4117525314868,31.6,2.6,41,hot,2017-08-15 11:00:00
position_179,-1620.81,-169.86519999999996,1.5,12,36.1,56.46856175269171,33.4,5.1,37,hot,2017-08-15 12:00:00
position_179,-1620.81,-169.86519999999996,1.5,13,37.4,56.322034673125664,34.4,5.1,41,hot,2017-08-15 13:00:00
position_179,-1620.81,-169.86519999999996,1.5,14,36.0,53.64653265237771,34.0,5.7,38,hot,2017-08-15 14:00:00
position_179,-1620.81,-169.86519999999996,1.5,15,34.5,49.42665657053311,33.6,7.7,37,hot,2017-08-15 15:00:00
position_179,-1620.81,-169.86519999999996,1.5,16,32.2,43.85281321522926,32.6,7.2,40,hot,2017-08-15 16:00:00
position_179,-1620.81,-169.86519999999996,1.5,17,28.5,36.513344606600064,30.0,7.7,58,warm,2017-08-15 17:00:00
position_179,-1620.81,-169.86519999999996,1.5,18,25.9,28.9788319101948,28.8,6.7,64,comfortable,2017-08-15 18:00:00
position_179,-1620.81,-169.86519999999996,1.5,19,23.9,22.85512163720493,26.8,5.1,80,comfortable,2017-08-15 19:00:00
position_179,-1620.81,-169.86519999999996,1.5,20,26.2,21.885638958327384,25.8,2.1,85,warm,2017-08-15 20:00:00
position_179,-1620.81,-169.86519999999996,1.5,21,26.0,21.40388366869746,25.4,2.1,89,warm,2017-08-15 21:00:00
position_179,-1620.81,-169.86519999999996,1.5,22,24.8,21.0137534451125,25.0,2.6,90,comfortable,2017-08-15 22:00:00
position_179,-1620.81,-169.86519999999996,1.5,23,24.8,21.0137534451125,25.0,2.6,90,comfortable,2017-08-15 23:00:00
position_180,-1570.81,-619.8652,1.5,0,23.7,20.03779844081027,23.0,0.5,77,comfortable,2017-08-15 00:00:00
position_180,-1570.81,-619.8652,1.5,1,23.3,19.64040164630466,22.6,0.5,78,comfortable,2017-08-15 01:00:00
position_180,-1570.81,-619.8652,1.5,2,22.8,19.176298048023526,22.2,0.5,78,comfortable,2017-08-15 02:00:00
position_180,-1570.81,-619.8652,1.5,3,18.9,18.244862914869064,21.3,2.6,74,comfortable,2017-08-15 03:00:00
position_180,-1570.81,-619.8652,1.5,4,15.1,17.242199601261355,20.4,4.1,71,comfortable,2017-08-15 04:00:00
position_180,-1570.81,-619.8652,1.5,5,20.3,17.242199601261355,20.4,0.5,71,comfortable,2017-08-15 05:00:00
position_180,-1570.81,-619.8652,1.5,6,20.8,19.2156870512927,20.6,1.0,73,comfortable,2017-08-15 06:00:00
position_180,-1570.81,-619.8652,1.5,7,24.6,26.18662996471427,23.0,1.0,69,comfortable,2017-08-15 07:00:00
position_180,-1570.81,-619.8652,1.5,8,29.2,32.9330275776085,25.8,0.5,69,warm,2017-08-15 08:00:00
position_180,-1570.81,-619.8652,1.5,9,30.8,38.410072528274554,28.0,1.5,55,warm,2017-08-15 09:00:00
position_180,-1570.81,-619.8652,1.5,10,33.1,42.95983782784588,30.0,1.5,47,hot,2017-08-15 10:00:00
position_180,-1570.81,-619.8652,1.5,11,34.1,46.522456311951316,31.6,2.6,41,hot,2017-08-15 11:00:00
position_180,-1570.81,-619.8652,1.5,12,34.4,49.18229921860516,33.4,5.1,37,hot,2017-08-15 12:00:00
position_180,-1570.81,-619.8652,1.5,13,35.9,49.39790556520223,34.4,5.1,41,hot,2017-08-15 13:00:00
position_180,-1570.81,-619.8652,1.5,14,34.6,47.44112651027071,34.0,5.7,38,hot,2017-08-15 14:00:00
position_180,-1570.81,-619.8652,1.5,15,33.4,44.4277677778118,33.6,7.7,37,hot,2017-08-15 15:00:00
position_180,-1570.81,-619.8652,1.5,16,31.4,40.298584208142074,32.6,7.2,40,warm,2017-08-15 16:00:00
position_180,-1570.81,-619.8652,1.5,17,28.1,34.456088532838685,30.0,7.7,58,warm,2017-08-15 17:00:00
position_180,-1570.81,-619.8652,1.5,18,25.9,28.922347407124317,28.8,6.7,64,comfortable,2017-08-15 18:00:00
position_180,-1570.81,-619.8652,1.5,19,24.2,24.101121267546365,26.8,5.1,80,comfortable,2017-08-15 19:00:00
position_180,-1570.81,-619.8652,1.5,20,26.5,23.121999616984365,25.8,2.1,85,warm,2017-08-15 20:00:00
position_180,-1570.81,-619.8652,1.5,21,26.3,22.66606693867196,25.4,2.1,89,warm,2017-08-15 21:00:00
position_180,-1570.81,-619.8652,1.5,22,25.1,22.272819321688846,25.0,2.6,90,comfortable,2017-08-15 22:00:00
position_180,-1570.81,-619.8652,1.5,23,25.1,22.272819321688846,25.0,2.6,90,comfortable,2017-08-15 23:00:00
position_181,-1570.81,-569.8652,1.5,0,24.6,23.0,23.0,0.5,77,comfortable,2017-08-15 00:00:00
position_181,-1570.81,-569.8652,1.5,1,24.2,22.6,22.6,0.5,78,comfortable,2017-08-15 01:00:00
position_181,-1570.81,-569.8652,1.5,2,23.7,22.2,22.2,0.5,78,comfortable,2017-08-15 02:00:00
position_181,-1570.81,-569.8652,1.5,3,19.8,21.3,21.3,2.6,74,comfortable,2017-08-15 03:00:00
position_181,-1570.81,-569.8652,1.5,4,16.0,20.4,20.4,4.1,71,comfortable,2017-08-15 04:00:00
position_181,-1570.81,-569.8652,1.5,5,21.4,20.4,20.4,0.5,71,comfortable,2017-08-15 05:00:00
position_181,-1570.81,-569.8652,1.5,6,21.2,20.6,20.6,1.0,73,comfortable,2017-08-15 06:00:00
position_181,-1570.81,-569.8652,1.5,7,23.7,23.0,23.0,1.0,69,comfortable,2017-08-15 07:00:00
position_181,-1570.81,-569.8652,1.5,8,27.2,25.8,25.8,0.5,69,warm,2017-08-15 08:00:00
position_181,-1570.81,-569.8652,1.5,9,28.0,28.0,28.0,1.5,55,warm,2017-08-15 09:00:00
position_181,-1570.81,-569.8652,1.5,10,29.8,30.0,30.0,1.5,47,warm,2017-08-15 10:00:00
position_181,-1570.81,-569.8652,1.5,11,30.5,31.6,31.6,2.6,41,warm,2017-08-15 11:00:00
position_181,-1570.81,-569.8652,1.5,12,31.0,33.4,33.4,5.1,37,warm,2017-08-15 12:00:00
position_181,-1570.81,-569.8652,1.5,13,32.7,34.4,34.4,5.1,41,hot,2017-08-15 13:00:00
position_181,-1570.81,-569.8652,1.5,14,31.8,34.0,34.0,5.7,38,warm,2017-08-15 14:00:00
position_181,-1570.81,-569.8652,1.5,15,31.3,33.6,33.6,7.7,37,warm,2017-08-15 15:00:00
position_181,-1570.81,-569.8652,1.5,16,29.9,32.6,32.6,7.2,40,warm,2017-08-15 16:00:00
position_181,-1570.81,-569.8652,1.5,17,27.2,30.0,30.0,7.7,58,warm,2017-08-15 17:00:00
position_181,-1570.81,-569.8652,1.5,18,25.9,28.8,28.8,6.7,64,comfortable,2017-08-15 18:00:00
position_181,-1570.81,-569.8652,1.5,19,24.8,26.8,26.8,5.1,80,comfortable,2017-08-15 19:00:00
position_181,-1570.81,-569.8652,1.5,20,27.1,25.8,25.8,2.1,85,warm,2017-08-15 20:00:00
position_181,-1570.81,-569.8652,1.5,21,27.0,25.4,25.4,2.1,89,warm,2017-08-15 21:00:00
position_181,-1570.81,-569.8652,1.5,22,25.8,25.0,25.0,2.6,90,comfortable,2017-08-15 22:00:00
position_181,-1570.81,-569.8652,1.5,23,25.8,25.0,25.0,2.6,90,comfortable,2017-08-15 23:00:00
position_182,-1570.81,-519.8652,1.5,0,24.6,23.0,23.0,0.5,77,comfortable,2017-08-15 00:00:00
position_182,-1570.81,-519.8652,1.5,1,24.2,22.6,22.6,0.5,78,comfortable,2017-08-15 01:00:00
position_182,-1570.81,-519.8652,1.5,2,23.7,22.2,22.2,0.5,78,comfortable,2017-08-15 02:00:00
position_182,-1570.81,-519.8652,1.5,3,19.8,21.3,21.3,2.6,74,comfortable,2017-08-15 03:00:00
position_182,-1570.81,-519.8652,1.5,4,16.0,20.4,20.4,4.1,71,comfortable,2017-08-15 04:00:00
position_182,-1570.81,-519.8652,1.5,5,21.4,20.4,20.4,0.5,71,comfortable,2017-08-15 05:00:00
position_182,-1570.81,-519.8652,1.5,6,21.2,20.6,20.6,1.0,73,comfortable,2017-08-15 06:00:00
position_182,-1570.81,-519.8652,1.5,7,23.7,23.0,23.0,1.0,69,comfortable,2017-08-15 07:00:00
position_182,-1570.81,-519.8652,1.5,8,27.2,25.8,25.8,0.5,69,warm,2017-08-15 08:00:00
position_182,-1570.81,-519.8652,1.5,9,28.0,28.0,28.0,1.5,55,warm,2017-08-15 09:00:00
position_182,-1570.81,-519.8652,1.5,10,29.8,30.0,30.0,1.5,47,warm,2017-08-15 10:00:00
position_182,-1570.81,-519.8652,1.5,11,30.5,31.6,31.6,2.6,41,warm,2017-08-15 11:00:00
position_182,-1570.81,-519.8652,1.5,12,31.0,33.4,33.4,5.1,37,warm,2017-08-15 12:00:00
position_182,-1570.81,-519.8652,1.5,13,32.7,34.4,34.4,5.1,41,hot,2017-08-15 13:00:00
position_182,-1570.81,-519.8652,1.5,14,31.8,34.0,34.0,5.7,38,warm,2017-08-15 14:00:00
position_182,-1570.81,-519.8652,1.5,15,31.3,33.6,33.6,7.7,37,warm,2017-08-15 15:00:00
position_182,-1570.81,-519.8652,1.5,16,29.9,32.6,32.6,7.2,40,warm,2017-08-15 16:00:00
position_182,-1570.81,-519.8652,1.5,17,27.2,30.0,30.0,7.7,58,warm,2017-08-15 17:00:00
position_182,-1570.81,-519.8652,1.5,18,25.9,28.8,28.8,6.7,64,comfortable,2017-08-15 18:00:00
position_182,-1570.81,-519.8652,1.5,19,24.8,26.8,26.8,5.1,80,comfortable,2017-08-15 19:00:00
position_182,-1570.81,-519.8652,1.5,20,27.1,25.8,25.8,2.1,85,warm,2017-08-15 20:00:00
position_182,-1570.81,-519.8652,1.5,21,27.0,25.4,25.4,2.1,89,warm,2017-08-15 21:00:00
position_182,-1570.81,-519.8652,1.5,22,25.8,25.0,25.0,2.6,90,comfortable,2017-08-15 22:00:00
position_182,-1570.81,-519.8652,1.5,23,25.8,25.0,25.0,2.6,90,comfortable,2017-08-15 23:00:00
position_183,-1570.81,-469.86519999999996,1.5,0,24.6,23.0,23.0,0.5,77,comfortable,2017-08-15 00:00:00
position_183,-1570.81,-469.86519999999996,1.5,1,24.2,22.6,22.6,0.5,78,comfortable,2017-08-15 01:00:00
position_183,-1570.81,-469.86519999999996,1.5,2,23.7,22.2,22.2,0.5,78,comfortable,2017-08-15 02:00:00
position_183,-1570.81,-469.86519999999996,1.5,3,19.8,21.3,21.3,2.6,74,comfortable,2017-08-15 03:00:00
position_183,-1570.81,-469.86519999999996,1.5,4,16.0,20.4,20.4,4.1,71,comfortable,2017-08-15 04:00:00
position_183,-1570.81,-469.86519999999996,1.5,5,21.4,20.4,20.4,0.5,71,comfortable,2017-08-15 05:00:00
position_183,-1570.81,-469.86519999999996,1.5,6,21.2,20.6,20.6,1.0,73,comfortable,2017-08-15 06:00:00
position_183,-1570.81,-469.86519999999996,1.5,7,23.7,23.0,23.0,1.0,69,comfortable,2017-08-15 07:00:00
position_183,-1570.81,-469.86519999999996,1.5,8,27.2,25.8,25.8,0.5,69,warm,2017-08-15 08:00:00
position_183,-1570.81,-469.86519999999996,1.5,9,28.0,28.0,28.0,1.5,55,warm,2017-08-15 09:00:00
position_183,-1570.81,-469.86519999999996,1.5,10,29.8,30.0,30.0,1.5,47,warm,2017-08-15 10:00:00
position_183,-1570.81,-469.86519999999996,1.5,11,30.5,31.6,31.6,2.6,41,warm,2017-08-15 11:00:00
position_183,-1570.81,-469.86519999999996,1.5,12,31.0,33.4,33.4,5.1,37,warm,2017-08-15 12:00:00
position_183,-1570.81,-469.86519999999996,1.5,13,32.7,34.4,34.4,5.1,41,hot,2017-08-15 13:00:00
position_183,-1570.81,-469.86519999999996,1.5,14,31.8,34.0,34.0,5.7,38,warm,2017-08-15 14:00:00
position_183,-1570.81,-469.86519999999996,1.5,15,31.3,33.6,33.6,7.7,37,warm,2017-08-15 15:00:00
position_183,-1570.81,-469.86519999999996,1.5,16,29.9,32.6,32.6,7.2,40,warm,2017-08-15 16:00:00
position_183,-1570.81,-469.86519999999996,1.5,17,27.2,30.0,30.0,7.7,58,warm,2017-08-15 17:00:00
position_183,-1570.81,-469.86519999999996,1.5,18,25.9,28.8,28.8,6.7,64,comfortable,2017-08-15 18:00:00
position_183,-1570.81,-469.86519999999996,1.5,19,24.8,26.8,26.8,5.1,80,comfortable,2017-08-15 19:00:00
position_183,-1570.81,-469.86519999999996,1.5,20,27.1,25.8,25.8,2.1,85,warm,2017-08-15 20:00:00
position_183,-1570.81,-469.86519999999996,1.5,21,27.0,25.4,25.4,2.1,89,warm,2017-08-15 21:00:00
position_183,-1570.81,-469.86519999999996,1.5,22,25.8,25.0,25.0,2.6,90,comfortable,2017-08-15 22:00:00
position_183,-1570.81,-469.86519999999996,1.5,23,25.8,25.0,25.0,2.6,90,comfortable,2017-08-15 23:00:00
position_184,-1570.81,-419.86519999999996,1.5,0,23.4,19.05922827514254,23.0,0.5,77,comfortable,2017-08-15 00:00:00
position_184,-1570.81,-419.86519999999996,1.5,1,23.0,18.66269145561872,22.6,0.5,78,comfortable,2017-08-15 01:00:00
position_184,-1570.81,-419.86519999999996,1.5,2,22.5,18.177411084745845,22.2,0.5,78,comfortable,2017-08-15 02:00:00
position_184,-1570.81,-419.86519999999996,1.5,3,18.6,17.235591282336408,21.3,2.6,74,comfortable,2017-08-15 03:00:00
position_184,-1570.81,-419.86519999999996,1.5,4,14.8,16.199012904612477,20.4,4.1,71,comfortable,2017-08-15 04:00:00
position_184,-1570.81,-419.86519999999996,1.5,5,20.0,16.199012904612477,20.4,0.5,71,comfortable,2017-08-15 05:00:00
position_184,-1570.81,-419.86519999999996,1.5,6,20.7,18.75837605321091,20.6,1.0,73,comfortable,2017-08-15 06:00:00
position_184,-1570.81,-419.86519999999996,1.5,7,24.9,27.23934057544839,23.0,1.0,69,comfortable,2017-08-15 07:00:00
position_184,-1570.81,-419.86519999999996,1.5,8,29.8,35.28943980643811,25.8,0.5,69,warm,2017-08-15 08:00:00
position_184,-1570.81,-419.86519999999996,1.5,9,31.7,41.849064168463,28.0,1.5,55,warm,2017-08-15 09:00:00
position_184,-1570.81,-419.86519999999996,1.5,10,34.2,47.241150357331904,30.0,1.5,47,hot,2017-08-15 10:00:00
position_184,-1570.81,-419.86519999999996,1.5,11,35.3,51.45212441642358,31.6,2.6,41,hot,2017-08-15 11:00:00
position_184,-1570.81,-419.86519999999996,1.5,12,35.6,54.396018424530034,33.4,5.1,37,hot,2017-08-15 12:00:00
position_184,-1570.81,-419.86519999999996,1.5,13,36.9,54.35249850573915,34.4,5.1,41,hot,2017-08-15 13:00:00
position_184,-1570.81,-419.86519999999996,1.5,14,35.6,51.88143387393112,34.0,5.7,38,hot,2017-08-15 14:00:00
position_184,-1570.81,-419.86519999999996,1.5,15,34.2,48.00474601390566,33.6,7.7,37,hot,2017-08-15 15:00:00
position_184,-1570.81,-419.86519999999996,1.5,16,31.9,42.84182938354102,32.6,7.2,40,warm,2017-08-15 16:00:00
position_184,-1570.81,-419.86519999999996,1.5,17,28.4,35.928167730245754,30.0,7.7,58,warm,2017-08-15 17:00:00
position_184,-1570.81,-419.86519999999996,1.5,18,25.9,28.962765157255877,28.8,6.7,64,comfortable,2017-08-15 18:00:00
position_184,-1570.81,-419.86519999999996,1.5,19,24.0,23.209540409336068,26.8,5.1,80,comfortable,2017-08-15 19:00:00
position_184,-1570.81,-419.86519999999996,1.5,20,26.2,22.237315970007057,25.8,2.1,85,warm,2017-08-15 20:00:00
position_184,-1570.81,-419.86519999999996,1.5,21,26.0,21.762905801493957,25.4,2.1,89,warm,2017-08-15 21:00:00
position_184,-1570.81,-419.86519999999996,1.5,22,24.9,21.37188884992488,25.0,2.6,90,comfortable,2017-08-15 22:00:00
position_184,-1570.81,-419.86519999999996,1.5,23,24.9,21.37188884992488,25.0,2.6,90,comfortable,2017-08-15 23:00:00
position_185,-1570.81,-369.86519999999996,1.5,0,23.3,18.85007660036623,23.0,0.5,77,comfortable,2017-08-15 00:00:00
position_185,-1570.81,-369.86519999999996,1.5,1,22.9,18.453723584941507,22.6,0.5,78,comfortable,2017-08-15 01:00:00
position_185,-1570.81,-369.86519999999996,1.5,2,22.4,17.963917061924093,22.2,0.5,78,comfortable,2017-08-15 02:00:00
position_185,-1570.81,-369.86519999999996,1.5,3,18.5,17.01987772427551,21.3,2.6,74,comfortable,2017-08-15 03:00:00
position_185,-1570.81,-369.86519999999996,1.5,4,14.7,15.976050614974714,20.4,4.1,71,comfortable,2017-08-15 04:00:00
position_185,-1570.81,-369.86519999999996,1.5,5,19.9,15.976050614974714,20.4,0.5,71,comfortable,2017-08-15 05:00:00
position_185,-1570.81,-369.86519999999996,1.5,6,20.6,18.660634098164522,20.6,1.0,73,comfortable,2017-08-15 06:00:00
position_185,-1570.81,-369.86519999999996,1.5,7,25.0,27.464338429475138,23.0,1.0,69,comfortable,2017-08-15 07:00:00
position_185,-1570.81,-369.86519999999996,1.5,8,29.9,35.793080302964796,25.8,0.5,69,warm,2017-08-15 08:00:00
position_185,-1570.81,-369.86519999999996,1.5,9,31.8,42.58408643495154,28.0,1.5,55,warm,2017-08-15 09:00:00
position_185,-1570.81,-369.86519999999996,1.5,10,34.4,48.156203479937375,30.0,1.5,47,hot,2017-08-15 10:00:00
position_185,-1570.81,-369.86519999999996,1.5,11,35.5,52.50575181721216,31.6,2.6,41,hot,2017-08-15 11:00:00
position_185,-1570.81,-369.86519999999996,1.5,12,35.9,55.51035661098857,33.4,5.1,37,hot,2017-08-15 12:00:00
position_185,-1570.81,-369.86519999999996,1.5,13,37.2,55.411453139453215,34.4,5.1,41,hot,2017-08-15 13:00:00
position_185,-1570.81,-369.86519999999996,1.5,14,35.8,52.83046926680707,34.0,5.7,38,hot,2017-08-15 14:00:00
position_185,-1570.81,-369.86519999999996,1.5,15,34.3,48.76926041968357,33.6,7.7,37,hot,2017-08-15 15:00:00
position_185,-1570.81,-369.86519999999996,1.5,16,32.1,43.38540204339062,32.6,7.2,40,hot,2017-08-15 16:00:00
position_185,-1570.81,-369.86519999999996,1.5,17,28.5,36.24279803509566,30.0,7.7,58,warm,2017-08-15 17:00:00
position_185,-1570.81,-369.86519999999996,1.5,18,25.9,28.971403720362837,28.8,6.7,64,comfortable,2017-08-15 18:00:00
position_185,-1570.81,-369.86519999999996,1.5,19,24.0,23.01898112576549,26.8,5.1,80,comfortable,2017-08-15 19:00:00
position_185,-1570.81,-369.86519999999996,1.5,20,26.2,22.048230840596574,25.8,2.1,85,warm,2017-08-15 20:00:00
position_185,-1570.81,-369.86519999999996,1.5,21,26.0,21.569871442731582,25.4,2.1,89,warm,2017-08-15 21:00:00
position_185,-1570.81,-369.86519999999996,1.5,22,24.9,21.17933125555159,25.0,2.6,90,comfortable,2017-08-15 22:00:00
position_185,-1570.81,-369.86519999999996,1.5,23,24.9,21.17933125555159,25.0,2.6,90,comfortable,2017-08-15 23:00:00
position_186,-1570.81,-319.86519999999996,1.5,0,23.4,19.07008468172114,23.0,0.5,77,comfortable,2017-08-15 00:00:00
position_186,-1570.81,-319.86519999999996,1.5,1,23.0,18.673538321503788,22.6,0.5,78,comfortable,2017-08-15 01:00:00
position_186,-1570.81,-319.86519999999996,1.5,2,22.5,18.18849288897396,22.2,0.5,78,comfortable,2017-08-15 02:00:00
position_186,-1570.81,-319.86519999999996,1.5,3,18.6,17.246788295668143,21.3,2.6,74,comfortable,2017-08-15 03:00:00
position_186,-1570.81,-319.86519999999996,1.5,4,14.8,16.210586176835097,20.4,4.1,71,comfortable,2017-08-15 04:00:00
position_186,-1570.81,-319.86519999999996,1.5,5,20.0,16.210586176835097,20.4,0.5,71,comfortable,2017-08-15 05:00:00
position_186,-1570.81,-319.86519999999996,1.5,6,20.7,18.763449531130252,20.6,1.0,73,comfortable,2017-08-15 06:00:00
position_186,-1570.81,-319.86519999999996,1.5,7,24.9,27.227661643471205,23.0,1.0,69,comfortable,2017-08-15 07:00:00
position_186,-1570.81,-319.86519999999996,1.5,8,29.8,35.26329740999022,25.8,0.5,69,warm,2017-08-15 08:00:00
position_186,-1570.81,-319.86519999999996,1.5,9,31.6,41.810911471010975,28.0,1.5,55,warm,2017-08-15 09:00:00
position_186,-1570.81,-319.86519999999996,1.5,10,34.2,47.19365282354143,30.0,1.5,47,hot,2017-08-15 10:00:00
position_186,-1570.81,-319.86519999999996,1.5,11,35.2,51.3974339270572,31.6,2.6,41,hot,2017-08-15 11:00:00
position_186,-1570.81,-319.86519999999996,1.5,12,35.6,54.338176628947025,33.4,5.1,37,hot,2017-08-15 12:00:00
position_186,-1570.81,-319.86519999999996,1.5,13,36.9,54.29753149644225,34.4,5.1,41,hot,2017-08-15 13:00:00
position_186,-1570.81,-319.86519999999996,1.5,14,35.6,51.83217242721517,34.0,5.7,38,hot,2017-08-15 14:00:00
position_186,-1570.81,-319.86519999999996,1.5,15,34.2,47.96506247212576,33.6,7.7,37,hot,2017-08-15 15:00:00
position_186,-1570.81,-319.86519999999996,1.5,16,31.9,42.813614233905476,32.6,7.2,40,warm,2017-08-15 16:00:00
position_186,-1570.81,-319.86519999999996,1.5,17,28.4,35.91183625924485,30.0,7.7,58,warm,2017-08-15 17:00:00
position_186,-1570.81,-319.86519999999996,1.5,18,25.9,28.962316756575156,28.8,6.7,64,comfortable,2017-08-15 18:00:00
position_186,-1570.81,-319.86519999999996,1.5,19,24.0,23.2194317432782,26.8,5.1,80,comfortable,2017-08-15 19:00:00
position_186,-1570.81,-319.86519999999996,1.5,20,26.2,22.247130785236447,25.8,2.1,85,warm,2017-08-15 20:00:00
position_186,-1570.81,-319.86519999999996,1.5,21,26.1,21.772925608816106,25.4,2.1,89,warm,2017-08-15 21:00:00
position_186,-1570.81,-319.86519999999996,1.5,22,24.9,21.38188390990491,25.0,2.6,90,comfortable,2017-08-15 22:00:00
position_186,-1570.81,-319.86519999999996,1.5,23,24.9,21.38188390990491,25.0,2.6,90,comfortable,2017-08-15 23:00:00
position_187,-1570.81,-269.86519999999996,1.5,0,24.6,23.0,23.0,0.5,77,comfortable,2017-08-15 00:00:00
position_187,-1570.81,-269.86519999999996,1.5,1,24.2,22.6,22.6,0.5,78,comfortable,2017-08-15 01:00:00
position_187,-1570.81,-269.86519999999996,1.5,2,23.7,22.2,22.2,0.5,78,comfortable,2017-08-15 02:00:00
position_187,-1570.81,-269.86519999999996,1.5,3,19.8,21.3,21.3,2.6,74,comfortable,2017-08-15 03:00:00
position_187,-1570.81,-269.86519999999996,1.5,4,16.0,20.4,20.4,4.1,71,comfortable,2017-08-15 04:00:00
position_187,-1570.81,-269.86519999999996,1.5,5,21.4,20.4,20.4,0.5,71,comfortable,2017-08-15 05:00:00
position_187,-1570.81,-269.86519999999996,1.5,6,21.2,20.6,20.6,1.0,73,comfortable,2017-08-15 06:00:00
position_187,-1570.81,-269.86519999999996,1.5,7,23.7,23.0,23.0,1.0,69,comfortable,2017-08-15 07:00:00
position_187,-1570.81,-269.86519999999996,1.5,8,27.2,25.8,25.8,0.5,69,warm,2017-08-15 08:00:00
position_187,-1570.81,-269.86519999999996,1.5,9,28.0,28.0,28.0,1.5,55,warm,2017-08-15 09:00:00
position_187,-1570.81,-269.86519999999996,1.5,10,29.8,30.0,30.0,1.5,47,warm,2017-08-15 10:00:00
position_187,-1570.81,-269.86519999999996,1.5,11,30.5,31.6,31.6,2.6,41,warm,2017-08-15 11:00:00
position_187,-1570.81,-269.86519999999996,1.5,12,31.0,33.4,33.4,5.1,37,warm,2017-08-15 12:00:00
position_187,-1570.81,-269.86519999999996,1.5,13,32.7,34.4,34.4,5.1,41,hot,2017-08-15 13:00:00
position_187,-1570.81,-269.86519999999996,1.5,14,31.8,34.0,34.0,5.7,38,warm,2017-08-15 14:00:00
position_187,-1570.81,-269.86519999999996,1.5,15,31.3,33.6,33.6,7.7,37,warm,2017-08-15 15:00:00
position_187,-1570.81,-269.86519999999996,1.5,16,29.9,32.6,32.6,7.2,40,warm,2017-08-15 16:00:00
position_187,-1570.81,-269.86519999999996,1.5,17,27.2,30.0,30.0,7.7,58,warm,2017-08-15 17:00:00
position_187,-1570.81,-269.86519999999996,1.5,18,25.9,28.8,28.8,6.7,64,comfortable,2017-08-15 18:00:00
position_187,-1570.81,-269.86519999999996,1.5,19,24.8,26.8,26.8,5.1,80,comfortable,2017-08-15 19:00:00
position_187,-1570.81,-269.86519999999996,1.5,20,27.1,25.8,25.8,2.1,85,warm,2017-08-15 20:00:00
position_187,-1570.81,-269.86519999999996,1.5,21,27.0,25.4,25.4,2.1,89,warm,2017-08-15 21:00:00
position_187,-1570.81,-269.86519999999996,1.5,22,25.8,25.0,25.0,2.6,90,comfortable,2017-08-15 22:00:00
position_187,-1570.81,-269.86519999999996,1.5,23,25.8,25.0,25.0,2.6,90,comfortable,2017-08-15 23:00:00
position_188,-1570.81,-219.86519999999996,1.5,0,23.3,18.937254933362684,23.0,0.5,77,comfortable,2017-08-15 00:00:00
position_188,-1570.81,-219.86519999999996,1.5,1,23.0,18.540825304948967,22.6,0.5,78,comfortable,2017-08-15 01:00:00
position_188,-1570.81,-219.86519999999996,1.5,2,22.5,18.052905366866966,22.2,0.5,78,comfortable,2017-08-15 02:00:00
position_188,-1570.81,-219.86519999999996,1.5,3,18.5,17.109791173051836,21.3,2.6,74,comfortable,2017-08-15 03:00:00
position_188,-1570.81,-219.86519999999996,1.5,4,14.7,16.06898547075572,20.4,4.1,71,comfortable,2017-08-15 04:00:00
position_188,-1570.81,-219.86519999999996,1.5,5,20.0,16.06898547075572,20.4,0.5,71,comfortable,2017-08-15 05:00:00
position_188,-1570.81,-219.86519999999996,1.5,6,20.6,18.7013747745845,20.6,1.0,73,comfortable,2017-08-15 06:00:00
position_188,-1570.81,-219.86519999999996,1.5,7,25.0,27.37055511235463,23.0,1.0,69,comfortable,2017-08-15 07:00:00
position_188,-1570.81,-219.86519999999996,1.5,8,29.9,35.58315351675253,25.8,0.5,69,warm,2017-08-15 08:00:00
position_188,-1570.81,-219.86519999999996,1.5,9,31.8,42.277715395961394,28.0,1.5,55,warm,2017-08-15 09:00:00
position_188,-1570.81,-219.86519999999996,1.5,10,34.3,47.77479221025826,30.0,1.5,47,hot,2017-08-15 10:00:00
position_188,-1570.81,-219.86519999999996,1.5,11,35.4,52.06658019452076,31.6,2.6,41,hot,2017-08-15 11:00:00
position_188,-1570.81,-219.86519999999996,1.5,12,35.7,55.04587959643133,33.4,5.1,37,hot,2017-08-15 12:00:00
position_188,-1570.81,-219.86519999999996,1.5,13,37.1,54.97006102636209,34.4,5.1,41,hot,2017-08-15 13:00:00
position_188,-1570.81,-219.86519999999996,1.5,14,35.7,52.434893550791195,34.0,5.7,38,hot,2017-08-15 14:00:00
position_188,-1570.81,-219.86519999999996,1.5,15,34.3,48.4505965049969,33.6,7.7,37,hot,2017-08-15 15:00:00
position_188,-1570.81,-219.86519999999996,1.5,16,32.0,43.15883078404585,32.6,7.2,40,hot,2017-08-15 16:00:00
position_188,-1570.81,-219.86519999999996,1.5,17,28.5,36.111654234711004,30.0,7.7,58,warm,2017-08-15 17:00:00
position_188,-1570.81,-219.86519999999996,1.5,18,25.9,28.967803005561223,28.8,6.7,64,comfortable,2017-08-15 18:00:00
position_188,-1570.81,-219.86519999999996,1.5,19,24.0,23.098409802090693,26.8,5.1,80,comfortable,2017-08-15 19:00:00
position_188,-1570.81,-219.86519999999996,1.5,20,26.2,22.127045061874288,25.8,2.1,85,warm,2017-08-15 20:00:00
position_188,-1570.81,-219.86519999999996,1.5,21,26.0,21.650331776725757,25.4,2.1,89,warm,2017-08-15 21:00:00
position_188,-1570.81,-219.86519999999996,1.5,22,24.9,21.259592865224207,25.0,2.6,90,comfortable,2017-08-15 22:00:00
position_188,-1570.81,-219.86519999999996,1.5,23,24.9,21.259592865224207,25.0,2.6,90,comfortable,2017-08-15 23:00:00
position_189,-1570.81,-169.86519999999996,1.5,0,23.2,18.608941508154167,23.0,0.5,77,comfortable,2017-08-15 00:00:00
position_189,-1570.81,-169.86519999999996,1.5,1,22.9,18.21280040410158,22.6,0.5,78,comfortable,2017-08-15 01:00:00
position_189,-1570.81,-169.86519999999996,1.5,2,22.4,17.717775590980068,22.2,0.5,78,comfortable,2017-08-15 02:00:00
position_189,-1570.81,-169.86519999999996,1.5,3,18.4,16.77117730736497,21.3,2.6,74,comfortable,2017-08-15 03:00:00
position_189,-1570.81,-169.86519999999996,1.5,4,14.6,15.718992992418666,20.4,4.1,71,comfortable,2017-08-15 04:00:00
position_189,-1570.81,-169.86519999999996,1.5,5,19.9,15.718992992418666,20.4,0.5,71,comfortable,2017-08-15 05:00:00
position_189,-1570.81,-169.86519999999996,1.5,6,20.6,18.547945469836275,20.6,1.0,73,comfortable,2017-08-15 06:00:00
position_189,-1570.81,-169.86519999999996,1.5,7,25.1,27.723742894374983,23.0,1.0,69,comfortable,2017-08-15 07:00:00
position_189,-1570.81,-169.86519999999996,1.5,8,30.1,36.37373736775559,25.8,0.5,69,warm,2017-08-15 08:00:00
position_189,-1570.81,-169.86519999999996,1.5,9,32.1,43.43150810727229,28.0,1.5,55,hot,2017-08-15 09:00:00
position_189,-1570.81,-169.86519999999996,1.5,10,34.7,49.21118627811192,30.0,1.5,47,hot,2017-08-15 10:00:00
position_189,-1570.81,-169.86519999999996,1.5,11,35.8,53.72049963464195,31.6,2.6,41,hot,2017-08-15 11:00:00
position_189,-1570.81,-169.86519999999996,1.5,12,36.1,56.79509909098297,33.4,5.1,37,hot,2017-08-15 12:00:00
position_189,-1570.81,-169.86519999999996,1.5,13,37.4,56.632342828824015,34.4,5.1,41,hot,2017-08-15 13:00:00
position_189,-1570.81,-169.86519999999996,1.5,14,36.0,53.92463089481415,34.0,5.7,38,hot,2017-08-15 14:00:00
position_189,-1570.81,-169.86519999999996,1.5,15,34.5,49.65068416124275,33.6,7.7,37,hot,2017-08-15 15:00:00
position_189,-1570.81,-169.86519999999996,1.5,16,32.2,44.01209768709977,32.6,7.2,40,hot,2017-08-15 16:00:00
position_189,-1570.81,-169.86519999999996,1.5,17,28.6,36.60554152091203,30.0,7.7,58,warm,2017-08-15 17:00:00
position_189,-1570.81,-169.86519999999996,1.5,18,25.9,28.981363290199436,28.8,6.7,64,comfortable,2017-08-15 18:00:00
position_189,-1570.81,-169.86519999999996,1.5,19,23.9,22.799281568184607,26.8,5.1,80,comfortable,2017-08-15 19:00:00
position_189,-1570.81,-169.86519999999996,1.5,20,26.1,21.83023086443052,25.8,2.1,85,warm,2017-08-15 20:00:00
position_189,-1570.81,-169.86519999999996,1.5,21,25.9,21.34731832213122,25.4,2.1,89,comfortable,2017-08-15 21:00:00
position_189,-1570.81,-169.86519999999996,1.5,22,24.8,20.957327806021507,25.0,2.6,90,comfortable,2017-08-15 22:00:00
position_189,-1570.81,-169.86519999999996,1.5,23,24.8,20.957327806021507,25.0,2.6,90,comfortable,2017-08-15 23:00:00
position_190,-1520.81,-619.8652,1.5,0,23.5,19.34050039462461,23.0,0.5,77,comfortable,2017-08-15 00:00:00
position_190,-1520.81,-619.8652,1.5,1,23.1,18.943716391000642,22.6,0.5,78,comfortable,2017-08-15 01:00:00
position_190,-1520.81,-619.8652,1.5,2,22.6,18.46452289659268,22.2,0.5,78,comfortable,2017-08-15 02:00:00
position_190,-1520.81,-619.8652,1.5,3,18.7,17.525687977673407,21.3,2.6,74,comfortable,2017-08-15 03:00:00
position_190,-1520.81,-619.8652,1.5,4,14.9,16.49885786563447,20.4,4.1,71,comfortable,2017-08-15 04:00:00
position_190,-1520.81,-619.8652,1.5,5,20.1,16.49885786563447,20.4,0.5,71,comfortable,2017-08-15 05:00:00
position_190,-1520.81,-619.8652,1.5,6,20.7,18.889821746331094,20.6,1.0,73,comfortable,2017-08-15 06:00:00
position_190,-1520.81,-619.8652,1.5,7,24.8,26.93675813928715,23.0,1.0,69,comfortable,2017-08-15 07:00:00
position_190,-1520.81,-619.8652,1.5,8,29.6,34.61213215367096,25.8,0.5,69,warm,2017-08-15 08:00:00
position_190,-1520.81,-619.8652,1.5,9,31.4,40.860588838380885,28.0,1.5,55,warm,2017-08-15 09:00:00
position_190,-1520.81,-619.8652,1.5,10,33.9,46.010565273520385,30.0,1.5,47,hot,2017-08-15 10:00:00
position_190,-1520.81,-619.8652,1.5,11,34.9,50.035181365495866,31.6,2.6,41,hot,2017-08-15 11:00:00
position_190,-1520.81,-619.8652,1.5,12,35.3,52.89743007298938,33.4,5.1,37,hot,2017-08-15 12:00:00
position_190,-1520.81,-619.8652,1.5,13,36.6,52.92839126596366,34.4,5.1,41,hot,2017-08-15 13:00:00
position_190,-1520.81,-619.8652,1.5,14,35.3,50.60514862924824,34.0,5.7,38,hot,2017-08-15 14:00:00
position_190,-1520.81,-619.8652,1.5,15,34.0,46.97660895730448,33.6,7.7,37,hot,2017-08-15 15:00:00
position_190,-1520.81,-619.8652,1.5,16,31.8,42.110820012987716,32.6,7.2,40,warm,2017-08-15 16:00:00
position_190,-1520.81,-619.8652,1.5,17,28.3,35.50504545406475,30.0,7.7,58,warm,2017-08-15 17:00:00
position_190,-1520.81,-619.8652,1.5,18,25.9,28.951147813254344,28.8,6.7,64,comfortable,2017-08-15 18:00:00
position_190,-1520.81,-619.8652,1.5,19,24.1,23.465809041342986,26.8,5.1,80,comfortable,2017-08-15 19:00:00
position_190,-1520.81,-619.8652,1.5,20,26.3,22.491602124630052,25.8,2.1,85,warm,2017-08-15 20:00:00
position_190,-1520.81,-619.8652,1.5,21,26.1,22.02250297316386,25.4,2.1,89,warm,2017-08-15 21:00:00
position_190,-1520.81,-619.8652,1.5,22,25.0,21.630844857567027,25.0,2.6,90,comfortable,2017-08-15 22:00:00
position_190,-1520.81,-619.8652,1.5,23,25.0,21.630844857567027,25.0,2.6,90,comfortable,2017-08-15 23:00:00
position_191,-1520.81,-569.8652,1.5,0,23.9,20.80177516246164,23.0,0.5,77,comfortable,2017-08-15 00:00:00
position_191,-1520.81,-569.8652,1.5,1,23.5,20.403706979341973,22.6,0.5,78,comfortable,2017-08-15 01:00:00
position_191,-1520.81,-569.8652,1.5,2,23.0,19.956136238762216,22.2,0.5,78,comfortable,2017-08-15 02:00:00
position_191,-1520.81,-569.8652,1.5,3,19.1,19.032808491108753,21.3,2.6,74,comfortable,2017-08-15 03:00:00
position_191,-1520.81,-569.8652,1.5,4,15.3,18.056622910429297,20.4,4.1,71,comfortable,2017-08-15 04:00:00
position_191,-1520.81,-569.8652,1.5,5,20.6,18.056622910429297,20.4,0.5,71,comfortable,2017-08-15 05:00:00
position_191,-1520.81,-569.8652,1.5,6,20.9,19.57271301565086,20.6,1.0,73,comfortable,2017-08-15 06:00:00
position_191,-1520.81,-569.8652,1.5,7,24.4,25.364771267757686,23.0,1.0,69,comfortable,2017-08-15 07:00:00
position_191,-1520.81,-569.8652,1.5,8,28.6,31.093359710550594,25.8,0.5,69,warm,2017-08-15 08:00:00
position_191,-1520.81,-569.8652,1.5,9,30.1,35.72522717815609,28.0,1.5,55,warm,2017-08-15 09:00:00
position_191,-1520.81,-569.8652,1.5,10,32.3,39.61738653983851,30.0,1.5,47,hot,2017-08-15 10:00:00
position_191,-1520.81,-569.8652,1.5,11,33.1,42.673829193103664,31.6,2.6,41,hot,2017-08-15 11:00:00
position_191,-1520.81,-569.8652,1.5,12,33.6,45.11191137489303,33.4,5.1,37,hot,2017-08-15 12:00:00
position_191,-1520.81,-569.8652,1.5,13,35.1,45.52981944871451,34.4,5.1,41,hot,2017-08-15 13:00:00
position_191,-1520.81,-569.8652,1.5,14,33.9,43.974546818972854,34.0,5.7,38,hot,2017-08-15 14:00:00
position_191,-1520.81,-569.8652,1.5,15,32.9,41.63519530615401,33.6,7.7,37,hot,2017-08-15 15:00:00
position_191,-1520.81,-569.8652,1.5,16,31.0,38.31305452450291,32.6,7.2,40,warm,2017-08-15 16:00:00
position_191,-1520.81,-569.8652,1.5,17,27.9,33.30682578326482,30.0,7.7,58,warm,2017-08-15 17:00:00
position_191,-1520.81,-569.8652,1.5,18,25.9,28.890792980752686,28.8,6.7,64,comfortable,2017-08-15 18:00:00
position_191,-1520.81,-569.8652,1.5,19,24.4,24.797184815199934,26.8,5.1,80,comfortable,2017-08-15 19:00:00
position_191,-1520.81,-569.8652,1.5,20,26.6,23.812678462537686,25.8,2.1,85,warm,2017-08-15 20:00:00
position_191,-1520.81,-569.8652,1.5,21,26.5,23.371171292873644,25.4,2.1,89,warm,2017-08-15 21:00:00
position_191,-1520.81,-569.8652,1.5,22,25.3,22.976182179460427,25.0,2.6,90,comfortable,2017-08-15 22:00:00
position_191,-1520.81,-569.8652,1.5,23,25.3,22.976182179460427,25.0,2.6,90,comfortable,2017-08-15 23:00:00
position_192,-1520.81,-519.8652,1.5,0,24.2,21.75812037945709,23.0,0.5,77,comfortable,2017-08-15 00:00:00
position_192,-1520.81,-519.8652,1.5,1,23.8,21.359211752811326,22.6,0.5,78,comfortable,2017-08-15 01:00:00
position_192,-1520.81,-519.8652,1.5,2,23.3,20.932336825255557,22.2,0.5,78,comfortable,2017-08-15 02:00:00
position_192,-1520.81,-519.8652,1.5,3,19.4,20.019157893824485,21.3,2.6,74,comfortable,2017-08-15 03:00:00
position_192,-1520.81,-519.8652,1.5,4,15.6,19.0761171100023,20.4,4.1,71,comfortable,2017-08-15 04:00:00
position_192,-1520.81,-519.8652,1.5,5,20.9,19.0761171100023,20.4,0.5,71,comfortable,2017-08-15 05:00:00
position_192,-1520.81,-519.8652,1.5,6,21.1,20.019637723800436,20.6,1.0,73,comfortable,2017-08-15 06:00:00
position_192,-1520.81,-519.8652,1.5,7,24.1,24.335969457956978,23.0,1.0,69,comfortable,2017-08-15 07:00:00
position_192,-1520.81,-519.8652,1.5,8,28.0,28.79046550492858,25.8,0.5,69,warm,2017-08-15 08:00:00
position_192,-1520.81,-519.8652,1.5,9,29.2,32.36434073202434,28.0,1.5,55,warm,2017-08-15 09:00:00
position_192,-1520.81,-519.8652,1.5,10,31.2,35.43330970642839,30.0,1.5,47,warm,2017-08-15 10:00:00
position_192,-1520.81,-519.8652,1.5,11,32.0,37.856122013291824,31.6,2.6,41,hot,2017-08-15 11:00:00
position_192,-1520.81,-519.8652,1.5,12,32.5,40.01660436444347,33.4,5.1,37,hot,2017-08-15 12:00:00
position_192,-1520.81,-519.8652,1.5,13,34.0,40.687753517132876,34.4,5.1,41,hot,2017-08-15 13:00:00
position_192,-1520.81,-519.8652,1.5,14,33.0,39.635086187318784,34.0,5.7,38,hot,2017-08-15 14:00:00
position_192,-1520.81,-519.8652,1.5,15,32.2,38.13945616817305,33.6,7.7,37,hot,2017-08-15 15:00:00
position_192,-1520.81,-519.8652,1.5,16,30.5,35.8275706578658,32.6,7.2,40,warm,2017-08-15 16:00:00
position_192,-1520.81,-519.8652,1.5,17,27.6,31.868179941739353,30.0,7.7,58,warm,2017-08-15 17:00:00
position_192,-1520.81,-519.8652,1.5,18,25.9,28.85129318464592,28.8,6.7,64,comfortable,2017-08-15 18:00:00
position_192,-1520.81,-519.8652,1.5,19,24.6,25.66851639593774,26.8,5.1,80,comfortable,2017-08-15 19:00:00
position_192,-1520.81,-519.8652,1.5,20,26.9,24.677269479129254,25.8,2.1,85,warm,2017-08-15 20:00:00
position_192,-1520.81,-519.8652,1.5,21,26.7,24.253820145270435,25.4,2.1,89,warm,2017-08-15 21:00:00
position_192,-1520.81,-519.8652,1.5,22,25.5,23.85665102854803,25.0,2.6,90,comfortable,2017-08-15 22:00:00
position_192,-1520.81,-519.8652,1.5,23,25.5,23.85665102854803,25.0,2.6,90,comfortable,2017-08-15 23:00:00
position_193,-1520.81,-469.86519999999996,1.5,0,24.6,23.0,23.0,0.5,77,comfortable,2017-08-15 00:00:00
position_193,-1520.81,-469.86519999999996,1.5,1,24.2,22.6,22.6,0.5,78,comfortable,2017-08-15 01:00:00
position_193,-1520.81,-469.86519999999996,1.5,2,23.7,22.2,22.2,0.5,78,comfortable,2017-08-15 02:00:00
position_193,-1520.81,-469.86519999999996,1.5,3,19.8,21.3,21.3,2.6,74,comfortable,2017-08-15 03:00:00
position_193,-1520.81,-469.86519999999996,1.5,4,16.0,20.4,20.4,4.1,71,comfortable,2017-08-15 04:00:00
position_193,-1520.81,-469.86519999999996,1.5,5,21.4,20.4,20.4,0.5,71,comfortable,2017-08-15 05:00:00
position_193,-1520.81,-469.86519999999996,1.5,6,21.2,20.6,20.6,1.0,73,comfortable,2017-08-15 06:00:00
position_193,-1520.81,-469.86519999999996,1.5,7,23.7,23.0,23.0,1.0,69,comfortable,2017-08-15 07:00:00
position_193,-1520.81,-469.86519999999996,1.5,8,27.2,25.8,25.8,0.5,69,warm,2017-08-15 08:00:00
position_193,-1520.81,-469.86519999999996,1.5,9,28.0,28.0,28.0,1.5,55,warm,2017-08-15 09:00:00
position_193,-1520.81,-469.86519999999996,1.5,10,29.8,30.0,30.0,1.5,47,warm,2017-08-15 10:00:00
position_193,-1520.81,-469.86519999999996,1.5,11,30.5,31.6,31.6,2.6,41,warm,2017-08-15 11:00:00
position_193,-1520.81,-469.86519999999996,1.5,12,31.0,33.4,33.4,5.1,37,warm,2017-08-15 12:00:00
position_193,-1520.81,-469.86519999999996,1.5,13,32.7,34.4,34.4,5.1,41,hot,2017-08-15 13:00:00
position_193,-1520.81,-469.86519999999996,1.5,14,31.8,34.0,34.0,5.7,38,warm,2017-08-15 14:00:00
position_193,-1520.81,-469.86519999999996,1.5,15,31.3,33.6,33.6,7.7,37,warm,2017-08-15 15:00:00
position_193,-1520.81,-469.86519999999996,1.5,16,29.9,32.6,32.6,7.2,40,warm,2017-08-15 16:00:00
position_193,-1520.81,-469.86519999999996,1.5,17,27.2,30.0,30.0,7.7,58,warm,2017-08-15 17:00:00
position_193,-1520.81,-469.86519999999996,1.5,18,25.9,28.8,28.8,6.7,64,comfortable,2017-08-15 18:00:00
position_193,-1520.81,-469.86519999999996,1.5,19,24.8,26.8,26.8,5.1,80,comfortable,2017-08-15 19:00:00
position_193,-1520.81,-469.86519999999996,1.5,20,27.1,25.8,25.8,2.1,85,warm,2017-08-15 20:00:00
position_193,-1520.81,-469.86519999999996,1.5,21,27.0,25.4,25.4,2.1,89,warm,2017-08-15 21:00:00
position_193,-1520.81,-469.86519999999996,1.5,22,25.8,25.0,25.0,2.6,90,comfortable,2017-08-15 22:00:00
position_193,-1520.81,-469.86519999999996,1.5,23,25.8,25.0,25.0,2.6,90,comfortable,2017-08-15 23:00:00
position_194,-1520.81,-419.86519999999996,1.5,0,23.6,19.66952882085308,23.0,0.5,77,comfortable,2017-08-15 00:00:00
position_194,-1520.81,-419.86519999999996,1.5,1,23.2,19.2724556645196,22.6,0.5,78,comfortable,2017-08-15 01:00:00
position_194,-1520.81,-419.86519999999996,1.5,2,22.7,18.800382518148925,22.2,0.5,78,comfortable,2017-08-15 02:00:00
position_194,-1520.81,-419.86519999999996,1.5,3,18.8,17.865039276680836,21.3,2.6,74,comfortable,2017-08-15 03:00:00
position_194,-1520.81,-419.86519999999996,1.5,4,15.0,16.849612557636195,20.4,4.1,71,comfortable,2017-08-15 04:00:00
position_194,-1520.81,-419.86519999999996,1.5,5,20.2,16.849612557636195,20.4,0.5,71,comfortable,2017-08-15 05:00:00
position_194,-1520.81,-419.86519999999996,1.5,6,20.8,19.043585189439078,20.6,1.0,73,comfortable,2017-08-15 06:00:00
position_194,-1520.81,-419.86519999999996,1.5,7,24.7,26.58280118486936,23.0,1.0,69,comfortable,2017-08-15 07:00:00
position_194,-1520.81,-419.86519999999996,1.5,8,29.4,33.81982656905477,25.8,0.5,69,warm,2017-08-15 08:00:00
position_194,-1520.81,-419.86519999999996,1.5,9,31.1,39.7042833971538,28.0,1.5,55,warm,2017-08-15 09:00:00
position_194,-1520.81,-419.86519999999996,1.5,10,33.5,44.57104302647966,30.0,1.5,47,hot,2017-08-15 10:00:00
position_194,-1520.81,-419.86519999999996,1.5,11,34.5,48.37766001940371,31.6,2.6,41,hot,2017-08-15 11:00:00
position_194,-1520.81,-419.86519999999996,1.5,12,34.9,51.14440112799588,33.4,5.1,37,hot,2017-08-15 12:00:00
position_194,-1520.81,-419.86519999999996,1.5,13,36.3,51.262489345976974,34.4,5.1,41,hot,2017-08-15 13:00:00
position_194,-1520.81,-419.86519999999996,1.5,14,35.0,49.112166935044456,34.0,5.7,38,hot,2017-08-15 14:00:00
position_194,-1520.81,-419.86519999999996,1.5,15,33.7,45.77390775000537,33.6,7.7,37,hot,2017-08-15 15:00:00
position_194,-1520.81,-419.86519999999996,1.5,16,31.6,41.25569486516177,32.6,7.2,40,warm,2017-08-15 16:00:00
position_194,-1520.81,-419.86519999999996,1.5,17,28.2,35.01008258006785,30.0,7.7,58,warm,2017-08-15 17:00:00
position_194,-1520.81,-419.86519999999996,1.5,18,25.9,28.937557997026495,28.8,6.7,64,comfortable,2017-08-15 18:00:00
position_194,-1520.81,-419.86519999999996,1.5,19,24.1,23.765588716755627,26.8,5.1,80,comfortable,2017-08-15 19:00:00
position_194,-1520.81,-419.86519999999996,1.5,20,26.4,22.78906272407147,25.8,2.1,85,warm,2017-08-15 20:00:00
position_194,-1520.81,-419.86519999999996,1.5,21,26.2,22.326176330499074,25.4,2.1,89,warm,2017-08-15 21:00:00
position_194,-1520.81,-419.86519999999996,1.5,22,25.1,21.93376818965482,25.0,2.6,90,comfortable,2017-08-15 22:00:00
position_194,-1520.81,-419.86519999999996,1.5,23,25.1,21.93376818965482,25.0,2.6,90,comfortable,2017-08-15 23:00:00
position_195,-1520.81,-369.86519999999996,1.5,0,23.3,18.887483699131156,23.0,0.5,77,comfortable,2017-08-15 00:00:00
position_195,-1520.81,-369.86519999999996,1.5,1,22.9,18.49109781006057,22.6,0.5,78,comfortable,2017-08-15 01:00:00
position_195,-1520.81,-369.86519999999996,1.5,2,22.4,18.002100796316636,22.2,0.5,78,comfortable,2017-08-15 02:00:00
position_195,-1520.81,-369.86519999999996,1.5,3,18.5,17.058458425959813,21.3,2.6,74,comfortable,2017-08-15 03:00:00
position_195,-1520.81,-369.86519999999996,1.5,4,14.7,16.015927763452027,20.4,4.1,71,comfortable,2017-08-15 04:00:00
position_195,-1520.81,-369.86519999999996,1.5,5,20.0,16.015927763452027,20.4,0.5,71,comfortable,2017-08-15 05:00:00
position_195,-1520.81,-369.86519999999996,1.5,6,20.6,18.678115397177823,20.6,1.0,73,comfortable,2017-08-15 06:00:00
position_195,-1520.81,-369.86519999999996,1.5,7,25.0,27.42409721717561,23.0,1.0,69,comfortable,2017-08-15 07:00:00
position_195,-1520.81,-369.86519999999996,1.5,8,29.9,35.70300342542729,25.8,0.5,69,warm,2017-08-15 08:00:00
position_195,-1520.81,-369.86519999999996,1.5,9,31.8,42.45262657192934,28.0,1.5,55,warm,2017-08-15 09:00:00
position_195,-1520.81,-369.86519999999996,1.5,10,34.4,47.99254482136308,30.0,1.5,47,hot,2017-08-15 10:00:00
position_195,-1520.81,-369.86519999999996,1.5,11,35.5,52.31730893582054,31.6,2.6,41,hot,2017-08-15 11:00:00
position_195,-1520.81,-369.86519999999996,1.5,12,35.8,55.31105551219047,33.4,5.1,37,hot,2017-08-15 12:00:00
position_195,-1520.81,-369.86519999999996,1.5,13,37.1,55.222057474258165,34.4,5.1,41,hot,2017-08-15 13:00:00
position_195,-1520.81,-369.86519999999996,1.5,14,35.8,52.66073282692109,34.0,5.7,38,hot,2017-08-15 14:00:00
position_195,-1520.81,-369.86519999999996,1.5,15,34.3,48.63252584218268,33.6,7.7,37,hot,2017-08-15 15:00:00
position_195,-1520.81,-369.86519999999996,1.5,16,32.0,43.28818323701647,32.6,7.2,40,hot,2017-08-15 16:00:00
position_195,-1520.81,-369.86519999999996,1.5,17,28.5,36.18652592108774,30.0,7.7,58,warm,2017-08-15 17:00:00
position_195,-1520.81,-369.86519999999996,1.5,18,25.9,28.96985870006274,28.8,6.7,64,comfortable,2017-08-15 18:00:00
position_195,-1520.81,-369.86519999999996,1.5,19,24.0,23.053062946763202,26.8,5.1,80,comfortable,2017-08-15 19:00:00
position_195,-1520.81,-369.86519999999996,1.5,20,26.2,22.082049006855108,25.8,2.1,85,warm,2017-08-15 20:00:00
position_195,-1520.81,-369.86519999999996,1.5,21,26.0,21.604395934734676,25.4,2.1,89,warm,2017-08-15 21:00:00
position_195,-1520.81,-369.86519999999996,1.5,22,24.9,21.2137704775103,25.0,2.6,90,comfortable,2017-08-15 22:00:00
position_195,-1520.81,-369.86519999999996,1.5,23,24.9,21.2137704775103,25.0,2.6,90,comfortable,2017-08-15 23:00:00
position_196,-1520.81,-319.86519999999996,1.5,0,23.6,19.733095240313027,23.0,0.5,77,comfortable,2017-08-15 00:00:00
position_196,-1520.81,-319.86519999999996,1.5,1,23.2,19.335966221321623,22.6,0.5,78,comfortable,2017-08-15 01:00:00
position_196,-1520.81,-319.86519999999996,1.5,2,22.7,18.865268685670138,22.2,0.5,78,comfortable,2017-08-15 02:00:00
position_196,-1520.81,-319.86519999999996,1.5,3,18.8,17.930600016414626,21.3,2.6,74,comfortable,2017-08-15 03:00:00
position_196,-1520.81,-319.86519999999996,1.5,4,15.0,16.917376368000234,20.4,4.1,71,comfortable,2017-08-15 04:00:00
position_196,-1520.81,-319.86519999999996,1.5,5,20.2,16.917376368000234,20.4,0.5,71,comfortable,2017-08-15 05:00:00
position_196,-1520.81,-319.86519999999996,1.5,6,20.8,19.073291411586037,20.6,1.0,73,comfortable,2017-08-15 06:00:00
position_196,-1520.81,-319.86519999999996,1.5,7,24.7,26.51441871563048,23.0,1.0,69,comfortable,2017-08-15 07:00:00
position_196,-1520.81,-319.86519999999996,1.5,8,29.4,33.666757639085795,25.8,0.5,69,warm,2017-08-15 08:00:00
position_196,-1520.81,-319.86519999999996,1.5,9,31.0,39.480891766395985,28.0,1.5,55,warm,2017-08-15 09:00:00
position_196,-1520.81,-319.86519999999996,1.5,10,33.5,44.292935520613966,30.0,1.5,47,hot,2017-08-15 10:00:00
position_196,-1520.81,-319.86519999999996,1.5,11,34.4,48.05743632822529,31.6,2.6,41,hot,2017-08-15 11:00:00
position_196,-1520.81,-319.86519999999996,1.5,12,34.8,50.80572591223959,33.4,5.1,37,hot,2017-08-15 12:00:00
position_196,-1520.81,-319.86519999999996,1.5,13,36.2,50.940646575615645,34.4,5.1,41,hot,2017-08-15 13:00:00
position_196,-1520.81,-319.86519999999996,1.5,14,34.9,48.82373136822241,34.0,5.7,38,hot,2017-08-15 14:00:00
position_196,-1520.81,-319.86519999999996,1.5,15,33.7,45.54155272127887,33.6,7.7,37,hot,2017-08-15 15:00:00
position_196,-1520.81,-319.86519999999996,1.5,16,31.6,41.090489553084254,32.6,7.2,40,warm,2017-08-15 16:00:00
position_196,-1520.81,-319.86519999999996,1.5,17,28.2,34.91445856962524,30.0,7.7,58,warm,2017-08-15 17:00:00
position_196,-1520.81,-319.86519999999996,1.5,18,25.9,28.934932521870362,28.8,6.7,64,comfortable,2017-08-15 18:00:00
position_196,-1520.81,-319.86519999999996,1.5,19,24.1,23.8235044440114,26.8,5.1,80,comfortable,2017-08-15 19:00:00
position_196,-1520.81,-319.86519999999996,1.5,20,26.4,22.846530419047372,25.8,2.1,85,warm,2017-08-15 20:00:00
position_196,-1520.81,-319.86519999999996,1.5,21,26.2,22.38484429494351,25.4,2.1,89,warm,2017-08-15 21:00:00
position_196,-1520.81,-319.86519999999996,1.5,22,25.1,21.992291253489817,25.0,2.6,90,comfortable,2017-08-15 22:00:00
position_196,-1520.81,-319.86519999999996,1.5,23,25.1,21.992291253489817,25.0,2.6,90,comfortable,2017-08-15 23:00:00
position_197,-1520.81,-269.86519999999996,1.5,0,23.4,19.251228530510478,23.0,0.5,77,comfortable,2017-08-15 00:00:00
position_197,-1520.81,-269.86519999999996,1.5,1,23.1,18.854522979686738,22.6,0.5,78,comfortable,2017-08-15 01:00:00
position_197,-1520.81,-269.86519999999996,1.5,2,22.6,18.373397595229893,22.2,0.5,78,comfortable,2017-08-15 02:00:00
position_197,-1520.81,-269.86519999999996,1.5,3,18.6,17.43361531574811,21.3,2.6,74,comfortable,2017-08-15 03:00:00
position_197,-1520.81,-269.86519999999996,1.5,4,14.8,16.40369123957515,20.4,4.1,71,comfortable,2017-08-15 04:00:00
position_197,-1520.81,-269.86519999999996,1.5,5,20.1,16.40369123957515,20.4,0.5,71,comfortable,2017-08-15 05:00:00
position_197,-1520.81,-269.86519999999996,1.5,6,20.7,18.848102708993792,20.6,1.0,73,comfortable,2017-08-15 06:00:00
position_197,-1520.81,-269.86519999999996,1.5,7,24.9,27.032793601934674,23.0,1.0,69,comfortable,2017-08-15 07:00:00
position_197,-1520.81,-269.86519999999996,1.5,8,29.7,34.82710019548268,25.8,0.5,69,warm,2017-08-15 08:00:00
position_197,-1520.81,-269.86519999999996,1.5,9,31.5,41.174317179141255,28.0,1.5,55,warm,2017-08-15 09:00:00
position_197,-1520.81,-269.86519999999996,1.5,10,34.0,46.40113588743402,30.0,1.5,47,hot,2017-08-15 10:00:00
position_197,-1520.81,-269.86519999999996,1.5,11,35.0,50.48489940983246,31.6,2.6,41,hot,2017-08-15 11:00:00
position_197,-1520.81,-269.86519999999996,1.5,12,35.4,53.373061201762845,33.4,5.1,37,hot,2017-08-15 12:00:00
position_197,-1520.81,-269.86519999999996,1.5,13,36.7,53.380383124336575,34.4,5.1,41,hot,2017-08-15 13:00:00
position_197,-1520.81,-269.86519999999996,1.5,14,35.4,51.0102238394895,34.0,5.7,38,hot,2017-08-15 14:00:00
position_197,-1520.81,-269.86519999999996,1.5,15,34.0,47.302925379197326,33.6,7.7,37,hot,2017-08-15 15:00:00
position_197,-1520.81,-269.86519999999996,1.5,16,31.8,42.34283223415759,32.6,7.2,40,warm,2017-08-15 16:00:00
position_197,-1520.81,-269.86519999999996,1.5,17,28.4,35.6393385877477,30.0,7.7,58,warm,2017-08-15 17:00:00
position_197,-1520.81,-269.86519999999996,1.5,18,25.9,28.954834996886277,28.8,6.7,64,comfortable,2017-08-15 18:00:00
position_197,-1520.81,-269.86519999999996,1.5,19,24.0,23.38447293687816,26.8,5.1,80,comfortable,2017-08-15 19:00:00
position_197,-1520.81,-269.86519999999996,1.5,20,26.3,22.410895230952107,25.8,2.1,85,warm,2017-08-15 20:00:00
position_197,-1520.81,-269.86519999999996,1.5,21,26.1,21.94011043644034,25.4,2.1,89,warm,2017-08-15 21:00:00
position_197,-1520.81,-269.86519999999996,1.5,22,25.0,21.54865581740074,25.0,2.6,90,comfortable,2017-08-15 22:00:00
position_197,-1520.81,-269.86519999999996,1.5,23,25.0,21.54865581740074,25.0,2.6,90,comfortable,2017-08-15 23:00:00
position_198,-1520.81,-219.86519999999996,1.5,0,23.4,19.154131918648105,23.0,0.5,77,comfortable,2017-08-15 00:00:00
position_198,-1520.81,-219.86519999999996,1.5,1,23.0,18.75751169707305,22.6,0.5,78,comfortable,2017-08-15 01:00:00
position_198,-1520.81,-219.86519999999996,1.5,2,22.5,18.2742850909144,22.2,0.5,78,comfortable,2017-08-15 02:00:00
position_198,-1520.81,-219.86519999999996,1.5,3,18.6,17.333472413986073,21.3,2.6,74,comfortable,2017-08-15 03:00:00
position_198,-1520.81,-219.86519999999996,1.5,4,14.8,16.300183185336248,20.4,4.1,71,comfortable,2017-08-15 04:00:00
position_198,-1520.81,-219.86519999999996,1.5,5,20.0,16.300183185336248,20.4,0.5,71,comfortable,2017-08-15 05:00:00
position_198,-1520.81,-219.86519999999996,1.5,6,20.7,18.802726965854475,20.6,1.0,73,comfortable,2017-08-15 06:00:00
position_198,-1520.81,-219.86519999999996,1.5,7,24.9,27.137246646958893,23.0,1.0,69,comfortable,2017-08-15 07:00:00
position_198,-1520.81,-219.86519999999996,1.5,8,29.7,35.060910351971856,25.8,0.5,69,warm,2017-08-15 08:00:00
position_198,-1520.81,-219.86519999999996,1.5,9,31.6,41.515544050959356,28.0,1.5,55,warm,2017-08-15 09:00:00
position_198,-1520.81,-219.86519999999996,1.5,10,34.1,46.82594031691849,30.0,1.5,47,hot,2017-08-15 10:00:00
position_198,-1520.81,-219.86519999999996,1.5,11,35.1,50.97403558763902,31.6,2.6,41,hot,2017-08-15 11:00:00
position_198,-1520.81,-219.86519999999996,1.5,12,35.5,53.89038176584487,33.4,5.1,37,hot,2017-08-15 12:00:00
position_198,-1520.81,-219.86519999999996,1.5,13,36.8,53.87199241773364,34.4,5.1,41,hot,2017-08-15 13:00:00
position_198,-1520.81,-219.86519999999996,1.5,14,35.5,51.45080420435763,34.0,5.7,38,hot,2017-08-15 14:00:00
position_198,-1520.81,-219.86519999999996,1.5,15,34.1,47.6578436871688,33.6,7.7,37,hot,2017-08-15 15:00:00
position_198,-1520.81,-219.86519999999996,1.5,16,31.9,42.59518050547246,32.6,7.2,40,warm,2017-08-15 16:00:00
position_198,-1520.81,-219.86519999999996,1.5,17,28.4,35.78540261818314,30.0,7.7,58,warm,2017-08-15 17:00:00
position_198,-1520.81,-219.86519999999996,1.5,18,25.9,28.958845365007598,28.8,6.7,64,comfortable,2017-08-15 18:00:00
position_198,-1520.81,-219.86519999999996,1.5,19,24.0,23.2960076601195,26.8,5.1,80,comfortable,2017-08-15 19:00:00
position_198,-1520.81,-219.86519999999996,1.5,20,26.3,22.32311431579113,25.8,2.1,85,warm,2017-08-15 20:00:00
position_198,-1520.81,-219.86519999999996,1.5,21,26.1,21.850496130320643,25.4,2.1,89,warm,2017-08-15 21:00:00
position_198,-1520.81,-219.86519999999996,1.5,22,24.9,21.459262844468483,25.0,2.6,90,comfortable,2017-08-15 22:00:00
position_198,-1520.81,-219.86519999999996,1.5,23,24.9,21.459262844468483,25.0,2.6,90,comfortable,2017-08-15 23:00:00
position_199,-1520.81,-169.86519999999996,1.5,0,23.3,18.639585630383195,23.0,0.5,77,comfortable,2017-08-15 00:00:00
position_199,-1520.81,-169.86519999999996,1.5,1,22.9,18.243417596040494,22.6,0.5,78,comfortable,2017-08-15 01:00:00
position_199,-1520.81,-169.86519999999996,1.5,2,22.4,17.74905593782651,22.2,0.5,78,comfortable,2017-08-15 02:00:00
position_199,-1520.81,-169.86519999999996,1.5,3,18.4,16.80278285222492,21.3,2.6,74,comfortable,2017-08-15 03:00:00
position_199,-1520.81,-169.86519999999996,1.5,4,14.6,15.75166059435602,20.4,4.1,71,comfortable,2017-08-15 04:00:00
position_199,-1520.81,-169.86519999999996,1.5,5,19.9,15.75166059435602,20.4,0.5,71,comfortable,2017-08-15 05:00:00
position_199,-1520.81,-169.86519999999996,1.5,6,20.6,18.562266256033894,20.6,1.0,73,comfortable,2017-08-15 06:00:00
position_199,-1520.81,-169.86519999999996,1.5,7,25.1,27.690777049145968,23.0,1.0,69,comfortable,2017-08-15 07:00:00
position_199,-1520.81,-169.86519999999996,1.5,8,30.1,36.29994584324803,25.8,0.5,69,warm,2017-08-15 08:00:00
position_199,-1520.81,-169.86519999999996,1.5,9,32.0,43.323815390016165,28.0,1.5,55,hot,2017-08-15 09:00:00
position_199,-1520.81,-169.86519999999996,1.5,10,34.7,49.07711611221358,30.0,1.5,47,hot,2017-08-15 10:00:00
position_199,-1520.81,-169.86519999999996,1.5,11,35.8,53.566126083064376,31.6,2.6,41,hot,2017-08-15 11:00:00
position_199,-1520.81,-169.86519999999996,1.5,12,36.1,56.63183042183734,33.4,5.1,37,hot,2017-08-15 12:00:00
position_199,-1520.81,-169.86519999999996,1.5,13,37.4,56.47718875097484,34.4,5.1,41,hot,2017-08-15 13:00:00
position_199,-1520.81,-169.86519999999996,1.5,14,36.0,53.78558177359593,34.0,5.7,38,hot,2017-08-15 14:00:00
position_199,-1520.81,-169.86519999999996,1.5,15,34.5,49.53867036588793,33.6,7.7,37,hot,2017-08-15 15:00:00
position_199,-1520.81,-169.86519999999996,1.5,16,32.2,43.932455451164515,32.6,7.2,40,hot,2017-08-15 16:00:00
position_199,-1520.81,-169.86519999999996,1.5,17,28.5,36.55944306375605,30.0,7.7,58,warm,2017-08-15 17:00:00
position_199,-1520.81,-169.86519999999996,1.5,18,25.9,28.980097600197112,28.8,6.7,64,comfortable,2017-08-15 18:00:00
position_199,-1520.81,-169.86519999999996,1.5,19,23.9,22.82720160269477,26.8,5.1,80,comfortable,2017-08-15 19:00:00
position_199,-1520.81,-169.86519999999996,1.5,20,26.1,21.85793491137895,25.8,2.1,85,warm,2017-08-15 20:00:00
position_199,-1520.81,-169.86519999999996,1.5,21,26.0,21.375600995414338,25.4,2.1,89,warm,2017-08-15 21:00:00
position_199,-1520.81,-169.86519999999996,1.5,22,24.8,20.985540625567005,25.0,2.6,90,comfortable,2017-08-15 22:00:00
position_199,-1520.81,-169.86519999999996,1.5,23,24.8,20.985540625567005,25.0,2.6,90,comfortable,2017-08-15 23:00:00
position_200,-1470.81,-619.8652,1.5,0,23.3,18.79280624152834,23.0,0.5,77,comfortable,2017-08-15 00:00:00
position_200,-1470.81,-619.8652,1.5,1,22.9,18.396503555735077,22.6,0.5,78,comfortable,2017-08-15 01:00:00
position_200,-1470.81,-619.8652,1.5,2,22.4,17.905457672058706,22.2,0.5,78,comfortable,2017-08-15 02:00:00
position_200,-1470.81,-619.8652,1.5,3,18.5,16.96081057652468,21.3,2.6,74,comfortable,2017-08-15 03:00:00
position_200,-1470.81,-619.8652,1.5,4,14.7,15.914998604042793,20.4,4.1,71,comfortable,2017-08-15 04:00:00
position_200,-1470.81,-619.8652,1.5,5,19.9,15.914998604042793,20.4,0.5,71,comfortable,2017-08-15 05:00:00
position_200,-1470.81,-619.8652,1.5,6,20.6,18.633870187021994,20.6,1.0,73,comfortable,2017-08-15 06:00:00
position_200,-1470.81,-619.8652,1.5,7,25.0,27.525947823000905,23.0,1.0,69,comfortable,2017-08-15 07:00:00
position_200,-1470.81,-619.8652,1.5,8,30.0,35.930988220710255,25.8,0.5,69,warm,2017-08-15 08:00:00
position_200,-1470.81,-619.8652,1.5,9,31.9,42.7853518037355,28.0,1.5,55,warm,2017-08-15 09:00:00
position_200,-1470.81,-619.8652,1.5,10,34.5,48.40676528272187,30.0,1.5,47,hot,2017-08-15 10:00:00
position_200,-1470.81,-619.8652,1.5,11,35.6,52.794258325176465,31.6,2.6,41,hot,2017-08-15 11:00:00
position_200,-1470.81,-619.8652,1.5,12,35.9,55.815487076109164,33.4,5.1,37,hot,2017-08-15 12:00:00
position_200,-1470.81,-619.8652,1.5,13,37.2,55.70141836172894,34.4,5.1,41,hot,2017-08-15 13:00:00
position_200,-1470.81,-619.8652,1.5,14,35.8,53.09033616750483,34.0,5.7,38,hot,2017-08-15 14:00:00
position_200,-1470.81,-619.8652,1.5,15,34.4,48.97860138911384,33.6,7.7,37,hot,2017-08-15 15:00:00
position_200,-1470.81,-619.8652,1.5,16,32.1,43.534244271488234,32.6,7.2,40,hot,2017-08-15 16:00:00
position_200,-1470.81,-619.8652,1.5,17,28.5,36.328950777976154,30.0,7.7,58,warm,2017-08-15 17:00:00
position_200,-1470.81,-619.8652,1.5,18,25.9,28.973769150185518,28.8,6.7,64,comfortable,2017-08-15 18:00:00
position_200,-1470.81,-619.8652,1.5,19,24.0,22.96680177524558,26.8,5.1,80,comfortable,2017-08-15 19:00:00
position_200,-1470.81,-619.8652,1.5,20,26.2,21.99645514612112,25.8,2.1,85,warm,2017-08-15 20:00:00
position_200,-1470.81,-619.8652,1.5,21,26.0,21.51701436182995,25.4,2.1,89,warm,2017-08-15 21:00:00
position_200,-1470.81,-619.8652,1.5,22,24.8,21.12660472329449,25.0,2.6,90,comfortable,2017-08-15 22:00:00
position_200,-1470.81,-619.8652,1.5,23,24.8,21.12660472329449,25.0,2.6,90,comfortable,2017-08-15 23:00:00
position_201,-1470.81,-569.8652,1.5,0,23.7,20.102284148059926,23.0,0.5,77,comfortable,2017-08-15 00:00:00
position_201,-1470.81,-569.8652,1.5,1,23.3,19.70483068301922,22.6,0.5,78,comfortable,2017-08-15 01:00:00
position_201,-1470.81,-569.8652,1.5,2,22.8,19.242122589328105,22.2,0.5,78,comfortable,2017-08-15 02:00:00
position_201,-1470.81,-569.8652,1.5,3,18.9,18.31137178394589,21.3,2.6,74,comfortable,2017-08-15 03:00:00
position_201,-1470.81,-569.8652,1.5,4,15.1,17.31094340143733,20.4,4.1,71,comfortable,2017-08-15 04:00:00
position_201,-1470.81,-569.8652,1.5,5,20.4,17.31094340143733,20.4,0.5,71,comfortable,2017-08-15 05:00:00
position_201,-1470.81,-569.8652,1.5,6,20.8,19.24582288025927,20.6,1.0,73,comfortable,2017-08-15 06:00:00
position_201,-1470.81,-569.8652,1.5,7,24.6,26.117258558713875,23.0,1.0,69,comfortable,2017-08-15 07:00:00
position_201,-1470.81,-569.8652,1.5,8,29.1,32.77774498829706,25.8,0.5,69,warm,2017-08-15 08:00:00
position_201,-1470.81,-569.8652,1.5,9,30.7,38.183450242082245,28.0,1.5,55,warm,2017-08-15 09:00:00
position_201,-1470.81,-569.8652,1.5,10,33.1,42.6777083739683,30.0,1.5,47,hot,2017-08-15 10:00:00
position_201,-1470.81,-569.8652,1.5,11,34.0,46.1976015949612,31.6,2.6,41,hot,2017-08-15 11:00:00
position_201,-1470.81,-569.8652,1.5,12,34.4,48.83872613392424,33.4,5.1,37,hot,2017-08-15 12:00:00
position_201,-1470.81,-569.8652,1.5,13,35.8,49.07140835415486,34.4,5.1,41,hot,2017-08-15 13:00:00
position_201,-1470.81,-569.8652,1.5,14,34.6,47.14851963260638,34.0,5.7,38,hot,2017-08-15 14:00:00
position_201,-1470.81,-569.8652,1.5,15,33.4,44.19205246636682,33.6,7.7,37,hot,2017-08-15 15:00:00
position_201,-1470.81,-569.8652,1.5,16,31.4,40.130989722229074,32.6,7.2,40,warm,2017-08-15 16:00:00
position_201,-1470.81,-569.8652,1.5,17,28.1,34.35908162265199,30.0,7.7,58,warm,2017-08-15 17:00:00
position_201,-1470.81,-569.8652,1.5,18,25.9,28.919683962749946,28.8,6.7,64,comfortable,2017-08-15 18:00:00
position_201,-1470.81,-569.8652,1.5,19,24.2,24.159874563149565,26.8,5.1,80,comfortable,2017-08-15 19:00:00
position_201,-1470.81,-569.8652,1.5,20,26.5,23.18029840093371,25.8,2.1,85,warm,2017-08-15 20:00:00
position_201,-1470.81,-569.8652,1.5,21,26.3,22.725583350202438,25.4,2.1,89,warm,2017-08-15 21:00:00
position_201,-1470.81,-569.8652,1.5,22,25.2,22.33218873707954,25.0,2.6,90,comfortable,2017-08-15 22:00:00
position_201,-1470.81,-569.8652,1.5,23,25.2,22.33218873707954,25.0,2.6,90,comfortable,2017-08-15 23:00:00
position_202,-1470.81,-519.8652,1.5,0,23.8,20.284149116289253,23.0,0.5,77,comfortable,2017-08-15 00:00:00
position_202,-1470.81,-519.8652,1.5,1,23.4,19.886535826916855,22.6,0.5,78,comfortable,2017-08-15 01:00:00
position_202,-1470.81,-519.8652,1.5,2,22.9,19.42776338670233,22.2,0.5,78,comfortable,2017-08-15 02:00:00
position_202,-1470.81,-519.8652,1.5,3,18.9,18.498942547724557,21.3,2.6,74,comfortable,2017-08-15 03:00:00
position_202,-1470.81,-519.8652,1.5,4,15.1,17.50481720027101,20.4,4.1,71,comfortable,2017-08-15 04:00:00
position_202,-1470.81,-519.8652,1.5,5,20.4,17.50481720027101,20.4,0.5,71,comfortable,2017-08-15 05:00:00
position_202,-1470.81,-519.8652,1.5,6,20.8,19.33081305577756,20.6,1.0,73,comfortable,2017-08-15 06:00:00
position_202,-1470.81,-519.8652,1.5,7,24.5,25.921614762803546,23.0,1.0,69,comfortable,2017-08-15 07:00:00
position_202,-1470.81,-519.8652,1.5,8,29.0,32.33981130692544,25.8,0.5,69,warm,2017-08-15 08:00:00
position_202,-1470.81,-519.8652,1.5,9,30.5,37.54432171831712,28.0,1.5,55,warm,2017-08-15 09:00:00
position_202,-1470.81,-519.8652,1.5,10,32.8,41.882036490160665,30.0,1.5,47,hot,2017-08-15 10:00:00
position_202,-1470.81,-519.8652,1.5,11,33.8,45.28143434946866,31.6,2.6,41,hot,2017-08-15 11:00:00
position_202,-1470.81,-519.8652,1.5,12,34.2,47.86976865799796,33.4,5.1,37,hot,2017-08-15 12:00:00
position_202,-1470.81,-519.8652,1.5,13,35.6,48.15060888638736,34.4,5.1,41,hot,2017-08-15 13:00:00
position_202,-1470.81,-519.8652,1.5,14,34.4,46.323298932086125,34.0,5.7,38,hot,2017-08-15 14:00:00
position_202,-1470.81,-519.8652,1.5,15,33.3,43.5272794576574,33.6,7.7,37,hot,2017-08-15 15:00:00
position_202,-1470.81,-519.8652,1.5,16,31.3,39.65833357630242,32.6,7.2,40,warm,2017-08-15 16:00:00
position_202,-1470.81,-519.8652,1.5,17,28.0,34.08549915931906,30.0,7.7,58,warm,2017-08-15 17:00:00
position_202,-1470.81,-519.8652,1.5,18,25.9,28.912172418763152,28.8,6.7,64,comfortable,2017-08-15 18:00:00
position_202,-1470.81,-519.8652,1.5,19,24.3,24.325572772783463,26.8,5.1,80,comfortable,2017-08-15 19:00:00
position_202,-1470.81,-519.8652,1.5,20,26.5,23.344714780050225,25.8,2.1,85,warm,2017-08-15 20:00:00
position_202,-1470.81,-519.8652,1.5,21,26.3,22.89343372749936,25.4,2.1,89,warm,2017-08-15 21:00:00
position_202,-1470.81,-519.8652,1.5,22,25.2,22.499624550445446,25.0,2.6,90,comfortable,2017-08-15 22:00:00
position_202,-1470.81,-519.8652,1.5,23,25.2,22.499624550445446,25.0,2.6,90,comfortable,2017-08-15 23:00:00
position_203,-1470.81,-469.86519999999996,1.5,0,24.0,21.200258298265545,23.0,0.5,77,comfortable,2017-08-15 00:00:00
position_203,-1470.81,-469.86519999999996,1.5,1,23.6,20.801839925103835,22.6,0.5,78,comfortable,2017-08-15 01:00:00
position_203,-1470.81,-469.86519999999996,1.5,2,23.2,20.36289256897276,22.2,0.5,78,comfortable,2017-08-15 02:00:00
position_203,-1470.81,-469.86519999999996,1.5,3,19.2,19.443793558015134,21.3,2.6,74,comfortable,2017-08-15 03:00:00
position_203,-1470.81,-469.86519999999996,1.5,4,15.4,18.481418515991127,20.4,4.1,71,comfortable,2017-08-15 04:00:00
position_203,-1470.81,-469.86519999999996,1.5,5,20.7,18.481418515991127,20.4,0.5,71,comfortable,2017-08-15 05:00:00
position_203,-1470.81,-469.86519999999996,1.5,6,21.0,19.75893443026848,20.6,1.0,73,comfortable,2017-08-15 06:00:00
position_203,-1470.81,-469.86519999999996,1.5,7,24.2,24.93609743324206,23.0,1.0,69,comfortable,2017-08-15 07:00:00
position_203,-1470.81,-469.86519999999996,1.5,8,28.4,30.13380610148469,25.8,0.5,69,warm,2017-08-15 08:00:00
position_203,-1470.81,-469.86519999999996,1.5,9,29.7,34.32483687313322,28.0,1.5,55,warm,2017-08-15 09:00:00
position_203,-1470.81,-469.86519999999996,1.5,10,31.8,37.87399510817554,30.0,1.5,47,warm,2017-08-15 10:00:00
position_203,-1470.81,-469.86519999999996,1.5,11,32.6,40.666421166922746,31.6,2.6,41,hot,2017-08-15 11:00:00
position_203,-1470.81,-469.86519999999996,1.5,12,33.1,42.988835021997744,33.4,5.1,37,hot,2017-08-15 12:00:00
position_203,-1470.81,-469.86519999999996,1.5,13,34.6,43.51226179077196,34.4,5.1,41,hot,2017-08-15 13:00:00
position_203,-1470.81,-469.86519999999996,1.5,14,33.5,42.166411169346524,34.0,5.7,38,hot,2017-08-15 14:00:00
position_203,-1470.81,-469.86519999999996,1.5,15,32.6,40.178615538827465,33.6,7.7,37,hot,2017-08-15 15:00:00
position_203,-1470.81,-469.86519999999996,1.5,16,30.8,37.27742075171197,32.6,7.2,40,warm,2017-08-15 16:00:00
position_203,-1470.81,-469.86519999999996,1.5,17,27.7,32.707381047143926,30.0,7.7,58,warm,2017-08-15 17:00:00
position_203,-1470.81,-469.86519999999996,1.5,18,25.9,28.874334486124887,28.8,6.7,64,comfortable,2017-08-15 18:00:00
position_203,-1470.81,-469.86519999999996,1.5,19,24.4,25.16024507257039,26.8,5.1,80,comfortable,2017-08-15 19:00:00
position_203,-1470.81,-469.86519999999996,1.5,20,26.7,24.17293010949179,25.8,2.1,85,warm,2017-08-15 20:00:00
position_203,-1470.81,-469.86519999999996,1.5,21,26.5,23.738947150656244,25.4,2.1,89,warm,2017-08-15 21:00:00
position_203,-1470.81,-469.86519999999996,1.5,22,25.4,23.34304968894027,25.0,2.6,90,comfortable,2017-08-15 22:00:00
position_203,-1470.81,-469.86519999999996,1.5,23,25.4,23.34304968894027,25.0,2.6,90,comfortable,2017-08-15 23:00:00
position_204,-1470.81,-419.86519999999996,1.5,0,23.4,19.162406112771997,23.0,0.5,77,comfortable,2017-08-15 00:00:00
position_204,-1470.81,-419.86519999999996,1.5,1,23.0,18.765778619771556,22.6,0.5,78,comfortable,2017-08-15 01:00:00
position_204,-1470.81,-419.86519999999996,1.5,2,22.5,18.28273107152157,22.2,0.5,78,comfortable,2017-08-15 02:00:00
position_204,-1470.81,-419.86519999999996,1.5,3,18.6,17.34200620104018,21.3,2.6,74,comfortable,2017-08-15 03:00:00
position_204,-1470.81,-419.86519999999996,1.5,4,14.8,16.309003737544323,20.4,4.1,71,comfortable,2017-08-15 04:00:00
position_204,-1470.81,-419.86519999999996,1.5,5,20.0,16.309003737544323,20.4,0.5,71,comfortable,2017-08-15 05:00:00
position_204,-1470.81,-419.86519999999996,1.5,6,20.7,18.806593709503396,20.6,1.0,73,comfortable,2017-08-15 06:00:00
position_204,-1470.81,-419.86519999999996,1.5,7,24.9,27.128345566326058,23.0,1.0,69,comfortable,2017-08-15 07:00:00
position_204,-1470.81,-419.86519999999996,1.5,8,29.7,35.04098596340852,25.8,0.5,69,warm,2017-08-15 08:00:00
position_204,-1470.81,-419.86519999999996,1.5,9,31.6,41.48646602935224,28.0,1.5,55,warm,2017-08-15 09:00:00
position_204,-1470.81,-419.86519999999996,1.5,10,34.1,46.7897401421974,30.0,1.5,47,hot,2017-08-15 10:00:00
position_204,-1470.81,-419.86519999999996,1.5,11,35.1,50.932353312526004,31.6,2.6,41,hot,2017-08-15 11:00:00
position_204,-1470.81,-419.86519999999996,1.5,12,35.5,53.846297727386734,33.4,5.1,37,hot,2017-08-15 12:00:00
position_204,-1470.81,-419.86519999999996,1.5,13,36.8,53.830099393366915,34.4,5.1,41,hot,2017-08-15 13:00:00
position_204,-1470.81,-419.86519999999996,1.5,14,35.5,51.4132596660244,34.0,5.7,38,hot,2017-08-15 14:00:00
position_204,-1470.81,-419.86519999999996,1.5,15,34.1,47.627598934834474,33.6,7.7,37,hot,2017-08-15 15:00:00
position_204,-1470.81,-419.86519999999996,1.5,16,31.9,42.57367637115058,32.6,7.2,40,warm,2017-08-15 16:00:00
position_204,-1470.81,-419.86519999999996,1.5,17,28.4,35.7729556118545,30.0,7.7,58,warm,2017-08-15 17:00:00
position_204,-1470.81,-419.86519999999996,1.5,18,25.9,28.95850361709583,28.8,6.7,64,comfortable,2017-08-15 18:00:00
position_204,-1470.81,-419.86519999999996,1.5,19,24.0,23.30354632556915,26.8,5.1,80,comfortable,2017-08-15 19:00:00
position_204,-1470.81,-419.86519999999996,1.5,20,26.3,22.330594662617692,25.8,2.1,85,warm,2017-08-15 20:00:00
position_204,-1470.81,-419.86519999999996,1.5,21,26.1,21.858132711565755,25.4,2.1,89,warm,2017-08-15 21:00:00
position_204,-1470.81,-419.86519999999996,1.5,22,24.9,21.466880564563617,25.0,2.6,90,comfortable,2017-08-15 22:00:00
position_204,-1470.81,-419.86519999999996,1.5,23,24.9,21.466880564563617,25.0,2.6,90,comfortable,2017-08-15 23:00:00
position_205,-1470.81,-369.86519999999996,1.5,0,23.3,18.700873874841253,23.0,0.5,77,comfortable,2017-08-15 00:00:00
position_205,-1470.81,-369.86519999999996,1.5,1,22.9,18.304651979918326,22.6,0.5,78,comfortable,2017-08-15 01:00:00
position_205,-1470.81,-369.86519999999996,1.5,2,22.4,17.811616631519385,22.2,0.5,78,comfortable,2017-08-15 02:00:00
position_205,-1470.81,-369.86519999999996,1.5,3,18.5,16.865993941944822,21.3,2.6,74,comfortable,2017-08-15 03:00:00
position_205,-1470.81,-369.86519999999996,1.5,4,14.7,15.816995798230728,20.4,4.1,71,comfortable,2017-08-15 04:00:00
position_205,-1470.81,-369.86519999999996,1.5,5,19.9,15.816995798230728,20.4,0.5,71,comfortable,2017-08-15 05:00:00
position_205,-1470.81,-369.86519999999996,1.5,6,20.6,18.59090782842913,20.6,1.0,73,comfortable,2017-08-15 06:00:00
position_205,-1470.81,-369.86519999999996,1.5,7,25.0,27.624845358687942,23.0,1.0,69,comfortable,2017-08-15 07:00:00
position_205,-1470.81,-369.86519999999996,1.5,8,30.0,36.15236279423293,25.8,0.5,69,warm,2017-08-15 08:00:00
position_205,-1470.81,-369.86519999999996,1.5,9,32.0,43.1084299555039,28.0,1.5,55,hot,2017-08-15 09:00:00
position_205,-1470.81,-369.86519999999996,1.5,10,34.6,48.808975780416894,30.0,1.5,47,hot,2017-08-15 10:00:00
position_205,-1470.81,-369.86519999999996,1.5,11,35.7,53.257378979909205,31.6,2.6,41,hot,2017-08-15 11:00:00
position_205,-1470.81,-369.86519999999996,1.5,12,36.0,56.305293083546076,33.4,5.1,37,hot,2017-08-15 12:00:00
position_205,-1470.81,-369.86519999999996,1.5,13,37.3,56.166880595276496,34.4,5.1,41,hot,2017-08-15 13:00:00
position_205,-1470.81,-369.86519999999996,1.5,14,35.9,53.5074835311595,34.0,5.7,38,hot,2017-08-15 14:00:00
position_205,-1470.81,-369.86519999999996,1.5,15,34.4,49.3146427751783,33.6,7.7,37,hot,2017-08-15 15:00:00
position_205,-1470.81,-369.86519999999996,1.5,16,32.1,43.773170979294,32.6,7.2,40,hot,2017-08-15 16:00:00
position_205,-1470.81,-369.86519999999996,1.5,17,28.5,36.467246149444094,30.0,7.7,58,warm,2017-08-15 17:00:00
position_205,-1470.81,-369.86519999999996,1.5,18,25.9,28.977566220192475,28.8,6.7,64,comfortable,2017-08-15 18:00:00
position_205,-1470.81,-369.86519999999996,1.5,19,23.9,22.883041671715095,26.8,5.1,80,comfortable,2017-08-15 19:00:00
position_205,-1470.81,-369.86519999999996,1.5,20,26.2,21.913343005275816,25.8,2.1,85,warm,2017-08-15 20:00:00
position_205,-1470.81,-369.86519999999996,1.5,21,26.0,21.432166341980583,25.4,2.1,89,warm,2017-08-15 21:00:00
position_205,-1470.81,-369.86519999999996,1.5,22,24.8,21.041966264657997,25.0,2.6,90,comfortable,2017-08-15 22:00:00
position_205,-1470.81,-369.86519999999996,1.5,23,24.8,21.041966264657997,25.0,2.6,90,comfortable,2017-08-15 23:00:00
position_206,-1470.81,-319.86519999999996,1.5,0,23.3,18.732205732549318,23.0,0.5,77,comfortable,2017-08-15 00:00:00
position_206,-1470.81,-319.86519999999996,1.5,1,22.9,18.335956302949057,22.6,0.5,78,comfortable,2017-08-15 01:00:00
position_206,-1470.81,-319.86519999999996,1.5,2,22.4,17.84359899241479,22.2,0.5,78,comfortable,2017-08-15 02:00:00
position_206,-1470.81,-319.86519999999996,1.5,3,18.5,16.89830879916073,21.3,2.6,74,comfortable,2017-08-15 03:00:00
position_206,-1470.81,-319.86519999999996,1.5,4,14.7,15.850396547905177,20.4,4.1,71,comfortable,2017-08-15 04:00:00
position_206,-1470.81,-319.86519999999996,1.5,5,19.9,15.850396547905177,20.4,0.5,71,comfortable,2017-08-15 05:00:00
position_206,-1470.81,-319.86519999999996,1.5,6,20.6,18.605550011098227,20.6,1.0,73,comfortable,2017-08-15 06:00:00
position_206,-1470.81,-319.86519999999996,1.5,7,25.0,27.591139672350376,23.0,1.0,69,comfortable,2017-08-15 07:00:00
position_206,-1470.81,-319.86519999999996,1.5,8,30.0,36.07691519196021,25.8,0.5,69,warm,2017-08-15 08:00:00
position_206,-1470.81,-319.86519999999996,1.5,9,32.0,42.998320327691886,28.0,1.5,55,hot,2017-08-15 09:00:00
position_206,-1470.81,-319.86519999999996,1.5,10,34.6,48.671896723969176,30.0,1.5,47,hot,2017-08-15 10:00:00
position_206,-1470.81,-319.86519999999996,1.5,11,35.7,53.099540875891456,31.6,2.6,41,hot,2017-08-15 11:00:00
position_206,-1470.81,-319.86519999999996,1.5,12,36.0,56.13836023190085,33.4,5.1,37,hot,2017-08-15 12:00:00
position_206,-1470.81,-319.86519999999996,1.5,13,37.3,56.00824444790489,34.4,5.1,41,hot,2017-08-15 13:00:00
position_206,-1470.81,-319.86519999999996,1.5,14,35.9,53.36531377841278,34.0,5.7,38,hot,2017-08-15 14:00:00
position_206,-1470.81,-319.86519999999996,1.5,15,34.4,49.20011509280033,33.6,7.7,37,hot,2017-08-15 15:00:00
position_206,-1470.81,-319.86519999999996,1.5,16,32.1,43.69174136009245,32.6,7.2,40,hot,2017-08-15 16:00:00
position_206,-1470.81,-319.86519999999996,1.5,17,28.5,36.42011312049395,30.0,7.7,58,warm,2017-08-15 17:00:00
position_206,-1470.81,-319.86519999999996,1.5,18,25.9,28.97627212474543,28.8,6.7,64,comfortable,2017-08-15 18:00:00
position_206,-1470.81,-319.86519999999996,1.5,19,23.9,22.911588305942004,26.8,5.1,80,comfortable,2017-08-15 19:00:00
position_206,-1470.81,-319.86519999999996,1.5,20,26.2,21.94166880460655,25.8,2.1,85,warm,2017-08-15 20:00:00
position_206,-1470.81,-319.86519999999996,1.5,21,26.0,21.461083753557514,25.4,2.1,89,warm,2017-08-15 21:00:00
position_206,-1470.81,-319.86519999999996,1.5,22,24.8,21.070812254793932,25.0,2.6,90,comfortable,2017-08-15 22:00:00
position_206,-1470.81,-319.86519999999996,1.5,23,24.8,21.070812254793932,25.0,2.6,90,comfortable,2017-08-15 23:00:00
position_207,-1470.81,-269.86519999999996,1.5,0,23.3,18.67431413873468,23.0,0.5,77,comfortable,2017-08-15 00:00:00
position_207,-1470.81,-269.86519999999996,1.5,1,22.9,18.27811558471195,22.6,0.5,78,comfortable,2017-08-15 01:00:00
position_207,-1470.81,-269.86519999999996,1.5,2,22.4,17.784505469667394,22.2,0.5,78,comfortable,2017-08-15 02:00:00
position_207,-1470.81,-269.86519999999996,1.5,3,18.4,16.838600925929843,21.3,2.6,74,comfortable,2017-08-15 03:00:00
position_207,-1470.81,-269.86519999999996,1.5,4,14.6,15.788682280871475,20.4,4.1,71,comfortable,2017-08-15 04:00:00
position_207,-1470.81,-269.86519999999996,1.5,5,19.9,15.788682280871475,20.4,0.5,71,comfortable,2017-08-15 05:00:00
position_207,-1470.81,-269.86519999999996,1.5,6,20.6,18.57849578087872,20.6,1.0,73,comfortable,2017-08-15 06:00:00
position_207,-1470.81,-269.86519999999996,1.5,7,25.0,27.65341736813461,23.0,1.0,69,comfortable,2017-08-15 07:00:00
position_207,-1470.81,-269.86519999999996,1.5,8,30.0,36.21631905322362,25.8,0.5,69,warm,2017-08-15 08:00:00
position_207,-1470.81,-269.86519999999996,1.5,9,32.0,43.20176890414617,28.0,1.5,55,hot,2017-08-15 09:00:00
position_207,-1470.81,-269.86519999999996,1.5,10,34.6,48.925176472980745,30.0,1.5,47,hot,2017-08-15 10:00:00
position_207,-1470.81,-269.86519999999996,1.5,11,35.7,53.39117693179999,31.6,2.6,41,hot,2017-08-15 11:00:00
position_207,-1470.81,-269.86519999999996,1.5,12,36.1,56.446800571819686,33.4,5.1,37,hot,2017-08-15 12:00:00
position_207,-1470.81,-269.86519999999996,1.5,13,37.4,56.301355041394864,34.4,5.1,41,hot,2017-08-15 13:00:00
position_207,-1470.81,-269.86519999999996,1.5,14,36.0,53.62799956153573,34.0,5.7,38,hot,2017-08-15 14:00:00
position_207,-1470.81,-269.86519999999996,1.5,15,34.5,49.41172686923994,33.6,7.7,37,hot,2017-08-15 15:00:00
position_207,-1470.81,-269.86519999999996,1.5,16,32.2,43.84219814063897,32.6,7.2,40,hot,2017-08-15 16:00:00
position_207,-1470.81,-269.86519999999996,1.5,17,28.5,36.507200397369104,30.0,7.7,58,warm,2017-08-15 17:00:00
position_207,-1470.81,-269.86519999999996,1.5,18,25.9,28.97866321335166,28.8,6.7,64,comfortable,2017-08-15 18:00:00
position_207,-1470.81,-269.86519999999996,1.5,19,23.9,22.858842944692206,26.8,5.1,80,comfortable,2017-08-15 19:00:00
position_207,-1470.81,-269.86519999999996,1.5,20,26.2,21.889331478023212,25.8,2.1,85,warm,2017-08-15 20:00:00
position_207,-1470.81,-269.86519999999996,1.5,21,26.0,21.407653310307694,25.4,2.1,89,warm,2017-08-15 21:00:00
position_207,-1470.81,-269.86519999999996,1.5,22,24.8,21.01751377630312,25.0,2.6,90,comfortable,2017-08-15 22:00:00
position_207,-1470.81,-269.86519999999996,1.5,23,24.8,21.01751377630312,25.0,2.6,90,comfortable,2017-08-15 23:00:00
position_208,-1470.81,-219.86519999999996,1.5,0,23.3,18.917687418904777,23.0,0.5,77,comfortable,2017-08-15 00:00:00
position_208,-1470.81,-219.86519999999996,1.5,1,22.9,18.52127498657314,22.6,0.5,78,comfortable,2017-08-15 01:00:00
position_208,-1470.81,-219.86519999999996,1.5,2,22.5,18.032931597196175,22.2,0.5,78,comfortable,2017-08-15 02:00:00
position_208,-1470.81,-219.86519999999996,1.5,3,18.5,17.08960975126481,21.3,2.6,74,comfortable,2017-08-15 03:00:00
position_208,-1470.81,-219.86519999999996,1.5,4,14.7,16.048125882465445,20.4,4.1,71,comfortable,2017-08-15 04:00:00
position_208,-1470.81,-219.86519999999996,1.5,5,20.0,16.048125882465445,20.4,0.5,71,comfortable,2017-08-15 05:00:00
position_208,-1470.81,-219.86519999999996,1.5,6,20.6,18.692230371985,20.6,1.0,73,comfortable,2017-08-15 06:00:00
position_208,-1470.81,-219.86519999999996,1.5,7,25.0,27.391605141078408,23.0,1.0,69,comfortable,2017-08-15 07:00:00
position_208,-1470.81,-219.86519999999996,1.5,8,29.9,35.63027239690454,25.8,0.5,69,warm,2017-08-15 08:00:00
position_208,-1470.81,-219.86519999999996,1.5,9,31.8,42.346481562150515,28.0,1.5,55,warm,2017-08-15 09:00:00
position_208,-1470.81,-219.86519999999996,1.5,10,34.4,47.86040144683496,30.0,1.5,47,hot,2017-08-15 10:00:00
position_208,-1470.81,-219.86519999999996,1.5,11,35.4,52.165153966020476,31.6,2.6,41,hot,2017-08-15 11:00:00
position_208,-1470.81,-219.86519999999996,1.5,12,35.8,55.150133261135906,33.4,5.1,37,hot,2017-08-15 12:00:00
position_208,-1470.81,-219.86519999999996,1.5,13,37.1,55.06913319553135,34.4,5.1,41,hot,2017-08-15 13:00:00
position_208,-1470.81,-219.86519999999996,1.5,14,35.7,52.52368205220304,34.0,5.7,38,hot,2017-08-15 14:00:00
position_208,-1470.81,-219.86519999999996,1.5,15,34.3,48.522121854742906,33.6,7.7,37,hot,2017-08-15 15:00:00
position_208,-1470.81,-219.86519999999996,1.5,16,32.0,43.20968558065174,32.6,7.2,40,hot,2017-08-15 16:00:00
position_208,-1470.81,-219.86519999999996,1.5,17,28.5,36.14108996858993,30.0,7.7,58,warm,2017-08-15 17:00:00
position_208,-1470.81,-219.86519999999996,1.5,18,25.9,28.968611199942988,28.8,6.7,64,comfortable,2017-08-15 18:00:00
position_208,-1470.81,-219.86519999999996,1.5,19,24.0,23.08058172808486,26.8,5.1,80,comfortable,2017-08-15 19:00:00
position_208,-1470.81,-219.86519999999996,1.5,20,26.2,22.10935490468347,25.8,2.1,85,warm,2017-08-15 20:00:00
position_208,-1470.81,-219.86519999999996,1.5,21,26.0,21.632272143160808,25.4,2.1,89,warm,2017-08-15 21:00:00
position_208,-1470.81,-219.86519999999996,1.5,22,24.9,21.241577836102834,25.0,2.6,90,comfortable,2017-08-15 22:00:00
position_208,-1470.81,-219.86519999999996,1.5,23,24.9,21.241577836102834,25.0,2.6,90,comfortable,2017-08-15 23:00:00
position_209,-1470.81,-169.86519999999996,1.5,0,23.2,18.608941508154167,23.0,0.5,77,comfortable,2017-08-15 00:00:00
position_209,-1470.81,-169.86519999999996,1.5,1,22.9,18.21280040410158,22.6,0.5,78,comfortable,2017-08-15 01:00:00
position_209,-1470.81,-169.86519999999996,1.5,2,22.4,17.717775590980068,22.2,0.5,78,comfortable,2017-08-15 02:00:00
position_209,-1470.81,-169.86519999999996,1.5,3,18.4,16.77117730736497,21.3,2.6,74,comfortable,2017-08-15 03:00:00
position_209,-1470.81,-169.86519999999996,1.5,4,14.6,15.718992992418666,20.4,4.1,71,comfortable,2017-08-15 04:00:00
position_209,-1470.81,-169.86519999999996,1.5,5,19.9,15.718992992418666,20.4,0.5,71,comfortable,2017-08-15 05:00:00
position_209,-1470.81,-169.86519999999996,1.5,6,20.6,18.547945469836275,20.6,1.0,73,comfortable,2017-08-15 06:00:00
position_209,-1470.81,-169.86519999999996,1.5,7,25.1,27.723742894374983,23.0,1.0,69,comfortable,2017-08-15 07:00:00
position_209,-1470.81,-169.86519999999996,1.5,8,30.1,36.37373736775559,25.8,0.5,69,warm,2017-08-15 08:00:00
position_209,-1470.81,-169.86519999999996,1.5,9,32.1,43.43150810727229,28.0,1.5,55,hot,2017-08-15 09:00:00
position_209,-1470.81,-169.86519999999996,1.5,10,34.7,49.21118627811192,30.0,1.5,47,hot,2017-08-15 10:00:00
position_209,-1470.81,-169.86519999999996,1.5,11,35.8,53.72049963464195,31.6,2.6,41,hot,2017-08-15 11:00:00
position_209,-1470.81,-169.86519999999996,1.5,12,36.1,56.79509909098297,33.4,5.1,37,hot,2017-08-15 12:00:00
position_209,-1470.81,-169.86519999999996,1.5,13,37.4,56.632342828824015,34.4,5.1,41,hot,2017-08-15 13:00:00
position_209,-1470.81,-169.86519999999996,1.5,14,36.0,53.92463089481415,34.0,5.7,38,hot,2017-08-15 14:00:00
position_209,-1470.81,-169.86519999999996,1.5,15,34.5,49.65068416124275,33.6,7.7,37,hot,2017-08-15 15:00:00
position_209,-1470.81,-169.86519999999996,1.5,16,32.2,44.01209768709977,32.6,7.2,40,hot,2017-08-15 16:00:00
position_209,-1470.81,-169.86519999999996,1.5,17,28.6,36.60554152091203,30.0,7.7,58,warm,2017-08-15 17:00:00
position_209,-1470.81,-169.86519999999996,1.5,18,25.9,28.981363290199436,28.8,6.7,64,comfortable,2017-08-15 18:00:00
position_209,-1470.81,-169.86519999999996,1.5,19,23.9,22.799281568184607,26.8,5.1,80,comfortable,2017-08-15 19:00:00
position_209,-1470.81,-169.86519999999996,1.5,20,26.1,21.83023086443052,25.8,2.1,85,warm,2017-08-15 20:00:00
position_209,-1470.81,-169.86519999999996,1.5,21,25.9,21.34731832213122,25.4,2.1,89,comfortable,2017-08-15 21:00:00
position_209,-1470.81,-169.86519999999996,1.5,22,24.8,20.957327806021507,25.0,2.6,90,comfortable,2017-08-15 22:00:00
position_209,-1470.81,-169.86519999999996,1.5,23,24.8,20.957327806021507,25.0,2.6,90,comfortable,2017-08-15 23:00:00
